Workbook
Name SUBJECTS: '[1]INPUT DATA'!$A$1002:$A$1005

Sheet Instructions
D2: High School Class Record Template Instructions
D4: Data Input Tab
D6: 1. This tab contains three sections: Class Information, Subject Components, and Learner Information.
D8: 2. Complete the Class Information section and encode the corresponding weights for each assessment component under Subject Components.
D10: 3. Enter the learners' details in the Learner Information section.
D12: Assessment Input Tabs (Term 1, Term 2, and Term 3 Sheets)
D14: 1. These tabs are used to enter assessment scores for the applicable term(s). Depending on the subject offering, they may be used for Term 1 only, Terms 1 and 2, Term 3 only, or all three terms.
D16: 2. To enter scores for Written/Oral Works, Product/Performance Tasks, and Examinations, refer to the labels in the image below.
F18: STUDENT NAME | J18: 1 | K18: 2 | L18: 3
J19: 20 | K19: 20 | L19: 20 | N19: A
J20: 46201 | K20: 46202 | L20: 46203 | N20: B
J21: REC1 | K21: A1 | L21: Q1 | N21: C
F23: Santos, John Michael Reyes | J23: 18 | K23: 17 | L23: 4
F24: Cruz, Maria Angela Dela Peña | J24: 16 | K24: 12 | L24: 5
F25: Reyes, Joshua Miguel Ramos | J25: 14 | K25: 10 | L25: 10
F26: Garcia, Nicole Anne Villanueva | J26: 20 | K26: 8 | L26: 10
F28: A. Input the Highest Possible Score (HPS).
F29: B. Input the date.
F30: C. Personal Remarks – Any remarks may be entered here. Sample tags include:
F31: • A1 – Activity 1
F32: • REC1 – Recitation 1
F33: • Q1 – Quiz 1
F34: • 1L1 – 01 LMS Activity 1
F35: Other tags may be used as needed.
D37: 3. If an entered score exceeds the highest possible score, an error message will appear, as shown in the image below. Correct the score to ensure the accurate computation of grades for the corresponding assessment component.
F39: WRITTEN/ORAL WORKS
F40: 1 | G40: 2 | H40: 3 | I40: 4 | J40: 5 | K40: Total | L40: PS | M40: WS
F41: 20 | G41: 20 | H41: 20 | K41: 60 | L41: 100 | M41: 0.25
F42: 46201 | G42: 46202 | H42: 46203
F43: REC1 | G43: A1 | H43: Q1
F45: 18 | G45: 17 | H45: 4 | K45: 39 | L45: 65 | M45: 16.25
F46: 16 | G46: 12 | H46: 5 | K46: 33 | L46: 55 | M46: 13.75
F47: 14 | G47: 10 | H47: 10 | K47: 34 | L47: 56.666667 | M47: 14.166667
F48: 20 | G48: 8 | H48: 21 | K48: Error | L48: Error | M48: Error
D50: 4. The Status column beside the transmuted grade indicates whether the learner is At-Risk, Passed, or Failed, together with the corresponding qualitative descriptor [A, B, C, D, or E].
F52: Initial Grade | H52: Trasmuted Grade | J52: Status & Description
F54: 88 | H54: 90 | J54: Passed [A]
F55: 87 | H55: 89 | J55: Passed [B]
F56: 75.8 | H56: 79 | J56: Passed [C]
F57: 69 | H57: 74 | J57: Failed [D]
F58: 0 | H58: 60 | J58: Failed [E]
J59: At-Risk
D61: To understand the meaning of each qualitative descriptor and its corresponding instructional response, please refer to the Descriptors Guide sheet.
D63: 5. Learners are tagged as “At-Risk” or “Failed” according to the following stages:
F64: Stage 1: On or Before ST1 Learners whose overall performance in graded assessments is below 70% will be tagged as “At-Risk.”
F65: Stage 2: After ST2 Learners whose transmuted grade is below 75 will be tagged as “At-Risk.”
F66: Stage 3: After the Term Exam Learners whose transmuted grade is below 75 will be tagged as “Failed.” A Removal Exam will be administered to learners who receive a failing grade. Learners who pass the Removal Exam will be given a final grade of 75.
D67: For proper At-Risk tagging, please make sure that no cell is left blank when encoding a graded assessment. Enter zero (0) for learners who did not complete or receive an assessment. Blank cells will be highlighted in gray, as shown below.
F69: STUDENT NAME | I69: 1 | J69: 2 | K69: 3 | L69: 4 | M69: 5
I70: 30 | J70: 30 | K70: 30 | L70: 30 | M70: 30
I71: 46237 | J71: 46238 | K71: 46239 | L71: 46240 | M71: 46241
I72: Q1 | J72: Q2 | K72: Q3 | L72: Q4 | M72: Q5
F73: Abad, Juan Miguel Santos | I73: 21 | J73: 26 | K73: 22
F74: Agbayani, Maria Cristina Reyes | I74: 25 | K74: 15 | L74: 29 | M74: 19
F75: Aguilar, Paolo Andres Cruz | I75: 19 | J75: 26 | K75: 16 | L75: 28 | M75: 16
F76: Alonzo, Sofia Beatriz Garcia | J76: 27 | K76: 27 | M76: 28
F77: Aquino, Daniel Joseph Ramos | I77: 19 | J77: 20 | K77: 21 | L77: 20 | M77: 18
D79: Teachers are encouraged to provide timely interventions for at-risk learners throughout the grading period to help improve their academic performance.
F81: WRITTEN/ORAL WORKS | H81: PRODUCT/ PERFORMANCE TASKS | J81: Initial Grade | L81: Transmuted Grade | N81: Status & Description
F82: 1 | G82: WS | H82: 1 | I82: WS
F83: 20 | G83: 0.25 | H83: 20 | I83: 0.5
F84: 46023 | H84: 46043
F85: Q1 | H85: REC1
F87: 10 | G87: 12.5 | H87: 10 | I87: 25 | N87: At-Risk
D89: Intervention Tab
D91: 1. This tab shows where interventions can be recorded. It consistently displays the status of each learner per term, particularly those tagged as “At-Risk” in the Assessment Input Tabs.
D93: 2. To record an intervention assessment for a written work or performance task, encode the highest possible score in Row 4, then enter the learner's corresponding score.
D95: Grading Summary Tab
D97: 1. This tab displays the computed grades for each applicable term, the Final Grade, and the corresponding learner status.
D99: 2. To ensure the Final Grade is computed correctly, enter grades only for the applicable term(s). For example, if a subject is offered only in Term 1, leave Term 2 and Term 3 sheets blank. This ensures the Final Grade is calculated accurately.
D101: 3. Similar to the Assessment Input Tabs, the Status column displays the learner's pass/fail result and corresponding qualitative descriptor.
F103: TERM 1 | H103: TERM 2 | J103: TERM 3 | L103: FINAL GRADE | N103: REMARK & DESCRIPTOR
F104: 90 | H104: 90 | J104: 90 | L104: 90 | N104: Passed [Advancing]
F105: 89 | H105: 89 | J105: 89 | L105: 89 | N105: Passed [Benchmarking]
F106: 79 | H106: 79 | J106: 79 | L106: 79 | N106: Passed [Connecting]
F107: 74 | H107: 74 | J107: 74 | L107: 74 | N107: Failed [Developing]
F108: 60 | H108: 60 | J108: 60 | L108: 60 | N108: Failed [Emerging]
D110: 4. This tab can be printed if needed. Before printing, verify that all grades have been entered correctly.
D112: Individual Assessment Record Tab
D114: 1. To assist teachers during grade consultations, the Individual Assessment Record (IAR) tab is provided. It displays a learner's performance for each term, including the final subject grade and attendance summary.
D116: 2. Click the learner's name and term fields to display the dropdown menus. Then, select the appropriate learner name and term to view the learner's records. Refer to the image below to identify the dropdown icon.
H118: Santos, John Michael A.
H119: Student Name
H120: Term 1
H121: Term | M121: Dropdown Icon
D123: 3. This tab can also be printed if needed.
D125: Attendance Tab
D127: 1. This tab is used to record learner attendance. Dropdown menus are provided in the designated cells to help teachers select the appropriate attendance status.
D129: 2. To record attendance, enter the date in the row highlighted in yellow. Sample attendance entries are shown below.
F131: 1 | G131: 2 | H131: 3 | I131: 4 | J131: 5 | K131: 6 | L131: 7 | M131: 8
F132: Tue | G132: Fri | H132: Sat | I132: Sun | J132: Mon | K132: Tue | L132: Wed | M132: Thu
F133: 46203 | G133: 46204 | H133: 46205 | I133: 46206 | J133: 46207 | K133: 46208 | L133: 46209 | M133: 46210
F135: P | G135: P | H135: P | I135: P | J135: P | K135: P | L135: P | M135: P
F136: P | G136: P | H136: P | I136: L | J136: P | K136: P | L136: P | M136: P
F137: P | G137: A | H137: P | I137: P | J137: P | K137: P | L137: P | M137: P
F138: P | G138: P | H138: P | I138: P | J138: P | K138: P | L138: P | M138: P
F139: P | G139: P | H139: P | I139: L | J139: P | K139: P | L139: P | M139: P
F140: P | G140: P | H140: P | I140: P | J140: P | K140: P | L140: E | M140: P
D142: 3. The attendance tags are defined as follows.
H144: Tagging | J144: Attendance Status
...

Sheet Descriptors Guide
C2: Qualitative Descriptors
D4: Numerical Grade | E4: Descriptor | F4: General Description | G4: Instructional Response
D6: 90 - 100 | E6: Advancing [A] (Namumukod-tangi) | F6: Consistently demonstrates skills and understanding that meet or exceed standards with independence, flexibility, and depth. | G6: Provide enrichment opportunities; encourage leadership, transfer, or peer mentoring.
D7: 80 - 89 | E7: Benchmarking [B] (Napamamalas) | F7: Demonstrates expected grade-level skills and understanding competently and idependently. | G7: Encourage deeper application, transfer of learning, and increased independence.
D8: 75 - 79 | E8: Connecting [C] (Natutungo) | F8: Demonstrates sufficient understanding and application of grade-level standards with occasional guidance and support. | G8: Provide guided practice to strengthen consistency, accuracy, and confidence.
D9: 65 - 74 | E9: Developing [D] (Napauunlad) | F9: Demonstrates partial understanding and inconsistent application of skills, requires targeted support and scaffolding. | G9: Provide targeted remediation, scaffolded instruction, and additional opportunities for practice.
D10: 0 - 64 | E10: Emerging [E] (Nagsisimula) | F10: Does not yet demonstrate foundational skills and understanding; requires intensive support. | G10: Implement structured and sustained intervention programs.

Sheet Data Input
C2: Data Input for High School Class Record
D4: CLASS INFORMATION | L4: LEARNER INFORMATION
D6: Campus | F6: : | G6: Naga | M6: STUDENT NO. | N6: STUDENT NAME
D7: Department | F7: : | G7: Senior High School (SHS) | L7: 1 | M7: 2000498439 | N7: ABENDANTE, CARL YUAN
D8: School Year | F8: : | G8: 2026 - 2027 | L8: 2 | M8: 2000483599 | N8: ACALA, AJI RHEYACELLE
L9: 3 | M9: 2000480423 | N9: BAER, SHANIA PEARL
D10: Instructor | F10: : | G10: John Marq E. Ramos | L10: 4 | M10: 2000487858 | N10: BAGAPORO, RYEANNA MHERYL
D11: Grade Level | F11: : | G11: 11 | L11: 5 | M11: 2000497598 | N11: BELARMINO, EASEAN
D12: Subject | F12: : | G12: General Mathematics | L12: 6 | M12: 2000504370 | N12: BORJA, GREEDY
L13: 7 | M13: 2000480420 | N13: CABALQUINTO, JUVY
D14: Code | F14: : | L14: 8 | M14: 2000487004 | N14: CONLU, MARC JEFFREY
L15: 9 | M15: 2000488434 | N15: DE LUNA, FELICITY RYNE
D16: Section | F16: : | G16: BE/ICT | L16: 10 | M16: 2000485973 | N16: DELOS REYES, GAVIN ZUE
D17: Room | F17: : | G17: 201 | L17: 11 | M17: 2000486374 | N17: DIANELA, MARY DIANE
D18: Schedule (Day) | F18: : | G18: Mon & Fri | L18: 12 | M18: 2000486376 | N18: DIKIT, JON JUIN
D19: Time | F19: : | G19: 09:00 to 10:30 AM | L19: 13 | M19: 2000490030 | N19: ESTOR, PHOEB REMEDIOS
L20: 14 | M20: 2000498660 | N20: ESTORIA, JOHN KYLE TIMOTHY
L21: 15 | M21: 2000485981 | N21: GARCIA, ARIORIE VEN AMHER
D22: SUBJECT COMPONENTS | L22: 16 | M22: 2000499229 | N22: GAVINO, REISHA LORRIANE
L23: 17 | M23: 2000481947 | N23: JACOBO, EZRA
L24: 18 | M24: 2000488472 | N24: JANI, JOSEPH LOUIE
D25: Written/Oral Works | H25: 0.2 | L25: 19 | M25: 2000494958 | N25: LEDESMA, CARL AUSTIN
D26: Product/Performance Tasks | H26: 0.5 | L26: 20 | M26: 2000498659 | N26: LLAMADO, JOHN JEROME
D27: Term Examination | H27: 0.3 | L27: 21 | M27: 2000496341 | N27: MAQUITE, JOHN MICHAEL
D28: Total | H28: =IF(COUNTA($H$25:$H$27)=0,"",IF(COUNT($H$25:$H$27)<>COUNTA($H$25:$H$27),"Error",SUM($H$25:$H$27))) -> 1 | L28: 22 | M28: 2000494490 | N28: MELGAR, NIZA JADE
L29: 23 | M29: 2000492883 | N29: MORADA, CARL ELY
L30: 24 | M30: 2000493062 | N30: OLORES, FRECIOUS NATALIE
L31: 25 | M31: 2000499699 | N31: ORTINERO, CHRISTEL ACE
L32: 26 | M32: 2000481841 | N32: PASCUA, JHON GAVRIEL
L33: 27 | M33: 2000492838 | N33: PASTOR, JAYDHEN
L34: 28 | M34: 2000485198 | N34: PLACENTE, RHIAN
L35: 29
L36: 30
L37: 31
L38: 32
L39: 33
L40: 34
L41: 35
L42: 36
L43: 37
L44: 38
L45: 39
L46: 40
... L66: 60

Sheet Term 1
B2: =IF('Data Input'!$G$6="","",'Data Input'!$G$6) -> Naga | D2: =IF('Data Input'!$G$7="","",('Data Input'!$G$7)) -> Senior High School (SHS) | E2: =IF('Data Input'!$G$12="","",PROPER('Data Input'!$G$12)) -> General Mathematics | Y2: =IF('Data Input'!$G$14="","",UPPER('Data Input'!$G$14)) | AB2: =IF('Data Input'!$G$8="","",'Data Input'!$G$8) -> 2026 - 2027 | AE2: =IF(OR('Data Input'!$G$11="",'Data Input'!$G$16=""),"",UPPER('Data Input'!$G$11&" - "&'Data Input'!$G$16)) -> 11 - BE/ICT | AI2: =IF('Data Input'!$G$10="","",PROPER('Data Input'!$G$10)) -> John Marq E. Ramos | AR2: =IF('Data Input'!$G$17="","",'Data Input'!$G$17) -> 201 | AT2: =IF('Data Input'!$G$18="","",PROPER('Data Input'!$G$18)) -> Mon & Fri | AX2: =IF('Data Input'!$G$19="","",'Data Input'!$G$19) -> 09:00 to 10:30 AM | BB2: REMOVAL EXAM | BE2: SUMMARY
B3: Campus | D3: Department | E3: Subject | Y3: Code | AB3: School Year | AE3: Grade Level and Section | AI3: Instructor | AR3: Room | AT3: Schedule (Day) | AX3: Time
B4: TERM 1 | E4: WRITTEN/ORAL WORKS | AB4: PRODUCT/PERFORMANCE TASKS | AT4: EXAMINATION | BE4: Initial Grade | BF4: Transmuted Grade | BG4: Status & Description
B5: STUDENT NO. | D5: STUDENT NAME | E5: 1 | F5: 2 | G5: 3 | H5: 4 | I5: 5 | J5: 6 | K5: 7 | L5: 8 | M5: 9 | N5: 10 | O5: 11 | P5: 12 | Q5: 13 | R5: 14 | S5: 15 | T5: 16 | U5: 17 | V5: 18 | W5: 19 | X5: 20 | Y5: Total | Z5: PS | AA5: WS | AB5: 1 | AC5: 2 | AD5: 3 | AE5: 4 | AF5: 5 | AG5: 6 | AH5: 7 | AI5: 8 | AJ5: 9 | AK5: 10 | AL5: 11 | AM5: 12 | AN5: 13 | AO5: 14 | AP5: 15 | AQ5: Total | AR5: PS | AS5: WS | AT5: ST1 | AU5: ST2 | AV5: TE | AW5: WS ST1 | AX5: WS ST2 | AY5: WS TE | AZ5: PS (ST & TE) | BA5: WS (ST & TE) | BB5: RE | BC5: PS | BD5: Exam Remarks
E6: 20 | F6: 20 | G6: 10 | H6: 20 | Y6: =IF(COUNT($E6:$X6)=0,"",SUM($E6:$X6)) -> 70 | Z6: 100 | AA6: =IF(OR('Data Input'!$H$25="",'Data Input'!$H$25=0%),"--", IF('Data Input'!$H$28<>100%,"Error",'Data Input'!$H$25)) -> 0.2 | AB6: 50 | AC6: 100 | AQ6: =IF(COUNT($AB6:$AP6)=0,"",SUM($AB6:$AP6)) -> 150 | AR6: 100 | AS6: =IF(OR('Data Input'!$H$26="",'Data Input'!$H$26=0%),"--", IF('Data Input'!$H$28<>100%,"Error",'Data Input'!$H$26)) -> 0.5 | AT6: 45 | AU6: 45 | AV6: 100 | BB6: 100 | BC6: 100
AB7: 46242 | AC7: 46243 | AW7: 0.3 | AX7: 0.3 | AY7: 0.4 | AZ7: 100 | BA7: =IF(OR('Data Input'!$H$27="",'Data Input'!$H$27=0%),"--", IF('Data Input'!$H$28<>100%,"Error",'Data Input'!$H$27)) -> 0.3
E8: Q1 | F8: Q2 | G8: Q3 | H8: Q4 | AB8: PT1 | AC8: REC1 | AT8: 46247 | AU8: 46248 | AV8: 46249 | BB8: 46250
B9: 1 | C9: =IF('Data Input'!M7="","",'Data Input'!M7) -> 2000498439 | D9: =IF(ISBLANK('Data Input'!N7),"",PROPER('Data Input'!N7)) -> Abendante, Carl Yuan | E9: 9 | F9: 13 | G9: 6 | H9: 20 | Y9: {=_xlfn.LET( _xlpm.score,E9:X9, _xlpm.limit,$E$6:$X$6, IF(OR(D9="",COUNTA(_xlpm.score)=0),"", IF(COUNTA(_xlpm.score,_xlpm.limit)=0,"", IF( OR( SUM((_xlpm.limit="")*(_xlpm.score<>""))>0, SUM(ISTEXT(_xlpm.limit)*1)>0, SUM(ISTEXT(_xlpm.score)*1)>0, SUM(ISLOGICAL(_xlpm.limit)*1)>0, SUM(ISLOGICAL(_xlpm.score)*1)>0, SUM(ISERROR(_xlpm.limit)*1)>0, SUM(ISERROR(_xlpm.score)*1)>0 ), "Error", IF( SUM((ISNUMBER(_xlpm.limit)*ISNUMBER(_xlpm.score)*(_xlpm.score>_xlpm.limit))*1)>0, "Error", IF(SUM(_xlpm.score)>$Y$6, "Error", SUM(_xlpm.score) ))))))} -> 48 | Z9: =IF(D9="","",IF(Y9="Error","Error",IFERROR((Y9/$Y$6*$Z$6),""))) -> 68.571429 | AA9: =IFERROR(IF(D9="","",IF(Z9="Error","Error",(Z9*$AA$6))),"") -> 13.714286 | AB9: 45 | AC9: 90 | AQ9: {=_xlfn.LET( _xlpm.score,AB9:AP9, _xlpm.limit,$AB$6:$AP$6, IF(OR(D9="",COUNTA(_xlpm.score)=0),"", IF(COUNTA(_xlpm.score,_xlpm.limit)=0,"", IF( OR( SUM((_xlpm.limit="")*(_xlpm.score<>""))>0, SUM(ISTEXT(_xlpm.limit)*1)>0, SUM(ISTEXT(_xlpm.score)*1)>0, SUM(ISLOGICAL(_xlpm.limit)*1)>0, SUM(ISLOGICAL(_xlpm.score)*1)>0, SUM(ISERROR(_xlpm.limit)*1)>0, SUM(ISERROR(_xlpm.score)*1)>0 ), "Error", IF( SUM((ISNUMBER(_xlpm.limit)*ISNUMBER(_xlpm.score)*(_xlpm.score>_xlpm.limit))*1)>0, "Error", IF(SUM(_xlpm.score)>$AQ$6, "Error", SUM(_xlpm.score) ))))))} -> 135 | AR9: =IF(D9="","",IF(AQ9="Error","Error",IFERROR((AQ9/$AQ$6*$AR$6),""))) -> 90 | AS9: =IFERROR(IF(D9="","",IF(AR9="Error","Error",(AR9*$AS$6))),"") -> 45 | AT9: 39 | AU9: 32 | AV9: 79 | AW9: =IF(OR(D9="",AT9=""),"", IF($AT$6=0,"Error", IF(OR(AND($AT$6="",AT9<>""), ISTEXT($AT$6), ISTEXT(AT9), ISLOGICAL($AT$6), ISLOGICAL(AT9), ISERROR($AT$6), ISERROR(AT9)),"Error", IF(AT9>$AT$6,"Error", IF($AT$6=0,"",AT9/$AT$6*$AZ$7*$AW$7))))) -> 26 | AX9: =IF(OR(D9="",AU9=""),"", IF($AU$6=0,"Error", IF(OR(AND($AU$6="",AU9<>""), ISTEXT($AU$6), ISTEXT(AU9), ISLOGICAL($AU$6), ISLOGICAL(AU9), ISERROR($AU$6), ISERROR(AU9)),"Error", IF(AU9>$AU$6,"Error", IF($AU$6=0,"",AU9/$AU$6*$AZ$7*$AX$7))))) -> 21.333333 | AY9: =IF(OR(D9="",AV9=""),"", IF($AV$6=0,"Error", IF(OR(AND($AV$6="",AV9<>""), ISTEXT($AV$6), ISTEXT(AV9), ISLOGICAL($AV$6), ISLOGICAL(AV9), ISERROR($AV$6), ISERROR(AV9)),"Error", IF(AV9>$AV$6,"Error", IF($AV$6=0,"",AV9/$AV$6*$AZ$7*$AY$7))))) -> 31.6 | AZ9: =IF(D9="","",IF(COUNTIF(AW9:AY9,"Error")>0,"Error",IFERROR(IF(COUNT(AW9:AY9)=0,"",SUM(AW9:AY9)),""))) -> 78.933333 | BA9: =IFERROR(IF(D9="","",IF(AZ9="Error","Error",(AZ9*$BA$7))),"") -> 23.68 | BC9: =IF(OR(D9="",BB9=""),"",IF(BB9="Error","Error",IFERROR((BB9/$BB$6*$BC$6),""))) | BD9: =IF(AND(AY9="",BB9<>""),"Error",IF(BB9="","",IF(BB9>$BB$6,"Error",IF(BC9>=75,"Passed","Failed")))) | BE9: =_xlfn.LET( _xlpm.total,ROUND((N(AA9)+N(AS9)+N(BA9)),2), IF(OR(AA9="Error",AS9="Error",BA9="Error",BD9="Error"),"Error", IF(AND(AA9="",AS9="",BA9=""),"", IF(_xlpm.total>=70,_xlpm.total,IF(BD9="Passed",70,_xlpm.total))))) -> 82.39 | BF9: =IF(OR(AA9="Error",AS9="Error",BA9="Error",BD9="Error"),"Error", IF(D9="","", IF(AND(N($AA$6)+N($AS$6)+N($BA$7)=100%, OR(N($AA$6)=0,AA9<>""),OR(N($AS$6)=0,AS9<>""),OR(N($BA$7)=0,BA9<>""),BE9<>""), _xlfn.XLOOKUP(BE9,'Helper 1'!$B$3:$B$43,'Helper 1'!$D$3:$D$43,,-1),""))) -> 85 | BG9: {=_xlfn.LET( _xlpm.wWorks,$AA$6,_xlpm.pTask,$AS$6,_xlpm.examination,$BA$7, _xlpm.initialgrade,BE9,_xlpm.transmutedgrade,BF9,_xlpm.termExam,AY9, _xlpm.wWorkScore,AA9,_xlpm.pTaskScore,AS9,_xlpm.st1Score,AW9,_xlpm.st2Score,AX9,_xlpm.examScore,BA9,_xlpm.re,BD9, _xlpm.benchmark, _xlpm.wWorks*70*(_xlpm.wWorkScore<>"")+ _xlpm.pTask*70*(_xlpm.pTaskScore<>"")+ IF(_xlpm.wWorks+_xlpm.pTask<>100%, _xlpm.examination*21*((_xlpm.st1Score<>"")+(_xlpm.st2Score<>"")),0), _xlpm.remarks, _xlfn.IFS( N(_xlpm.transmutedgrade)>=90,"Passed [A]", N(_xlpm.transmutedgrade)>=80,"Passed [B]", N(_xlpm.transmutedgrade)>=75,"Passed [C]", N(_xlpm.transmutedgrade)>=65,"Failed [D]",TRUE,"Failed [E]"), IFERROR( IF(OR(_xlpm.wWorkScore="Error",_xlpm.pTaskScore="Error",_xlpm.examScore="Error",_xlpm.re="Error"),"Error", IF(_xlpm.transmutedgrade<>"", IF(_xlpm.wWorks+_xlpm.pTask=100%,_xlpm.remarks, IF(_xlpm.termExam="",IF(_xlpm.st2Score="", IF(_xlpm.initialgrade>=_xlpm.benchmark,"","At-Risk"), IF(N(_xlpm.transmutedgrade)<75,"At-Risk","")),_xlpm.remarks)), IF(_xlpm.initialgrade>=_xlpm.benchmark,"","At-Risk"))),""))} -> Passed [B]
B10: 2 | C10: =IF('Data Input'!M8="","",'Data Input'!M8) -> 2000483599 | D10: =IF(ISBLANK('Data Input'!N8),"",PROPER('Data Input'!N8)) -> Acala, Aji Rheyacelle | E10: 3 | F10: 9 | G10: 4 | H10: 20 | Y10: {=_xlfn.LET( _xlpm.score,E10:X10, _xlpm.limit,$E$6:$X$6, IF(OR(D10="",COUNTA(_xlpm.score)=0),"", IF(COUNTA(_xlpm.score,_xlpm.limit)=0,"", IF( OR( SUM((_xlpm.limit="")*(_xlpm.score<>""))>0, SUM(ISTEXT(_xlpm.limit)*1)>0, SUM(ISTEXT(_xlpm.score)*1)>0, SUM(ISLOGICAL(_xlpm.limit)*1)>0, SUM(ISLOGICAL(_xlpm.score)*1)>0, SUM(ISERROR(_xlpm.limit)*1)>0, SUM(ISERROR(_xlpm.score)*1)>0 ), "Error", IF( SUM((ISNUMBER(_xlpm.limit)*ISNUMBER(_xlpm.score)*(_xlpm.score>_xlpm.limit))*1)>0, "Error", IF(SUM(_xlpm.score)>$Y$6, "Error", SUM(_xlpm.score) ))))))} -> 36 | Z10: =IF(D10="","",IF(Y10="Error","Error",IFERROR((Y10/$Y$6*$Z$6),""))) -> 51.428571 | AA10: =IFERROR(IF(D10="","",IF(Z10="Error","Error",(Z10*$AA$6))),"") -> 10.285714 | AB10: 50 | AC10: 88 | AQ10: {=_xlfn.LET( _xlpm.score,AB10:AP10, _xlpm.limit,$AB$6:$AP$6, IF(OR(D10="",COUNTA(_xlpm.score)=0),"", IF(COUNTA(_xlpm.score,_xlpm.limit)=0,"", IF( OR( SUM((_xlpm.limit="")*(_xlpm.score<>""))>0, SUM(ISTEXT(_xlpm.limit)*1)>0, SUM(ISTEXT(_xlpm.score)*1)>0, SUM(ISLOGICAL(_xlpm.limit)*1)>0, SUM(ISLOGICAL(_xlpm.score)*1)>0, SUM(ISERROR(_xlpm.limit)*1)>0, SUM(ISERROR(_xlpm.score)*1)>0 ), "Error", IF( SUM((ISNUMBER(_xlpm.limit)*ISNUMBER(_xlpm.score)*(_xlpm.score>_xlpm.limit))*1)>0, "Error", IF(SUM(_xlpm.score)>$AQ$6, "Error", SUM(_xlpm.score) ))))))} -> 138 | AR10: =IF(D10="","",IF(AQ10="Error","Error",IFERROR((AQ10/$AQ$6*$AR$6),""))) -> 92 | AS10: =IFERROR(IF(D10="","",IF(AR10="Error","Error",(AR10*$AS$6))),"") -> 46 | AT10: 35 | AU10: 38 | AV10: 65 | AW10: =IF(OR(D10="",AT10=""),"", IF($AT$6=0,"Error", IF(OR(AND($AT$6="",AT10<>""), ISTEXT($AT$6), ISTEXT(AT10), ISLOGICAL($AT$6), ISLOGICAL(AT10), ISERROR($AT$6), ISERROR(AT10)),"Error", IF(AT10>$AT$6,"Error", IF($AT$6=0,"",AT10/$AT$6*$AZ$7*$AW$7))))) -> 23.333333 | AX10: =IF(OR(D10="",AU10=""),"", IF($AU$6=0,"Error", IF(OR(AND($AU$6="",AU10<>""), ISTEXT($AU$6), ISTEXT(AU10), ISLOGICAL($AU$6), ISLOGICAL(AU10), ISERROR($AU$6), ISERROR(AU10)),"Error", IF(AU10>$AU$6,"Error", IF($AU$6=0,"",AU10/$AU$6*$AZ$7*$AX$7))))) -> 25.333333 | AY10: =IF(OR(D10="",AV10=""),"", IF($AV$6=0,"Error", IF(OR(AND($AV$6="",AV10<>""), ISTEXT($AV$6), ISTEXT(AV10), ISLOGICAL($AV$6), ISLOGICAL(AV10), ISERROR($AV$6), ISERROR(AV10)),"Error", IF(AV10>$AV$6,"Error", IF($AV$6=0,"",AV10/$AV$6*$AZ$7*$AY$7))))) -> 26 | AZ10: =IF(D10="","",IF(COUNTIF(AW10:AY10,"Error")>0,"Error",IFERROR(IF(COUNT(AW10:AY10)=0,"",SUM(AW10:AY10)),""))) -> 74.666667 | BA10: =IFERROR(IF(D10="","",IF(AZ10="Error","Error",(AZ10*$BA$7))),"") -> 22.4 | BC10: =IF(OR(D10="",BB10=""),"",IF(BB10="Error","Error",IFERROR((BB10/$BB$6*$BC$6),""))) | BD10: =IF(AND(AY10="",BB10<>""),"Error",IF(BB10="","",IF(BB10>$BB$6,"Error",IF(BC10>=75,"Passed","Failed")))) | BE10: =_xlfn.LET( _xlpm.total,ROUND((N(AA10)+N(AS10)+N(BA10)),2), IF(OR(AA10="Error",AS10="Error",BA10="Error",BD10="Error"),"Error", IF(AND(AA10="",AS10="",BA10=""),"", IF(_xlpm.total>=70,_xlpm.total,IF(BD10="Passed",70,_xlpm.total))))) -> 78.69 | BF10: =IF(OR(AA10="Error",AS10="Error",BA10="Error",BD10="Error"),"Error", IF(D10="","", IF(AND(N($AA$6)+N($AS$6)+N($BA$7)=100%, OR(N($AA$6)=0,AA10<>""),OR(N($AS$6)=0,AS10<>""),OR(N($BA$7)=0,BA10<>""),BE10<>""), _xlfn.XLOOKUP(BE10,'Helper 1'!$B$3:$B$43,'Helper 1'!$D$3:$D$43,,-1),""))) -> 82 | BG10: {=_xlfn.LET( _xlpm.wWorks,$AA$6,_xlpm.pTask,$AS$6,_xlpm.examination,$BA$7, _xlpm.initialgrade,BE10,_xlpm.transmutedgrade,BF10,_xlpm.termExam,AY10, _xlpm.wWorkScore,AA10,_xlpm.pTaskScore,AS10,_xlpm.st1Score,AW10,_xlpm.st2Score,AX10,_xlpm.examScore,BA10,_xlpm.re,BD10, _xlpm.benchmark, _xlpm.wWorks*70*(_xlpm.wWorkScore<>"")+ _xlpm.pTask*70*(_xlpm.pTaskScore<>"")+ IF(_xlpm.wWorks+_xlpm.pTask<>100%, _xlpm.examination*21*((_xlpm.st1Score<>"")+(_xlpm.st2Score<>"")),0), _xlpm.remarks, _xlfn.IFS( N(_xlpm.transmutedgrade)>=90,"Passed [A]", N(_xlpm.transmutedgrade)>=80,"Passed [B]", N(_xlpm.transmutedgrade)>=75,"Passed [C]", N(_xlpm.transmutedgrade)>=65,"Failed [D]",TRUE,"Failed [E]"), IFERROR( IF(OR(_xlpm.wWorkScore="Error",_xlpm.pTaskScore="Error",_xlpm.examScore="Error",_xlpm.re="Error"),"Error", IF(_xlpm.transmutedgrade<>"", IF(_xlpm.wWorks+_xlpm.pTask=100%,_xlpm.remarks, IF(_xlpm.termExam="",IF(_xlpm.st2Score="", IF(_xlpm.initialgrade>=_xlpm.benchmark,"","At-Risk"), IF(N(_xlpm.transmutedgrade)<75,"At-Risk","")),_xlpm.remarks)), IF(_xlpm.initialgrade>=_xlpm.benchmark,"","At-Risk"))),""))} -> Passed [B]
B11: 3 | C11: =IF('Data Input'!M9="","",'Data Input'!M9) -> 2000480423 | D11: =IF(ISBLANK('Data Input'!N9),"",PROPER('Data Input'!N9)) -> Baer, Shania Pearl | E11: 14 | F11: 12 | G11: 7 | H11: 20 | Y11: {=_xlfn.LET( _xlpm.score,E11:X11, _xlpm.limit,$E$6:$X$6, IF(OR(D11="",COUNTA(_xlpm.score)=0),"", IF(COUNTA(_xlpm.score,_xlpm.limit)=0,"", IF( OR( SUM((_xlpm.limit="")*(_xlpm.score<>""))>0, SUM(ISTEXT(_xlpm.limit)*1)>0, SUM(ISTEXT(_xlpm.score)*1)>0, SUM(ISLOGICAL(_xlpm.limit)*1)>0, SUM(ISLOGICAL(_xlpm.score)*1)>0, SUM(ISERROR(_xlpm.limit)*1)>0, SUM(ISERROR(_xlpm.score)*1)>0 ), "Error", IF( SUM((ISNUMBER(_xlpm.limit)*ISNUMBER(_xlpm.score)*(_xlpm.score>_xlpm.limit))*1)>0, "Error", IF(SUM(_xlpm.score)>$Y$6, "Error", SUM(_xlpm.score) ))))))} -> 53 | Z11: =IF(D11="","",IF(Y11="Error","Error",IFERROR((Y11/$Y$6*$Z$6),""))) -> 75.714286 | AA11: =IFERROR(IF(D11="","",IF(Z11="Error","Error",(Z11*$AA$6))),"") -> 15.142857 | AB11: 50 | AC11: 88 | AQ11: {=_xlfn.LET( _xlpm.score,AB11:AP11, _xlpm.limit,$AB$6:$AP$6, IF(OR(D11="",COUNTA(_xlpm.score)=0),"", IF(COUNTA(_xlpm.score,_xlpm.limit)=0,"", IF( OR( SUM((_xlpm.limit="")*(_xlpm.score<>""))>0, SUM(ISTEXT(_xlpm.limit)*1)>0, SUM(ISTEXT(_xlpm.score)*1)>0, SUM(ISLOGICAL(_xlpm.limit)*1)>0, SUM(ISLOGICAL(_xlpm.score)*1)>0, SUM(ISERROR(_xlpm.limit)*1)>0, SUM(ISERROR(_xlpm.score)*1)>0 ), "Error", IF( SUM((ISNUMBER(_xlpm.limit)*ISNUMBER(_xlpm.score)*(_xlpm.score>_xlpm.limit))*1)>0, "Error", IF(SUM(_xlpm.score)>$AQ$6, "Error", SUM(_xlpm.score) ))))))} -> 138 | AR11: =IF(D11="","",IF(AQ11="Error","Error",IFERROR((AQ11/$AQ$6*$AR$6),""))) -> 92 | AS11: =IFERROR(IF(D11="","",IF(AR11="Error","Error",(AR11*$AS$6))),"") -> 46 | AT11: 38 | AU11: 37 | AV11: 50 | AW11: =IF(OR(D11="",AT11=""),"", IF($AT$6=0,"Error", IF(OR(AND($AT$6="",AT11<>""), ISTEXT($AT$6), ISTEXT(AT11), ISLOGICAL($AT$6), ISLOGICAL(AT11), ISERROR($AT$6), ISERROR(AT11)),"Error", IF(AT11>$AT$6,"Error", IF($AT$6=0,"",AT11/$AT$6*$AZ$7*$AW$7))))) -> 25.333333 | AX11: =IF(OR(D11="",AU11=""),"", IF($AU$6=0,"Error", IF(OR(AND($AU$6="",AU11<>""), ISTEXT($AU$6), ISTEXT(AU11), ISLOGICAL($AU$6), ISLOGICAL(AU11), ISERROR($AU$6), ISERROR(AU11)),"Error", IF(AU11>$AU$6,"Error", IF($AU$6=0,"",AU11/$AU$6*$AZ$7*$AX$7))))) -> 24.666667 | AY11: =IF(OR(D11="",AV11=""),"", IF($AV$6=0,"Error", IF(OR(AND($AV$6="",AV11<>""), ISTEXT($AV$6), ISTEXT(AV11), ISLOGICAL($AV$6), ISLOGICAL(AV11), ISERROR($AV$6), ISERROR(AV11)),"Error", IF(AV11>$AV$6,"Error", IF($AV$6=0,"",AV11/$AV$6*$AZ$7*$AY$7))))) -> 20 | AZ11: =IF(D11="","",IF(COUNTIF(AW11:AY11,"Error")>0,"Error",IFERROR(IF(COUNT(AW11:AY11)=0,"",SUM(AW11:AY11)),""))) -> 70 | BA11: =IFERROR(IF(D11="","",IF(AZ11="Error","Error",(AZ11*$BA$7))),"") -> 21 | BC11: =IF(OR(D11="",BB11=""),"",IF(BB11="Error","Error",IFERROR((BB11/$BB$6*$BC$6),""))) | BD11: =IF(AND(AY11="",BB11<>""),"Error",IF(BB11="","",IF(BB11>$BB$6,"Error",IF(BC11>=75,"Passed","Failed")))) | BE11: =_xlfn.LET( _xlpm.total,ROUND((N(AA11)+N(AS11)+N(BA11)),2), IF(OR(AA11="Error",AS11="Error",BA11="Error",BD11="Error"),"Error", IF(AND(AA11="",AS11="",BA11=""),"", IF(_xlpm.total>=70,_xlpm.total,IF(BD11="Passed",70,_xlpm.total))))) -> 82.14 | BF11: =IF(OR(AA11="Error",AS11="Error",BA11="Error",BD11="Error"),"Error", IF(D11="","", IF(AND(N($AA$6)+N($AS$6)+N($BA$7)=100%, OR(N($AA$6)=0,AA11<>""),OR(N($AS$6)=0,AS11<>""),OR(N($BA$7)=0,BA11<>""),BE11<>""), _xlfn.XLOOKUP(BE11,'Helper 1'!$B$3:$B$43,'Helper 1'!$D$3:$D$43,,-1),""))) -> 85 | BG11: {=_xlfn.LET( _xlpm.wWorks,$AA$6,_xlpm.pTask,$AS$6,_xlpm.examination,$BA$7, _xlpm.initialgrade,BE11,_xlpm.transmutedgrade,BF11,_xlpm.termExam,AY11, _xlpm.wWorkScore,AA11,_xlpm.pTaskScore,AS11,_xlpm.st1Score,AW11,_xlpm.st2Score,AX11,_xlpm.examScore,BA11,_xlpm.re,BD11, _xlpm.benchmark, _xlpm.wWorks*70*(_xlpm.wWorkScore<>"")+ _xlpm.pTask*70*(_xlpm.pTaskScore<>"")+ IF(_xlpm.wWorks+_xlpm.pTask<>100%, _xlpm.examination*21*((_xlpm.st1Score<>"")+(_xlpm.st2Score<>"")),0), _xlpm.remarks, _xlfn.IFS( N(_xlpm.transmutedgrade)>=90,"Passed [A]", N(_xlpm.transmutedgrade)>=80,"Passed [B]", N(_xlpm.transmutedgrade)>=75,"Passed [C]", N(_xlpm.transmutedgrade)>=65,"Failed [D]",TRUE,"Failed [E]"), IFERROR( IF(OR(_xlpm.wWorkScore="Error",_xlpm.pTaskScore="Error",_xlpm.examScore="Error",_xlpm.re="Error"),"Error", IF(_xlpm.transmutedgrade<>"", IF(_xlpm.wWorks+_xlpm.pTask=100%,_xlpm.remarks, IF(_xlpm.termExam="",IF(_xlpm.st2Score="", IF(_xlpm.initialgrade>=_xlpm.benchmark,"","At-Risk"), IF(N(_xlpm.transmutedgrade)<75,"At-Risk","")),_xlpm.remarks)), IF(_xlpm.initialgrade>=_xlpm.benchmark,"","At-Risk"))),""))} -> Passed [B]
B12: 4 | C12: =IF('Data Input'!M10="","",'Data Input'!M10) -> 2000487858 | D12: =IF(ISBLANK('Data Input'!N10),"",PROPER('Data Input'!N10)) -> Bagaporo, Ryeanna Mheryl | E12: 1 | F12: 11 | G12: 3 | H12: 20 | Y12: {=_xlfn.LET( _xlpm.score,E12:X12, _xlpm.limit,$E$6:$X$6, IF(OR(D12="",COUNTA(_xlpm.score)=0),"", IF(COUNTA(_xlpm.score,_xlpm.limit)=0,"", IF( OR( SUM((_xlpm.limit="")*(_xlpm.score<>""))>0, SUM(ISTEXT(_xlpm.limit)*1)>0, SUM(ISTEXT(_xlpm.score)*1)>0, SUM(ISLOGICAL(_xlpm.limit)*1)>0, SUM(ISLOGICAL(_xlpm.score)*1)>0, SUM(ISERROR(_xlpm.limit)*1)>0, SUM(ISERROR(_xlpm.score)*1)>0 ), "Error", IF( SUM((ISNUMBER(_xlpm.limit)*ISNUMBER(_xlpm.score)*(_xlpm.score>_xlpm.limit))*1)>0, "Error", IF(SUM(_xlpm.score)>$Y$6, "Error", SUM(_xlpm.score) ))))))} -> 35 | Z12: =IF(D12="","",IF(Y12="Error","Error",IFERROR((Y12/$Y$6*$Z$6),""))) -> 50 | AA12: =IFERROR(IF(D12="","",IF(Z12="Error","Error",(Z12*$AA$6))),"") -> 10 | AB12: 47 | AC12: 88 | AQ12: {=_xlfn.LET( _xlpm.score,AB12:AP12, _xlpm.limit,$AB$6:$AP$6, IF(OR(D12="",COUNTA(_xlpm.score)=0),"", IF(COUNTA(_xlpm.score,_xlpm.limit)=0,"", IF( OR( SUM((_xlpm.limit="")*(_xlpm.score<>""))>0, SUM(ISTEXT(_xlpm.limit)*1)>0, SUM(ISTEXT(_xlpm.score)*1)>0, SUM(ISLOGICAL(_xlpm.limit)*1)>0, SUM(ISLOGICAL(_xlpm.score)*1)>0, SUM(ISERROR(_xlpm.limit)*1)>0, SUM(ISERROR(_xlpm.score)*1)>0 ), "Error", IF( SUM((ISNUMBER(_xlpm.limit)*ISNUMBER(_xlpm.score)*(_xlpm.score>_xlpm.limit))*1)>0, "Error", IF(SUM(_xlpm.score)>$AQ$6, "Error", SUM(_xlpm.score) ))))))} -> 135 | AR12: =IF(D12="","",IF(AQ12="Error","Error",IFERROR((AQ12/$AQ$6*$AR$6),""))) -> 90 | AS12: =IFERROR(IF(D12="","",IF(AR12="Error","Error",(AR12*$AS$6))),"") -> 45 | AT12: 26 | AU12: 31 | AV12: 37 | AW12: =IF(OR(D12="",AT12=""),"", IF($AT$6=0,"Error", IF(OR(AND($AT$6="",AT12<>""), ISTEXT($AT$6), ISTEXT(AT12), ISLOGICAL($AT$6), ISLOGICAL(AT12), ISERROR($AT$6), ISERROR(AT12)),"Error", IF(AT12>$AT$6,"Error", IF($AT$6=0,"",AT12/$AT$6*$AZ$7*$AW$7))))) -> 17.333333 | AX12: =IF(OR(D12="",AU12=""),"", IF($AU$6=0,"Error", IF(OR(AND($AU$6="",AU12<>""), ISTEXT($AU$6), ISTEXT(AU12), ISLOGICAL($AU$6), ISLOGICAL(AU12), ISERROR($AU$6), ISERROR(AU12)),"Error", IF(AU12>$AU$6,"Error", IF($AU$6=0,"",AU12/$AU$6*$AZ$7*$AX$7))))) -> 20.666667 | AY12: =IF(OR(D12="",AV12=""),"", IF($AV$6=0,"Error", IF(OR(AND($AV$6="",AV12<>""), ISTEXT($AV$6), ISTEXT(AV12), ISLOGICAL($AV$6), ISLOGICAL(AV12), ISERROR($AV$6), ISERROR(AV12)),"Error", IF(AV12>$AV$6,"Error", IF($AV$6=0,"",AV12/$AV$6*$AZ$7*$AY$7))))) -> 14.8 | AZ12: =IF(D12="","",IF(COUNTIF(AW12:AY12,"Error")>0,"Error",IFERROR(IF(COUNT(AW12:AY12)=0,"",SUM(AW12:AY12)),""))) -> 52.8 | BA12: =IFERROR(IF(D12="","",IF(AZ12="Error","Error",(AZ12*$BA$7))),"") -> 15.84 | BC12: =IF(OR(D12="",BB12=""),"",IF(BB12="Error","Error",IFERROR((BB12/$BB$6*$BC$6),""))) | BD12: =IF(AND(AY12="",BB12<>""),"Error",IF(BB12="","",IF(BB12>$BB$6,"Error",IF(BC12>=75,"Passed","Failed")))) | BE12: =_xlfn.LET( _xlpm.total,ROUND((N(AA12)+N(AS12)+N(BA12)),2), IF(OR(AA12="Error",AS12="Error",BA12="Error",BD12="Error"),"Error", IF(AND(AA12="",AS12="",BA12=""),"", IF(_xlpm.total>=70,_xlpm.total,IF(BD12="Passed",70,_xlpm.total))))) -> 70.84 | BF12: =IF(OR(AA12="Error",AS12="Error",BA12="Error",BD12="Error"),"Error", IF(D12="","", IF(AND(N($AA$6)+N($AS$6)+N($BA$7)=100%, OR(N($AA$6)=0,AA12<>""),OR(N($AS$6)=0,AS12<>""),OR(N($BA$7)=0,BA12<>""),BE12<>""), _xlfn.XLOOKUP(BE12,'Helper 1'!$B$3:$B$43,'Helper 1'!$D$3:$D$43,,-1),""))) -> 75 | BG12: {=_xlfn.LET( _xlpm.wWorks,$AA$6,_xlpm.pTask,$AS$6,_xlpm.examination,$BA$7, _xlpm.initialgrade,BE12,_xlpm.transmutedgrade,BF12,_xlpm.termExam,AY12, _xlpm.wWorkScore,AA12,_xlpm.pTaskScore,AS12,_xlpm.st1Score,AW12,_xlpm.st2Score,AX12,_xlpm.examScore,BA12,_xlpm.re,BD12, _xlpm.benchmark, _xlpm.wWorks*70*(_xlpm.wWorkScore<>"")+ _xlpm.pTask*70*(_xlpm.pTaskScore<>"")+ IF(_xlpm.wWorks+_xlpm.pTask<>100%, _xlpm.examination*21*((_xlpm.st1Score<>"")+(_xlpm.st2Score<>"")),0), _xlpm.remarks, _xlfn.IFS( N(_xlpm.transmutedgrade)>=90,"Passed [A]", N(_xlpm.transmutedgrade)>=80,"Passed [B]", N(_xlpm.transmutedgrade)>=75,"Passed [C]", N(_xlpm.transmutedgrade)>=65,"Failed [D]",TRUE,"Failed [E]"), IFERROR( IF(OR(_xlpm.wWorkScore="Error",_xlpm.pTaskScore="Error",_xlpm.examScore="Error",_xlpm.re="Error"),"Error", IF(_xlpm.transmutedgrade<>"", IF(_xlpm.wWorks+_xlpm.pTask=100%,_xlpm.remarks, IF(_xlpm.termExam="",IF(_xlpm.st2Score="", IF(_xlpm.initialgrade>=_xlpm.benchmark,"","At-Risk"), IF(N(_xlpm.transmutedgrade)<75,"At-Risk","")),_xlpm.remarks)), IF(_xlpm.initialgrade>=_xlpm.benchmark,"","At-Risk"))),""))} -> Passed [C]
B13: 5 | C13: =IF('Data Input'!M11="","",'Data Input'!M11) -> 2000497598 | D13: =IF(ISBLANK('Data Input'!N11),"",PROPER('Data Input'!N11)) -> Belarmino, Easean | E13: 2 | F13: 10 | G13: 5 | H13: 20 | Y13: {=_xlfn.LET( _xlpm.score,E13:X13, _xlpm.limit,$E$6:$X$6, IF(OR(D13="",COUNTA(_xlpm.score)=0),"", IF(COUNTA(_xlpm.score,_xlpm.limit)=0,"", IF( OR( SUM((_xlpm.limit="")*(_xlpm.score<>""))>0, SUM(ISTEXT(_xlpm.limit)*1)>0, SUM(ISTEXT(_xlpm.score)*1)>0, SUM(ISLOGICAL(_xlpm.limit)*1)>0, SUM(ISLOGICAL(_xlpm.score)*1)>0, SUM(ISERROR(_xlpm.limit)*1)>0, SUM(ISERROR(_xlpm.score)*1)>0 ), "Error", IF( SUM((ISNUMBER(_xlpm.limit)*ISNUMBER(_xlpm.score)*(_xlpm.score>_xlpm.limit))*1)>0, "Error", IF(SUM(_xlpm.score)>$Y$6, "Error", SUM(_xlpm.score) ))))))} -> 37 | Z13: =IF(D13="","",IF(Y13="Error","Error",IFERROR((Y13/$Y$6*$Z$6),""))) -> 52.857143 | AA13: =IFERROR(IF(D13="","",IF(Z13="Error","Error",(Z13*$AA$6))),"") -> 10.571429 | AB13: 50 | AC13: 92 | AQ13: {=_xlfn.LET( _xlpm.score,AB13:AP13, _xlpm.limit,$AB$6:$AP$6, IF(OR(D13="",COUNTA(_xlpm.score)=0),"", IF(COUNTA(_xlpm.score,_xlpm.limit)=0,"", IF( OR( SUM((_xlpm.limit="")*(_xlpm.score<>""))>0, SUM(ISTEXT(_xlpm.limit)*1)>0, SUM(ISTEXT(_xlpm.score)*1)>0, SUM(ISLOGICAL(_xlpm.limit)*1)>0, SUM(ISLOGICAL(_xlpm.score)*1)>0, SUM(ISERROR(_xlpm.limit)*1)>0, SUM(ISERROR(_xlpm.score)*1)>0 ), "Error", IF( SUM((ISNUMBER(_xlpm.limit)*ISNUMBER(_xlpm.score)*(_xlpm.score>_xlpm.limit))*1)>0, "Error", IF(SUM(_xlpm.score)>$AQ$6, "Error", SUM(_xlpm.score) ))))))} -> 142 | AR13: =IF(D13="","",IF(AQ13="Error","Error",IFERROR((AQ13/$AQ$6*$AR$6),""))) -> 94.666667 | AS13: =IFERROR(IF(D13="","",IF(AR13="Error","Error",(AR13*$AS$6))),"") -> 47.333333 | AT13: 43 | AU13: 37 | AW13: =IF(OR(D13="",AT13=""),"", IF($AT$6=0,"Error", IF(OR(AND($AT$6="",AT13<>""), ISTEXT($AT$6), ISTEXT(AT13), ISLOGICAL($AT$6), ISLOGICAL(AT13), ISERROR($AT$6), ISERROR(AT13)),"Error", IF(AT13>$AT$6,"Error", IF($AT$6=0,"",AT13/$AT$6*$AZ$7*$AW$7))))) -> 28.666667 | AX13: =IF(OR(D13="",AU13=""),"", IF($AU$6=0,"Error", IF(OR(AND($AU$6="",AU13<>""), ISTEXT($AU$6), ISTEXT(AU13), ISLOGICAL($AU$6), ISLOGICAL(AU13), ISERROR($AU$6), ISERROR(AU13)),"Error", IF(AU13>$AU$6,"Error", IF($AU$6=0,"",AU13/$AU$6*$AZ$7*$AX$7))))) -> 24.666667 | AY13: =IF(OR(D13="",AV13=""),"", IF($AV$6=0,"Error", IF(OR(AND($AV$6="",AV13<>""), ISTEXT($AV$6), ISTEXT(AV13), ISLOGICAL($AV$6), ISLOGICAL(AV13), ISERROR($AV$6), ISERROR(AV13)),"Error", IF(AV13>$AV$6,"Error", IF($AV$6=0,"",AV13/$AV$6*$AZ$7*$AY$7))))) | AZ13: =IF(D13="","",IF(COUNTIF(AW13:AY13,"Error")>0,"Error",IFERROR(IF(COUNT(AW13:AY13)=0,"",SUM(AW13:AY13)),""))) -> 53.333333 | BA13: =IFERROR(IF(D13="","",IF(AZ13="Error","Error",(AZ13*$BA$7))),"") -> 16 | BC13: =IF(OR(D13="",BB13=""),"",IF(BB13="Error","Error",IFERROR((BB13/$BB$6*$BC$6),""))) | BD13: =IF(AND(AY13="",BB13<>""),"Error",IF(BB13="","",IF(BB13>$BB$6,"Error",IF(BC13>=75,"Passed","Failed")))) | BE13: =_xlfn.LET( _xlpm.total,ROUND((N(AA13)+N(AS13)+N(BA13)),2), IF(OR(AA13="Error",AS13="Error",BA13="Error",BD13="Error"),"Error", IF(AND(AA13="",AS13="",BA13=""),"", IF(_xlpm.total>=70,_xlpm.total,IF(BD13="Passed",70,_xlpm.total))))) -> 73.9 | BF13: =IF(OR(AA13="Error",AS13="Error",BA13="Error",BD13="Error"),"Error", IF(D13="","", IF(AND(N($AA$6)+N($AS$6)+N($BA$7)=100%, OR(N($AA$6)=0,AA13<>""),OR(N($AS$6)=0,AS13<>""),OR(N($BA$7)=0,BA13<>""),BE13<>""), _xlfn.XLOOKUP(BE13,'Helper 1'!$B$3:$B$43,'Helper 1'!$D$3:$D$43,,-1),""))) -> 78 | BG13: {=_xlfn.LET( _xlpm.wWorks,$AA$6,_xlpm.pTask,$AS$6,_xlpm.examination,$BA$7, _xlpm.initialgrade,BE13,_xlpm.transmutedgrade,BF13,_xlpm.termExam,AY13, _xlpm.wWorkScore,AA13,_xlpm.pTaskScore,AS13,_xlpm.st1Score,AW13,_xlpm.st2Score,AX13,_xlpm.examScore,BA13,_xlpm.re,BD13, _xlpm.benchmark, _xlpm.wWorks*70*(_xlpm.wWorkScore<>"")+ _xlpm.pTask*70*(_xlpm.pTaskScore<>"")+ IF(_xlpm.wWorks+_xlpm.pTask<>100%, _xlpm.examination*21*((_xlpm.st1Score<>"")+(_xlpm.st2Score<>"")),0), _xlpm.remarks, _xlfn.IFS( N(_xlpm.transmutedgrade)>=90,"Passed [A]", N(_xlpm.transmutedgrade)>=80,"Passed [B]", N(_xlpm.transmutedgrade)>=75,"Passed [C]", N(_xlpm.transmutedgrade)>=65,"Failed [D]",TRUE,"Failed [E]"), IFERROR( IF(OR(_xlpm.wWorkScore="Error",_xlpm.pTaskScore="Error",_xlpm.examScore="Error",_xlpm.re="Error"),"Error", IF(_xlpm.transmutedgrade<>"", IF(_xlpm.wWorks+_xlpm.pTask=100%,_xlpm.remarks, IF(_xlpm.termExam="",IF(_xlpm.st2Score="", IF(_xlpm.initialgrade>=_xlpm.benchmark,"","At-Risk"), IF(N(_xlpm.transmutedgrade)<75,"At-Risk","")),_xlpm.remarks)), IF(_xlpm.initialgrade>=_xlpm.benchmark,"","At-Risk"))),""))}
B14: 6 | C14: =IF('Data Input'!M12="","",'Data Input'!M12) -> 2000504370 | D14: =IF(ISBLANK('Data Input'!N12),"",PROPER('Data Input'!N12)) -> Borja, Greedy | E14: 16 | F14: 12 | G14: 6 | H14: 20 | Y14: {=_xlfn.LET( _xlpm.score,E14:X14, _xlpm.limit,$E$6:$X$6, IF(OR(D14="",COUNTA(_xlpm.score)=0),"", IF(COUNTA(_xlpm.score,_xlpm.limit)=0,"", IF( OR( SUM((_xlpm.limit="")*(_xlpm.score<>""))>0, SUM(ISTEXT(_xlpm.limit)*1)>0, SUM(ISTEXT(_xlpm.score)*1)>0, SUM(ISLOGICAL(_xlpm.limit)*1)>0, SUM(ISLOGICAL(_xlpm.score)*1)>0, SUM(ISERROR(_xlpm.limit)*1)>0, SUM(ISERROR(_xlpm.score)*1)>0 ), "Error", IF( SUM((ISNUMBER(_xlpm.limit)*ISNUMBER(_xlpm.score)*(_xlpm.score>_xlpm.limit))*1)>0, "Error", IF(SUM(_xlpm.score)>$Y$6, "Error", SUM(_xlpm.score) ))))))} -> 54 | Z14: =IF(D14="","",IF(Y14="Error","Error",IFERROR((Y14/$Y$6*$Z$6),""))) -> 77.142857 | AA14: =IFERROR(IF(D14="","",IF(Z14="Error","Error",(Z14*$AA$6))),"") -> 15.428571 | AB14: 47 | AC14: 88 | AQ14: {=_xlfn.LET( _xlpm.score,AB14:AP14, _xlpm.limit,$AB$6:$AP$6, IF(OR(D14="",COUNTA(_xlpm.score)=0),"", IF(COUNTA(_xlpm.score,_xlpm.limit)=0,"", IF( OR( SUM((_xlpm.limit="")*(_xlpm.score<>""))>0, SUM(ISTEXT(_xlpm.limit)*1)>0, SUM(ISTEXT(_xlpm.score)*1)>0, SUM(ISLOGICAL(_xlpm.limit)*1)>0, SUM(ISLOGICAL(_xlpm.score)*1)>0, SUM(ISERROR(_xlpm.limit)*1)>0, SUM(ISERROR(_xlpm.score)*1)>0 ), "Error", IF( SUM((ISNUMBER(_xlpm.limit)*ISNUMBER(_xlpm.score)*(_xlpm.score>_xlpm.limit))*1)>0, "Error", IF(SUM(_xlpm.score)>$AQ$6, "Error", SUM(_xlpm.score) ))))))} -> 135 | AR14: =IF(D14="","",IF(AQ14="Error","Error",IFERROR((AQ14/$AQ$6*$AR$6),""))) -> 90 | AS14: =IFERROR(IF(D14="","",IF(AR14="Error","Error",(AR14*$AS$6))),"") -> 45 | AT14: 31 | AU14: 33 | AV14: 54 | AW14: =IF(OR(D14="",AT14=""),"", IF($AT$6=0,"Error", IF(OR(AND($AT$6="",AT14<>""), ISTEXT($AT$6), ISTEXT(AT14), ISLOGICAL($AT$6), ISLOGICAL(AT14), ISERROR($AT$6), ISERROR(AT14)),"Error", IF(AT14>$AT$6,"Error", IF($AT$6=0,"",AT14/$AT$6*$AZ$7*$AW$7))))) -> 20.666667 | AX14: =IF(OR(D14="",AU14=""),"", IF($AU$6=0,"Error", IF(OR(AND($AU$6="",AU14<>""), ISTEXT($AU$6), ISTEXT(AU14), ISLOGICAL($AU$6), ISLOGICAL(AU14), ISERROR($AU$6), ISERROR(AU14)),"Error", IF(AU14>$AU$6,"Error", IF($AU$6=0,"",AU14/$AU$6*$AZ$7*$AX$7))))) -> 22 | AY14: =IF(OR(D14="",AV14=""),"", IF($AV$6=0,"Error", IF(OR(AND($AV$6="",AV14<>""), ISTEXT($AV$6), ISTEXT(AV14), ISLOGICAL($AV$6), ISLOGICAL(AV14), ISERROR($AV$6), ISERROR(AV14)),"Error", IF(AV14>$AV$6,"Error", IF($AV$6=0,"",AV14/$AV$6*$AZ$7*$AY$7))))) -> 21.6 | AZ14: =IF(D14="","",IF(COUNTIF(AW14:AY14,"Error")>0,"Error",IFERROR(IF(COUNT(AW14:AY14)=0,"",SUM(AW14:AY14)),""))) -> 64.266667 | BA14: =IFERROR(IF(D14="","",IF(AZ14="Error","Error",(AZ14*$BA$7))),"") -> 19.28 | BC14: =IF(OR(D14="",BB14=""),"",IF(BB14="Error","Error",IFERROR((BB14/$BB$6*$BC$6),""))) | BD14: =IF(AND(AY14="",BB14<>""),"Error",IF(BB14="","",IF(BB14>$BB$6,"Error",IF(BC14>=75,"Passed","Failed")))) | BE14: =_xlfn.LET( _xlpm.total,ROUND((N(AA14)+N(AS14)+N(BA14)),2), IF(OR(AA14="Error",AS14="Error",BA14="Error",BD14="Error"),"Error", IF(AND(AA14="",AS14="",BA14=""),"", IF(_xlpm.total>=70,_xlpm.total,IF(BD14="Passed",70,_xlpm.total))))) -> 79.71 | BF14: =IF(OR(AA14="Error",AS14="Error",BA14="Error",BD14="Error"),"Error", IF(D14="","", IF(AND(N($AA$6)+N($AS$6)+N($BA$7)=100%, OR(N($AA$6)=0,AA14<>""),OR(N($AS$6)=0,AS14<>""),OR(N($BA$7)=0,BA14<>""),BE14<>""), _xlfn.XLOOKUP(BE14,'Helper 1'!$B$3:$B$43,'Helper 1'!$D$3:$D$43,,-1),""))) -> 83 | BG14: {=_xlfn.LET( _xlpm.wWorks,$AA$6,_xlpm.pTask,$AS$6,_xlpm.examination,$BA$7, _xlpm.initialgrade,BE14,_xlpm.transmutedgrade,BF14,_xlpm.termExam,AY14, _xlpm.wWorkScore,AA14,_xlpm.pTaskScore,AS14,_xlpm.st1Score,AW14,_xlpm.st2Score,AX14,_xlpm.examScore,BA14,_xlpm.re,BD14, _xlpm.benchmark, _xlpm.wWorks*70*(_xlpm.wWorkScore<>"")+ _xlpm.pTask*70*(_xlpm.pTaskScore<>"")+ IF(_xlpm.wWorks+_xlpm.pTask<>100%, _xlpm.examination*21*((_xlpm.st1Score<>"")+(_xlpm.st2Score<>"")),0), _xlpm.remarks, _xlfn.IFS( N(_xlpm.transmutedgrade)>=90,"Passed [A]", N(_xlpm.transmutedgrade)>=80,"Passed [B]", N(_xlpm.transmutedgrade)>=75,"Passed [C]", N(_xlpm.transmutedgrade)>=65,"Failed [D]",TRUE,"Failed [E]"), IFERROR( IF(OR(_xlpm.wWorkScore="Error",_xlpm.pTaskScore="Error",_xlpm.examScore="Error",_xlpm.re="Error"),"Error", IF(_xlpm.transmutedgrade<>"", IF(_xlpm.wWorks+_xlpm.pTask=100%,_xlpm.remarks, IF(_xlpm.termExam="",IF(_xlpm.st2Score="", IF(_xlpm.initialgrade>=_xlpm.benchmark,"","At-Risk"), IF(N(_xlpm.transmutedgrade)<75,"At-Risk","")),_xlpm.remarks)), IF(_xlpm.initialgrade>=_xlpm.benchmark,"","At-Risk"))),""))} -> Passed [B]
B15: 7 | C15: =IF('Data Input'!M13="","",'Data Input'!M13) -> 2000480420 | D15: =IF(ISBLANK('Data Input'!N13),"",PROPER('Data Input'!N13)) -> Cabalquinto, Juvy | E15: 6 | F15: 10 | G15: 6 | H15: 20 | Y15: {=_xlfn.LET( _xlpm.score,E15:X15, _xlpm.limit,$E$6:$X$6, IF(OR(D15="",COUNTA(_xlpm.score)=0),"", IF(COUNTA(_xlpm.score,_xlpm.limit)=0,"", IF( OR( SUM((_xlpm.limit="")*(_xlpm.score<>""))>0, SUM(ISTEXT(_xlpm.limit)*1)>0, SUM(ISTEXT(_xlpm.score)*1)>0, SUM(ISLOGICAL(_xlpm.limit)*1)>0, SUM(ISLOGICAL(_xlpm.score)*1)>0, SUM(ISERROR(_xlpm.limit)*1)>0, SUM(ISERROR(_xlpm.score)*1)>0 ), "Error", IF( SUM((ISNUMBER(_xlpm.limit)*ISNUMBER(_xlpm.score)*(_xlpm.score>_xlpm.limit))*1)>0, "Error", IF(SUM(_xlpm.score)>$Y$6, "Error", SUM(_xlpm.score) ))))))} -> 42 | Z15: =IF(D15="","",IF(Y15="Error","Error",IFERROR((Y15/$Y$6*$Z$6),""))) -> 60 | AA15: =IFERROR(IF(D15="","",IF(Z15="Error","Error",(Z15*$AA$6))),"") -> 12 | AB15: 45 | AC15: 88 | AQ15: {=_xlfn.LET( _xlpm.score,AB15:AP15, _xlpm.limit,$AB$6:$AP$6, IF(OR(D15="",COUNTA(_xlpm.score)=0),"", IF(COUNTA(_xlpm.score,_xlpm.limit)=0,"", IF( OR( SUM((_xlpm.limit="")*(_xlpm.score<>""))>0, SUM(ISTEXT(_xlpm.limit)*1)>0, SUM(ISTEXT(_xlpm.score)*1)>0, SUM(ISLOGICAL(_xlpm.limit)*1)>0, SUM(ISLOGICAL(_xlpm.score)*1)>0, SUM(ISERROR(_xlpm.limit)*1)>0, SUM(ISERROR(_xlpm.score)*1)>0 ), "Error", IF( SUM((ISNUMBER(_xlpm.limit)*ISNUMBER(_xlpm.score)*(_xlpm.score>_xlpm.limit))*1)>0, "Error", IF(SUM(_xlpm.score)>$AQ$6, "Error", SUM(_xlpm.score) ))))))} -> 133 | AR15: =IF(D15="","",IF(AQ15="Error","Error",IFERROR((AQ15/$AQ$6*$AR$6),""))) -> 88.666667 | AS15: =IFERROR(IF(D15="","",IF(AR15="Error","Error",(AR15*$AS$6))),"") -> 44.333333 | AT15: 31 | AU15: 32 | AV15: 44 | AW15: =IF(OR(D15="",AT15=""),"", IF($AT$6=0,"Error", IF(OR(AND($AT$6="",AT15<>""), ISTEXT($AT$6), ISTEXT(AT15), ISLOGICAL($AT$6), ISLOGICAL(AT15), ISERROR($AT$6), ISERROR(AT15)),"Error", IF(AT15>$AT$6,"Error", IF($AT$6=0,"",AT15/$AT$6*$AZ$7*$AW$7))))) -> 20.666667 | AX15: =IF(OR(D15="",AU15=""),"", IF($AU$6=0,"Error", IF(OR(AND($AU$6="",AU15<>""), ISTEXT($AU$6), ISTEXT(AU15), ISLOGICAL($AU$6), ISLOGICAL(AU15), ISERROR($AU$6), ISERROR(AU15)),"Error", IF(AU15>$AU$6,"Error", IF($AU$6=0,"",AU15/$AU$6*$AZ$7*$AX$7))))) -> 21.333333 | AY15: =IF(OR(D15="",AV15=""),"", IF($AV$6=0,"Error", IF(OR(AND($AV$6="",AV15<>""), ISTEXT($AV$6), ISTEXT(AV15), ISLOGICAL($AV$6), ISLOGICAL(AV15), ISERROR($AV$6), ISERROR(AV15)),"Error", IF(AV15>$AV$6,"Error", IF($AV$6=0,"",AV15/$AV$6*$AZ$7*$AY$7))))) -> 17.6 | AZ15: =IF(D15="","",IF(COUNTIF(AW15:AY15,"Error")>0,"Error",IFERROR(IF(COUNT(AW15:AY15)=0,"",SUM(AW15:AY15)),""))) -> 59.6 | BA15: =IFERROR(IF(D15="","",IF(AZ15="Error","Error",(AZ15*$BA$7))),"") -> 17.88 | BC15: =IF(OR(D15="",BB15=""),"",IF(BB15="Error","Error",IFERROR((BB15/$BB$6*$BC$6),""))) | BD15: =IF(AND(AY15="",BB15<>""),"Error",IF(BB15="","",IF(BB15>$BB$6,"Error",IF(BC15>=75,"Passed","Failed")))) | BE15: =_xlfn.LET( _xlpm.total,ROUND((N(AA15)+N(AS15)+N(BA15)),2), IF(OR(AA15="Error",AS15="Error",BA15="Error",BD15="Error"),"Error", IF(AND(AA15="",AS15="",BA15=""),"", IF(_xlpm.total>=70,_xlpm.total,IF(BD15="Passed",70,_xlpm.total))))) -> 74.21 | BF15: =IF(OR(AA15="Error",AS15="Error",BA15="Error",BD15="Error"),"Error", IF(D15="","", IF(AND(N($AA$6)+N($AS$6)+N($BA$7)=100%, OR(N($AA$6)=0,AA15<>""),OR(N($AS$6)=0,AS15<>""),OR(N($BA$7)=0,BA15<>""),BE15<>""), _xlfn.XLOOKUP(BE15,'Helper 1'!$B$3:$B$43,'Helper 1'!$D$3:$D$43,,-1),""))) -> 78 | BG15: {=_xlfn.LET( _xlpm.wWorks,$AA$6,_xlpm.pTask,$AS$6,_xlpm.examination,$BA$7, _xlpm.initialgrade,BE15,_xlpm.transmutedgrade,BF15,_xlpm.termExam,AY15, _xlpm.wWorkScore,AA15,_xlpm.pTaskScore,AS15,_xlpm.st1Score,AW15,_xlpm.st2Score,AX15,_xlpm.examScore,BA15,_xlpm.re,BD15, _xlpm.benchmark, _xlpm.wWorks*70*(_xlpm.wWorkScore<>"")+ _xlpm.pTask*70*(_xlpm.pTaskScore<>"")+ IF(_xlpm.wWorks+_xlpm.pTask<>100%, _xlpm.examination*21*((_xlpm.st1Score<>"")+(_xlpm.st2Score<>"")),0), _xlpm.remarks, _xlfn.IFS( N(_xlpm.transmutedgrade)>=90,"Passed [A]", N(_xlpm.transmutedgrade)>=80,"Passed [B]", N(_xlpm.transmutedgrade)>=75,"Passed [C]", N(_xlpm.transmutedgrade)>=65,"Failed [D]",TRUE,"Failed [E]"), IFERROR( IF(OR(_xlpm.wWorkScore="Error",_xlpm.pTaskScore="Error",_xlpm.examScore="Error",_xlpm.re="Error"),"Error", IF(_xlpm.transmutedgrade<>"", IF(_xlpm.wWorks+_xlpm.pTask=100%,_xlpm.remarks, IF(_xlpm.termExam="",IF(_xlpm.st2Score="", IF(_xlpm.initialgrade>=_xlpm.benchmark,"","At-Risk"), IF(N(_xlpm.transmutedgrade)<75,"At-Risk","")),_xlpm.remarks)), IF(_xlpm.initialgrade>=_xlpm.benchmark,"","At-Risk"))),""))} -> Passed [C]
B16: 8 | C16: =IF('Data Input'!M14="","",'Data Input'!M14) -> 2000487004 | D16: =IF(ISBLANK('Data Input'!N14),"",PROPER('Data Input'!N14)) -> Conlu, Marc Jeffrey | F16: 11 | G16: 4 | H16: 20 | Y16: {=_xlfn.LET( _xlpm.score,E16:X16, _xlpm.limit,$E$6:$X$6, IF(OR(D16="",COUNTA(_xlpm.score)=0),"", IF(COUNTA(_xlpm.score,_xlpm.limit)=0,"", IF( OR( SUM((_xlpm.limit="")*(_xlpm.score<>""))>0, SUM(ISTEXT(_xlpm.limit)*1)>0, SUM(ISTEXT(_xlpm.score)*1)>0, SUM(ISLOGICAL(_xlpm.limit)*1)>0, SUM(ISLOGICAL(_xlpm.score)*1)>0, SUM(ISERROR(_xlpm.limit)*1)>0, SUM(ISERROR(_xlpm.score)*1)>0 ), "Error", IF( SUM((ISNUMBER(_xlpm.limit)*ISNUMBER(_xlpm.score)*(_xlpm.score>_xlpm.limit))*1)>0, "Error", IF(SUM(_xlpm.score)>$Y$6, "Error", SUM(_xlpm.score) ))))))} -> 35 | Z16: =IF(D16="","",IF(Y16="Error","Error",IFERROR((Y16/$Y$6*$Z$6),""))) -> 50 | AA16: =IFERROR(IF(D16="","",IF(Z16="Error","Error",(Z16*$AA$6))),"") -> 10 | AB16: 45 | AC16: 88 | AQ16: {=_xlfn.LET( _xlpm.score,AB16:AP16, _xlpm.limit,$AB$6:$AP$6, IF(OR(D16="",COUNTA(_xlpm.score)=0),"", IF(COUNTA(_xlpm.score,_xlpm.limit)=0,"", IF( OR( SUM((_xlpm.limit="")*(_xlpm.score<>""))>0, SUM(ISTEXT(_xlpm.limit)*1)>0, SUM(ISTEXT(_xlpm.score)*1)>0, SUM(ISLOGICAL(_xlpm.limit)*1)>0, SUM(ISLOGICAL(_xlpm.score)*1)>0, SUM(ISERROR(_xlpm.limit)*1)>0, SUM(ISERROR(_xlpm.score)*1)>0 ), "Error", IF( SUM((ISNUMBER(_xlpm.limit)*ISNUMBER(_xlpm.score)*(_xlpm.score>_xlpm.limit))*1)>0, "Error", IF(SUM(_xlpm.score)>$AQ$6, "Error", SUM(_xlpm.score) ))))))} -> 133 | AR16: =IF(D16="","",IF(AQ16="Error","Error",IFERROR((AQ16/$AQ$6*$AR$6),""))) -> 88.666667 | AS16: =IFERROR(IF(D16="","",IF(AR16="Error","Error",(AR16*$AS$6))),"") -> 44.333333 | AT16: 29 | AU16: 41 | AV16: 53 | AW16: =IF(OR(D16="",AT16=""),"", IF($AT$6=0,"Error", IF(OR(AND($AT$6="",AT16<>""), ISTEXT($AT$6), ISTEXT(AT16), ISLOGICAL($AT$6), ISLOGICAL(AT16), ISERROR($AT$6), ISERROR(AT16)),"Error", IF(AT16>$AT$6,"Error", IF($AT$6=0,"",AT16/$AT$6*$AZ$7*$AW$7))))) -> 19.333333 | AX16: =IF(OR(D16="",AU16=""),"", IF($AU$6=0,"Error", IF(OR(AND($AU$6="",AU16<>""), ISTEXT($AU$6), ISTEXT(AU16), ISLOGICAL($AU$6), ISLOGICAL(AU16), ISERROR($AU$6), ISERROR(AU16)),"Error", IF(AU16>$AU$6,"Error", IF($AU$6=0,"",AU16/$AU$6*$AZ$7*$AX$7))))) -> 27.333333 | AY16: =IF(OR(D16="",AV16=""),"", IF($AV$6=0,"Error", IF(OR(AND($AV$6="",AV16<>""), ISTEXT($AV$6), ISTEXT(AV16), ISLOGICAL($AV$6), ISLOGICAL(AV16), ISERROR($AV$6), ISERROR(AV16)),"Error", IF(AV16>$AV$6,"Error", IF($AV$6=0,"",AV16/$AV$6*$AZ$7*$AY$7))))) -> 21.2 | AZ16: =IF(D16="","",IF(COUNTIF(AW16:AY16,"Error")>0,"Error",IFERROR(IF(COUNT(AW16:AY16)=0,"",SUM(AW16:AY16)),""))) -> 67.866667 | BA16: =IFERROR(IF(D16="","",IF(AZ16="Error","Error",(AZ16*$BA$7))),"") -> 20.36 | BC16: =IF(OR(D16="",BB16=""),"",IF(BB16="Error","Error",IFERROR((BB16/$BB$6*$BC$6),""))) | BD16: =IF(AND(AY16="",BB16<>""),"Error",IF(BB16="","",IF(BB16>$BB$6,"Error",IF(BC16>=75,"Passed","Failed")))) | BE16: =_xlfn.LET( _xlpm.total,ROUND((N(AA16)+N(AS16)+N(BA16)),2), IF(OR(AA16="Error",AS16="Error",BA16="Error",BD16="Error"),"Error", IF(AND(AA16="",AS16="",BA16=""),"", IF(_xlpm.total>=70,_xlpm.total,IF(BD16="Passed",70,_xlpm.total))))) -> 74.69 | BF16: =IF(OR(AA16="Error",AS16="Error",BA16="Error",BD16="Error"),"Error", IF(D16="","", IF(AND(N($AA$6)+N($AS$6)+N($BA$7)=100%, OR(N($AA$6)=0,AA16<>""),OR(N($AS$6)=0,AS16<>""),OR(N($BA$7)=0,BA16<>""),BE16<>""), _xlfn.XLOOKUP(BE16,'Helper 1'!$B$3:$B$43,'Helper 1'!$D$3:$D$43,,-1),""))) -> 78 | BG16: {=_xlfn.LET( _xlpm.wWorks,$AA$6,_xlpm.pTask,$AS$6,_xlpm.examination,$BA$7, _xlpm.initialgrade,BE16,_xlpm.transmutedgrade,BF16,_xlpm.termExam,AY16, _xlpm.wWorkScore,AA16,_xlpm.pTaskScore,AS16,_xlpm.st1Score,AW16,_xlpm.st2Score,AX16,_xlpm.examScore,BA16,_xlpm.re,BD16, _xlpm.benchmark, _xlpm.wWorks*70*(_xlpm.wWorkScore<>"")+ _xlpm.pTask*70*(_xlpm.pTaskScore<>"")+ IF(_xlpm.wWorks+_xlpm.pTask<>100%, _xlpm.examination*21*((_xlpm.st1Score<>"")+(_xlpm.st2Score<>"")),0), _xlpm.remarks, _xlfn.IFS( N(_xlpm.transmutedgrade)>=90,"Passed [A]", N(_xlpm.transmutedgrade)>=80,"Passed [B]", N(_xlpm.transmutedgrade)>=75,"Passed [C]", N(_xlpm.transmutedgrade)>=65,"Failed [D]",TRUE,"Failed [E]"), IFERROR( IF(OR(_xlpm.wWorkScore="Error",_xlpm.pTaskScore="Error",_xlpm.examScore="Error",_xlpm.re="Error"),"Error", IF(_xlpm.transmutedgrade<>"", IF(_xlpm.wWorks+_xlpm.pTask=100%,_xlpm.remarks, IF(_xlpm.termExam="",IF(_xlpm.st2Score="", IF(_xlpm.initialgrade>=_xlpm.benchmark,"","At-Risk"), IF(N(_xlpm.transmutedgrade)<75,"At-Risk","")),_xlpm.remarks)), IF(_xlpm.initialgrade>=_xlpm.benchmark,"","At-Risk"))),""))} -> Passed [C]
B17: 9 | C17: =IF('Data Input'!M15="","",'Data Input'!M15) -> 2000488434 | D17: =IF(ISBLANK('Data Input'!N15),"",PROPER('Data Input'!N15)) -> De Luna, Felicity Ryne | E17: 9 | F17: 1 | H17: 20 | Y17: {=_xlfn.LET( _xlpm.score,E17:X17, _xlpm.limit,$E$6:$X$6, IF(OR(D17="",COUNTA(_xlpm.score)=0),"", IF(COUNTA(_xlpm.score,_xlpm.limit)=0,"", IF( OR( SUM((_xlpm.limit="")*(_xlpm.score<>""))>0, SUM(ISTEXT(_xlpm.limit)*1)>0, SUM(ISTEXT(_xlpm.score)*1)>0, SUM(ISLOGICAL(_xlpm.limit)*1)>0, SUM(ISLOGICAL(_xlpm.score)*1)>0, SUM(ISERROR(_xlpm.limit)*1)>0, SUM(ISERROR(_xlpm.score)*1)>0 ), "Error", IF( SUM((ISNUMBER(_xlpm.limit)*ISNUMBER(_xlpm.score)*(_xlpm.score>_xlpm.limit))*1)>0, "Error", IF(SUM(_xlpm.score)>$Y$6, "Error", SUM(_xlpm.score) ))))))} -> 30 | Z17: =IF(D17="","",IF(Y17="Error","Error",IFERROR((Y17/$Y$6*$Z$6),""))) -> 42.857143 | AA17: =IFERROR(IF(D17="","",IF(Z17="Error","Error",(Z17*$AA$6))),"") -> 8.5714286 | AB17: 47 | AC17: 88 | AQ17: {=_xlfn.LET( _xlpm.score,AB17:AP17, _xlpm.limit,$AB$6:$AP$6, IF(OR(D17="",COUNTA(_xlpm.score)=0),"", IF(COUNTA(_xlpm.score,_xlpm.limit)=0,"", IF( OR( SUM((_xlpm.limit="")*(_xlpm.score<>""))>0, SUM(ISTEXT(_xlpm.limit)*1)>0, SUM(ISTEXT(_xlpm.score)*1)>0, SUM(ISLOGICAL(_xlpm.limit)*1)>0, SUM(ISLOGICAL(_xlpm.score)*1)>0, SUM(ISERROR(_xlpm.limit)*1)>0, SUM(ISERROR(_xlpm.score)*1)>0 ), "Error", IF( SUM((ISNUMBER(_xlpm.limit)*ISNUMBER(_xlpm.score)*(_xlpm.score>_xlpm.limit))*1)>0, "Error", IF(SUM(_xlpm.score)>$AQ$6, "Error", SUM(_xlpm.score) ))))))} -> 135 | AR17: =IF(D17="","",IF(AQ17="Error","Error",IFERROR((AQ17/$AQ$6*$AR$6),""))) -> 90 | AS17: =IFERROR(IF(D17="","",IF(AR17="Error","Error",(AR17*$AS$6))),"") -> 45 | AT17: 35 | AU17: 25 | AV17: 38 | AW17: =IF(OR(D17="",AT17=""),"", IF($AT$6=0,"Error", IF(OR(AND($AT$6="",AT17<>""), ISTEXT($AT$6), ISTEXT(AT17), ISLOGICAL($AT$6), ISLOGICAL(AT17), ISERROR($AT$6), ISERROR(AT17)),"Error", IF(AT17>$AT$6,"Error", IF($AT$6=0,"",AT17/$AT$6*$AZ$7*$AW$7))))) -> 23.333333 | AX17: =IF(OR(D17="",AU17=""),"", IF($AU$6=0,"Error", IF(OR(AND($AU$6="",AU17<>""), ISTEXT($AU$6), ISTEXT(AU17), ISLOGICAL($AU$6), ISLOGICAL(AU17), ISERROR($AU$6), ISERROR(AU17)),"Error", IF(AU17>$AU$6,"Error", IF($AU$6=0,"",AU17/$AU$6*$AZ$7*$AX$7))))) -> 16.666667 | AY17: =IF(OR(D17="",AV17=""),"", IF($AV$6=0,"Error", IF(OR(AND($AV$6="",AV17<>""), ISTEXT($AV$6), ISTEXT(AV17), ISLOGICAL($AV$6), ISLOGICAL(AV17), ISERROR($AV$6), ISERROR(AV17)),"Error", IF(AV17>$AV$6,"Error", IF($AV$6=0,"",AV17/$AV$6*$AZ$7*$AY$7))))) -> 15.2 | AZ17: =IF(D17="","",IF(COUNTIF(AW17:AY17,"Error")>0,"Error",IFERROR(IF(COUNT(AW17:AY17)=0,"",SUM(AW17:AY17)),""))) -> 55.2 | BA17: =IFERROR(IF(D17="","",IF(AZ17="Error","Error",(AZ17*$BA$7))),"") -> 16.56 | BC17: =IF(OR(D17="",BB17=""),"",IF(BB17="Error","Error",IFERROR((BB17/$BB$6*$BC$6),""))) | BD17: =IF(AND(AY17="",BB17<>""),"Error",IF(BB17="","",IF(BB17>$BB$6,"Error",IF(BC17>=75,"Passed","Failed")))) | BE17: =_xlfn.LET( _xlpm.total,ROUND((N(AA17)+N(AS17)+N(BA17)),2), IF(OR(AA17="Error",AS17="Error",BA17="Error",BD17="Error"),"Error", IF(AND(AA17="",AS17="",BA17=""),"", IF(_xlpm.total>=70,_xlpm.total,IF(BD17="Passed",70,_xlpm.total))))) -> 70.13 | BF17: =IF(OR(AA17="Error",AS17="Error",BA17="Error",BD17="Error"),"Error", IF(D17="","", IF(AND(N($AA$6)+N($AS$6)+N($BA$7)=100%, OR(N($AA$6)=0,AA17<>""),OR(N($AS$6)=0,AS17<>""),OR(N($BA$7)=0,BA17<>""),BE17<>""), _xlfn.XLOOKUP(BE17,'Helper 1'!$B$3:$B$43,'Helper 1'!$D$3:$D$43,,-1),""))) -> 75 | BG17: {=_xlfn.LET( _xlpm.wWorks,$AA$6,_xlpm.pTask,$AS$6,_xlpm.examination,$BA$7, _xlpm.initialgrade,BE17,_xlpm.transmutedgrade,BF17,_xlpm.termExam,AY17, _xlpm.wWorkScore,AA17,_xlpm.pTaskScore,AS17,_xlpm.st1Score,AW17,_xlpm.st2Score,AX17,_xlpm.examScore,BA17,_xlpm.re,BD17, _xlpm.benchmark, _xlpm.wWorks*70*(_xlpm.wWorkScore<>"")+ _xlpm.pTask*70*(_xlpm.pTaskScore<>"")+ IF(_xlpm.wWorks+_xlpm.pTask<>100%, _xlpm.examination*21*((_xlpm.st1Score<>"")+(_xlpm.st2Score<>"")),0), _xlpm.remarks, _xlfn.IFS( N(_xlpm.transmutedgrade)>=90,"Passed [A]", N(_xlpm.transmutedgrade)>=80,"Passed [B]", N(_xlpm.transmutedgrade)>=75,"Passed [C]", N(_xlpm.transmutedgrade)>=65,"Failed [D]",TRUE,"Failed [E]"), IFERROR( IF(OR(_xlpm.wWorkScore="Error",_xlpm.pTaskScore="Error",_xlpm.examScore="Error",_xlpm.re="Error"),"Error", IF(_xlpm.transmutedgrade<>"", IF(_xlpm.wWorks+_xlpm.pTask=100%,_xlpm.remarks, IF(_xlpm.termExam="",IF(_xlpm.st2Score="", IF(_xlpm.initialgrade>=_xlpm.benchmark,"","At-Risk"), IF(N(_xlpm.transmutedgrade)<75,"At-Risk","")),_xlpm.remarks)), IF(_xlpm.initialgrade>=_xlpm.benchmark,"","At-Risk"))),""))} -> Passed [C]
B18: 10 | C18: =IF('Data Input'!M16="","",'Data Input'!M16) -> 2000485973 | D18: =IF(ISBLANK('Data Input'!N16),"",PROPER('Data Input'!N16)) -> Delos Reyes, Gavin Zue | E18: 5 | F18: 16 | G18: 5 | H18: 20 | Y18: {=_xlfn.LET( _xlpm.score,E18:X18, _xlpm.limit,$E$6:$X$6, IF(OR(D18="",COUNTA(_xlpm.score)=0),"", IF(COUNTA(_xlpm.score,_xlpm.limit)=0,"", IF( OR( SUM((_xlpm.limit="")*(_xlpm.score<>""))>0, SUM(ISTEXT(_xlpm.limit)*1)>0, SUM(ISTEXT(_xlpm.score)*1)>0, SUM(ISLOGICAL(_xlpm.limit)*1)>0, SUM(ISLOGICAL(_xlpm.score)*1)>0, SUM(ISERROR(_xlpm.limit)*1)>0, SUM(ISERROR(_xlpm.score)*1)>0 ), "Error", IF( SUM((ISNUMBER(_xlpm.limit)*ISNUMBER(_xlpm.score)*(_xlpm.score>_xlpm.limit))*1)>0, "Error", IF(SUM(_xlpm.score)>$Y$6, "Error", SUM(_xlpm.score) ))))))} -> 46 | Z18: =IF(D18="","",IF(Y18="Error","Error",IFERROR((Y18/$Y$6*$Z$6),""))) -> 65.714286 | AA18: =IFERROR(IF(D18="","",IF(Z18="Error","Error",(Z18*$AA$6))),"") -> 13.142857 | AB18: 49 | AC18: 95 | AQ18: {=_xlfn.LET( _xlpm.score,AB18:AP18, _xlpm.limit,$AB$6:$AP$6, IF(OR(D18="",COUNTA(_xlpm.score)=0),"", IF(COUNTA(_xlpm.score,_xlpm.limit)=0,"", IF( OR( SUM((_xlpm.limit="")*(_xlpm.score<>""))>0, SUM(ISTEXT(_xlpm.limit)*1)>0, SUM(ISTEXT(_xlpm.score)*1)>0, SUM(ISLOGICAL(_xlpm.limit)*1)>0, SUM(ISLOGICAL(_xlpm.score)*1)>0, SUM(ISERROR(_xlpm.limit)*1)>0, SUM(ISERROR(_xlpm.score)*1)>0 ), "Error", IF( SUM((ISNUMBER(_xlpm.limit)*ISNUMBER(_xlpm.score)*(_xlpm.score>_xlpm.limit))*1)>0, "Error", IF(SUM(_xlpm.score)>$AQ$6, "Error", SUM(_xlpm.score) ))))))} -> 144 | AR18: =IF(D18="","",IF(AQ18="Error","Error",IFERROR((AQ18/$AQ$6*$AR$6),""))) -> 96 | AS18: =IFERROR(IF(D18="","",IF(AR18="Error","Error",(AR18*$AS$6))),"") -> 48 | AT18: 40 | AU18: 43 | AV18: 79 | AW18: =IF(OR(D18="",AT18=""),"", IF($AT$6=0,"Error", IF(OR(AND($AT$6="",AT18<>""), ISTEXT($AT$6), ISTEXT(AT18), ISLOGICAL($AT$6), ISLOGICAL(AT18), ISERROR($AT$6), ISERROR(AT18)),"Error", IF(AT18>$AT$6,"Error", IF($AT$6=0,"",AT18/$AT$6*$AZ$7*$AW$7))))) -> 26.666667 | AX18: =IF(OR(D18="",AU18=""),"", IF($AU$6=0,"Error", IF(OR(AND($AU$6="",AU18<>""), ISTEXT($AU$6), ISTEXT(AU18), ISLOGICAL($AU$6), ISLOGICAL(AU18), ISERROR($AU$6), ISERROR(AU18)),"Error", IF(AU18>$AU$6,"Error", IF($AU$6=0,"",AU18/$AU$6*$AZ$7*$AX$7))))) -> 28.666667 | AY18: =IF(OR(D18="",AV18=""),"", IF($AV$6=0,"Error", IF(OR(AND($AV$6="",AV18<>""), ISTEXT($AV$6), ISTEXT(AV18), ISLOGICAL($AV$6), ISLOGICAL(AV18), ISERROR($AV$6), ISERROR(AV18)),"Error", IF(AV18>$AV$6,"Error", IF($AV$6=0,"",AV18/$AV$6*$AZ$7*$AY$7))))) -> 31.6 | AZ18: =IF(D18="","",IF(COUNTIF(AW18:AY18,"Error")>0,"Error",IFERROR(IF(COUNT(AW18:AY18)=0,"",SUM(AW18:AY18)),""))) -> 86.933333 | BA18: =IFERROR(IF(D18="","",IF(AZ18="Error","Error",(AZ18*$BA$7))),"") -> 26.08 | BC18: =IF(OR(D18="",BB18=""),"",IF(BB18="Error","Error",IFERROR((BB18/$BB$6*$BC$6),""))) | BD18: =IF(AND(AY18="",BB18<>""),"Error",IF(BB18="","",IF(BB18>$BB$6,"Error",IF(BC18>=75,"Passed","Failed")))) | BE18: =_xlfn.LET( _xlpm.total,ROUND((N(AA18)+N(AS18)+N(BA18)),2), IF(OR(AA18="Error",AS18="Error",BA18="Error",BD18="Error"),"Error", IF(AND(AA18="",AS18="",BA18=""),"", IF(_xlpm.total>=70,_xlpm.total,IF(BD18="Passed",70,_xlpm.total))))) -> 87.22 | BF18: =IF(OR(AA18="Error",AS18="Error",BA18="Error",BD18="Error"),"Error", IF(D18="","", IF(AND(N($AA$6)+N($AS$6)+N($BA$7)=100%, OR(N($AA$6)=0,AA18<>""),OR(N($AS$6)=0,AS18<>""),OR(N($BA$7)=0,BA18<>""),BE18<>""), _xlfn.XLOOKUP(BE18,'Helper 1'!$B$3:$B$43,'Helper 1'!$D$3:$D$43,,-1),""))) -> 89 | BG18: {=_xlfn.LET( _xlpm.wWorks,$AA$6,_xlpm.pTask,$AS$6,_xlpm.examination,$BA$7, _xlpm.initialgrade,BE18,_xlpm.transmutedgrade,BF18,_xlpm.termExam,AY18, _xlpm.wWorkScore,AA18,_xlpm.pTaskScore,AS18,_xlpm.st1Score,AW18,_xlpm.st2Score,AX18,_xlpm.examScore,BA18,_xlpm.re,BD18, _xlpm.benchmark, _xlpm.wWorks*70*(_xlpm.wWorkScore<>"")+ _xlpm.pTask*70*(_xlpm.pTaskScore<>"")+ IF(_xlpm.wWorks+_xlpm.pTask<>100%, _xlpm.examination*21*((_xlpm.st1Score<>"")+(_xlpm.st2Score<>"")),0), _xlpm.remarks, _xlfn.IFS( N(_xlpm.transmutedgrade)>=90,"Passed [A]", N(_xlpm.transmutedgrade)>=80,"Passed [B]", N(_xlpm.transmutedgrade)>=75,"Passed [C]", N(_xlpm.transmutedgrade)>=65,"Failed [D]",TRUE,"Failed [E]"), IFERROR( IF(OR(_xlpm.wWorkScore="Error",_xlpm.pTaskScore="Error",_xlpm.examScore="Error",_xlpm.re="Error"),"Error", IF(_xlpm.transmutedgrade<>"", IF(_xlpm.wWorks+_xlpm.pTask=100%,_xlpm.remarks, IF(_xlpm.termExam="",IF(_xlpm.st2Score="", IF(_xlpm.initialgrade>=_xlpm.benchmark,"","At-Risk"), IF(N(_xlpm.transmutedgrade)<75,"At-Risk","")),_xlpm.remarks)), IF(_xlpm.initialgrade>=_xlpm.benchmark,"","At-Risk"))),""))} -> Passed [B]
B19: 11 | C19: =IF('Data Input'!M17="","",'Data Input'!M17) -> 2000486374 | D19: =IF(ISBLANK('Data Input'!N17),"",PROPER('Data Input'!N17)) -> Dianela, Mary Diane | E19: 18 | F19: 13 | G19: 4 | H19: 20 | Y19: {=_xlfn.LET( _xlpm.score,E19:X19, _xlpm.limit,$E$6:$X$6, IF(OR(D19="",COUNTA(_xlpm.score)=0),"", IF(COUNTA(_xlpm.score,_xlpm.limit)=0,"", IF( OR( SUM((_xlpm.limit="")*(_xlpm.score<>""))>0, SUM(ISTEXT(_xlpm.limit)*1)>0, SUM(ISTEXT(_xlpm.score)*1)>0, SUM(ISLOGICAL(_xlpm.limit)*1)>0, SUM(ISLOGICAL(_xlpm.score)*1)>0, SUM(ISERROR(_xlpm.limit)*1)>0, SUM(ISERROR(_xlpm.score)*1)>0 ), "Error", IF( SUM((ISNUMBER(_xlpm.limit)*ISNUMBER(_xlpm.score)*(_xlpm.score>_xlpm.limit))*1)>0, "Error", IF(SUM(_xlpm.score)>$Y$6, "Error", SUM(_xlpm.score) ))))))} -> 55 | Z19: =IF(D19="","",IF(Y19="Error","Error",IFERROR((Y19/$Y$6*$Z$6),""))) -> 78.571429 | AA19: =IFERROR(IF(D19="","",IF(Z19="Error","Error",(Z19*$AA$6))),"") -> 15.714286 | AB19: 50 | AC19: 93 | AQ19: {=_xlfn.LET( _xlpm.score,AB19:AP19, _xlpm.limit,$AB$6:$AP$6, IF(OR(D19="",COUNTA(_xlpm.score)=0),"", IF(COUNTA(_xlpm.score,_xlpm.limit)=0,"", IF( OR( SUM((_xlpm.limit="")*(_xlpm.score<>""))>0, SUM(ISTEXT(_xlpm.limit)*1)>0, SUM(ISTEXT(_xlpm.score)*1)>0, SUM(ISLOGICAL(_xlpm.limit)*1)>0, SUM(ISLOGICAL(_xlpm.score)*1)>0, SUM(ISERROR(_xlpm.limit)*1)>0, SUM(ISERROR(_xlpm.score)*1)>0 ), "Error", IF( SUM((ISNUMBER(_xlpm.limit)*ISNUMBER(_xlpm.score)*(_xlpm.score>_xlpm.limit))*1)>0, "Error", IF(SUM(_xlpm.score)>$AQ$6, "Error", SUM(_xlpm.score) ))))))} -> 143 | AR19: =IF(D19="","",IF(AQ19="Error","Error",IFERROR((AQ19/$AQ$6*$AR$6),""))) -> 95.333333 | AS19: =IFERROR(IF(D19="","",IF(AR19="Error","Error",(AR19*$AS$6))),"") -> 47.666667 | AT19: 38 | AU19: 35 | AV19: 50 | AW19: =IF(OR(D19="",AT19=""),"", IF($AT$6=0,"Error", IF(OR(AND($AT$6="",AT19<>""), ISTEXT($AT$6), ISTEXT(AT19), ISLOGICAL($AT$6), ISLOGICAL(AT19), ISERROR($AT$6), ISERROR(AT19)),"Error", IF(AT19>$AT$6,"Error", IF($AT$6=0,"",AT19/$AT$6*$AZ$7*$AW$7))))) -> 25.333333 | AX19: =IF(OR(D19="",AU19=""),"", IF($AU$6=0,"Error", IF(OR(AND($AU$6="",AU19<>""), ISTEXT($AU$6), ISTEXT(AU19), ISLOGICAL($AU$6), ISLOGICAL(AU19), ISERROR($AU$6), ISERROR(AU19)),"Error", IF(AU19>$AU$6,"Error", IF($AU$6=0,"",AU19/$AU$6*$AZ$7*$AX$7))))) -> 23.333333 | AY19: =IF(OR(D19="",AV19=""),"", IF($AV$6=0,"Error", IF(OR(AND($AV$6="",AV19<>""), ISTEXT($AV$6), ISTEXT(AV19), ISLOGICAL($AV$6), ISLOGICAL(AV19), ISERROR($AV$6), ISERROR(AV19)),"Error", IF(AV19>$AV$6,"Error", IF($AV$6=0,"",AV19/$AV$6*$AZ$7*$AY$7))))) -> 20 | AZ19: =IF(D19="","",IF(COUNTIF(AW19:AY19,"Error")>0,"Error",IFERROR(IF(COUNT(AW19:AY19)=0,"",SUM(AW19:AY19)),""))) -> 68.666667 | BA19: =IFERROR(IF(D19="","",IF(AZ19="Error","Error",(AZ19*$BA$7))),"") -> 20.6 | BC19: =IF(OR(D19="",BB19=""),"",IF(BB19="Error","Error",IFERROR((BB19/$BB$6*$BC$6),""))) | BD19: =IF(AND(AY19="",BB19<>""),"Error",IF(BB19="","",IF(BB19>$BB$6,"Error",IF(BC19>=75,"Passed","Failed")))) | BE19: =_xlfn.LET( _xlpm.total,ROUND((N(AA19)+N(AS19)+N(BA19)),2), IF(OR(AA19="Error",AS19="Error",BA19="Error",BD19="Error"),"Error", IF(AND(AA19="",AS19="",BA19=""),"", IF(_xlpm.total>=70,_xlpm.total,IF(BD19="Passed",70,_xlpm.total))))) -> 83.98 | BF19: =IF(OR(AA19="Error",AS19="Error",BA19="Error",BD19="Error"),"Error", IF(D19="","", IF(AND(N($AA$6)+N($AS$6)+N($BA$7)=100%, OR(N($AA$6)=0,AA19<>""),OR(N($AS$6)=0,AS19<>""),OR(N($BA$7)=0,BA19<>""),BE19<>""), _xlfn.XLOOKUP(BE19,'Helper 1'!$B$3:$B$43,'Helper 1'!$D$3:$D$43,,-1),""))) -> 86 | BG19: {=_xlfn.LET( _xlpm.wWorks,$AA$6,_xlpm.pTask,$AS$6,_xlpm.examination,$BA$7, _xlpm.initialgrade,BE19,_xlpm.transmutedgrade,BF19,_xlpm.termExam,AY19, _xlpm.wWorkScore,AA19,_xlpm.pTaskScore,AS19,_xlpm.st1Score,AW19,_xlpm.st2Score,AX19,_xlpm.examScore,BA19,_xlpm.re,BD19, _xlpm.benchmark, _xlpm.wWorks*70*(_xlpm.wWorkScore<>"")+ _xlpm.pTask*70*(_xlpm.pTaskScore<>"")+ IF(_xlpm.wWorks+_xlpm.pTask<>100%, _xlpm.examination*21*((_xlpm.st1Score<>"")+(_xlpm.st2Score<>"")),0), _xlpm.remarks, _xlfn.IFS( N(_xlpm.transmutedgrade)>=90,"Passed [A]", N(_xlpm.transmutedgrade)>=80,"Passed [B]", N(_xlpm.transmutedgrade)>=75,"Passed [C]", N(_xlpm.transmutedgrade)>=65,"Failed [D]",TRUE,"Failed [E]"), IFERROR( IF(OR(_xlpm.wWorkScore="Error",_xlpm.pTaskScore="Error",_xlpm.examScore="Error",_xlpm.re="Error"),"Error", IF(_xlpm.transmutedgrade<>"", IF(_xlpm.wWorks+_xlpm.pTask=100%,_xlpm.remarks, IF(_xlpm.termExam="",IF(_xlpm.st2Score="", IF(_xlpm.initialgrade>=_xlpm.benchmark,"","At-Risk"), IF(N(_xlpm.transmutedgrade)<75,"At-Risk","")),_xlpm.remarks)), IF(_xlpm.initialgrade>=_xlpm.benchmark,"","At-Risk"))),""))} -> Passed [B]
B20: 12 | C20: =IF('Data Input'!M18="","",'Data Input'!M18) -> 2000486376 | D20: =IF(ISBLANK('Data Input'!N18),"",PROPER('Data Input'!N18)) -> Dikit, Jon Juin | E20: 3 | F20: 13 | G20: 6 | H20: 20 | Y20: {=_xlfn.LET( _xlpm.score,E20:X20, _xlpm.limit,$E$6:$X$6, IF(OR(D20="",COUNTA(_xlpm.score)=0),"", IF(COUNTA(_xlpm.score,_xlpm.limit)=0,"", IF( OR( SUM((_xlpm.limit="")*(_xlpm.score<>""))>0, SUM(ISTEXT(_xlpm.limit)*1)>0, SUM(ISTEXT(_xlpm.score)*1)>0, SUM(ISLOGICAL(_xlpm.limit)*1)>0, SUM(ISLOGICAL(_xlpm.score)*1)>0, SUM(ISERROR(_xlpm.limit)*1)>0, SUM(ISERROR(_xlpm.score)*1)>0 ), "Error", IF( SUM((ISNUMBER(_xlpm.limit)*ISNUMBER(_xlpm.score)*(_xlpm.score>_xlpm.limit))*1)>0, "Error", IF(SUM(_xlpm.score)>$Y$6, "Error", SUM(_xlpm.score) ))))))} -> 42 | Z20: =IF(D20="","",IF(Y20="Error","Error",IFERROR((Y20/$Y$6*$Z$6),""))) -> 60 | AA20: =IFERROR(IF(D20="","",IF(Z20="Error","Error",(Z20*$AA$6))),"") -> 12 | AB20: 48 | AC20: 88 | AQ20: {=_xlfn.LET( _xlpm.score,AB20:AP20, _xlpm.limit,$AB$6:$AP$6, IF(OR(D20="",COUNTA(_xlpm.score)=0),"", IF(COUNTA(_xlpm.score,_xlpm.limit)=0,"", IF( OR( SUM((_xlpm.limit="")*(_xlpm.score<>""))>0, SUM(ISTEXT(_xlpm.limit)*1)>0, SUM(ISTEXT(_xlpm.score)*1)>0, SUM(ISLOGICAL(_xlpm.limit)*1)>0, SUM(ISLOGICAL(_xlpm.score)*1)>0, SUM(ISERROR(_xlpm.limit)*1)>0, SUM(ISERROR(_xlpm.score)*1)>0 ), "Error", IF( SUM((ISNUMBER(_xlpm.limit)*ISNUMBER(_xlpm.score)*(_xlpm.score>_xlpm.limit))*1)>0, "Error", IF(SUM(_xlpm.score)>$AQ$6, "Error", SUM(_xlpm.score) ))))))} -> 136 | AR20: =IF(D20="","",IF(AQ20="Error","Error",IFERROR((AQ20/$AQ$6*$AR$6),""))) -> 90.666667 | AS20: =IFERROR(IF(D20="","",IF(AR20="Error","Error",(AR20*$AS$6))),"") -> 45.333333 | AT20: 35 | AU20: 28 | AV20: 40 | AW20: =IF(OR(D20="",AT20=""),"", IF($AT$6=0,"Error", IF(OR(AND($AT$6="",AT20<>""), ISTEXT($AT$6), ISTEXT(AT20), ISLOGICAL($AT$6), ISLOGICAL(AT20), ISERROR($AT$6), ISERROR(AT20)),"Error", IF(AT20>$AT$6,"Error", IF($AT$6=0,"",AT20/$AT$6*$AZ$7*$AW$7))))) -> 23.333333 | AX20: =IF(OR(D20="",AU20=""),"", IF($AU$6=0,"Error", IF(OR(AND($AU$6="",AU20<>""), ISTEXT($AU$6), ISTEXT(AU20), ISLOGICAL($AU$6), ISLOGICAL(AU20), ISERROR($AU$6), ISERROR(AU20)),"Error", IF(AU20>$AU$6,"Error", IF($AU$6=0,"",AU20/$AU$6*$AZ$7*$AX$7))))) -> 18.666667 | AY20: =IF(OR(D20="",AV20=""),"", IF($AV$6=0,"Error", IF(OR(AND($AV$6="",AV20<>""), ISTEXT($AV$6), ISTEXT(AV20), ISLOGICAL($AV$6), ISLOGICAL(AV20), ISERROR($AV$6), ISERROR(AV20)),"Error", IF(AV20>$AV$6,"Error", IF($AV$6=0,"",AV20/$AV$6*$AZ$7*$AY$7))))) -> 16 | AZ20: =IF(D20="","",IF(COUNTIF(AW20:AY20,"Error")>0,"Error",IFERROR(IF(COUNT(AW20:AY20)=0,"",SUM(AW20:AY20)),""))) -> 58 | BA20: =IFERROR(IF(D20="","",IF(AZ20="Error","Error",(AZ20*$BA$7))),"") -> 17.4 | BC20: =IF(OR(D20="",BB20=""),"",IF(BB20="Error","Error",IFERROR((BB20/$BB$6*$BC$6),""))) | BD20: =IF(AND(AY20="",BB20<>""),"Error",IF(BB20="","",IF(BB20>$BB$6,"Error",IF(BC20>=75,"Passed","Failed")))) | BE20: =_xlfn.LET( _xlpm.total,ROUND((N(AA20)+N(AS20)+N(BA20)),2), IF(OR(AA20="Error",AS20="Error",BA20="Error",BD20="Error"),"Error", IF(AND(AA20="",AS20="",BA20=""),"", IF(_xlpm.total>=70,_xlpm.total,IF(BD20="Passed",70,_xlpm.total))))) -> 74.73 | BF20: =IF(OR(AA20="Error",AS20="Error",BA20="Error",BD20="Error"),"Error", IF(D20="","", IF(AND(N($AA$6)+N($AS$6)+N($BA$7)=100%, OR(N($AA$6)=0,AA20<>""),OR(N($AS$6)=0,AS20<>""),OR(N($BA$7)=0,BA20<>""),BE20<>""), _xlfn.XLOOKUP(BE20,'Helper 1'!$B$3:$B$43,'Helper 1'!$D$3:$D$43,,-1),""))) -> 79 | BG20: {=_xlfn.LET( _xlpm.wWorks,$AA$6,_xlpm.pTask,$AS$6,_xlpm.examination,$BA$7, _xlpm.initialgrade,BE20,_xlpm.transmutedgrade,BF20,_xlpm.termExam,AY20, _xlpm.wWorkScore,AA20,_xlpm.pTaskScore,AS20,_xlpm.st1Score,AW20,_xlpm.st2Score,AX20,_xlpm.examScore,BA20,_xlpm.re,BD20, _xlpm.benchmark, _xlpm.wWorks*70*(_xlpm.wWorkScore<>"")+ _xlpm.pTask*70*(_xlpm.pTaskScore<>"")+ IF(_xlpm.wWorks+_xlpm.pTask<>100%, _xlpm.examination*21*((_xlpm.st1Score<>"")+(_xlpm.st2Score<>"")),0), _xlpm.remarks, _xlfn.IFS( N(_xlpm.transmutedgrade)>=90,"Passed [A]", N(_xlpm.transmutedgrade)>=80,"Passed [B]", N(_xlpm.transmutedgrade)>=75,"Passed [C]", N(_xlpm.transmutedgrade)>=65,"Failed [D]",TRUE,"Failed [E]"), IFERROR( IF(OR(_xlpm.wWorkScore="Error",_xlpm.pTaskScore="Error",_xlpm.examScore="Error",_xlpm.re="Error"),"Error", IF(_xlpm.transmutedgrade<>"", IF(_xlpm.wWorks+_xlpm.pTask=100%,_xlpm.remarks, IF(_xlpm.termExam="",IF(_xlpm.st2Score="", IF(_xlpm.initialgrade>=_xlpm.benchmark,"","At-Risk"), IF(N(_xlpm.transmutedgrade)<75,"At-Risk","")),_xlpm.remarks)), IF(_xlpm.initialgrade>=_xlpm.benchmark,"","At-Risk"))),""))} -> Passed [C]
B21: 13 | C21: =IF('Data Input'!M19="","",'Data Input'!M19) -> 2000490030 | D21: =IF(ISBLANK('Data Input'!N19),"",PROPER('Data Input'!N19)) -> Estor, Phoeb Remedios | E21: 0 | F21: 3 | G21: 3 | H21: 20 | Y21: {=_xlfn.LET( _xlpm.score,E21:X21, _xlpm.limit,$E$6:$X$6, IF(OR(D21="",COUNTA(_xlpm.score)=0),"", IF(COUNTA(_xlpm.score,_xlpm.limit)=0,"", IF( OR( SUM((_xlpm.limit="")*(_xlpm.score<>""))>0, SUM(ISTEXT(_xlpm.limit)*1)>0, SUM(ISTEXT(_xlpm.score)*1)>0, SUM(ISLOGICAL(_xlpm.limit)*1)>0, SUM(ISLOGICAL(_xlpm.score)*1)>0, SUM(ISERROR(_xlpm.limit)*1)>0, SUM(ISERROR(_xlpm.score)*1)>0 ), "Error", IF( SUM((ISNUMBER(_xlpm.limit)*ISNUMBER(_xlpm.score)*(_xlpm.score>_xlpm.limit))*1)>0, "Error", IF(SUM(_xlpm.score)>$Y$6, "Error", SUM(_xlpm.score) ))))))} -> 26 | Z21: =IF(D21="","",IF(Y21="Error","Error",IFERROR((Y21/$Y$6*$Z$6),""))) -> 37.142857 | AA21: =IFERROR(IF(D21="","",IF(Z21="Error","Error",(Z21*$AA$6))),"") -> 7.4285714 | AB21: 46 | AC21: 88 | AQ21: {=_xlfn.LET( _xlpm.score,AB21:AP21, _xlpm.limit,$AB$6:$AP$6, IF(OR(D21="",COUNTA(_xlpm.score)=0),"", IF(COUNTA(_xlpm.score,_xlpm.limit)=0,"", IF( OR( SUM((_xlpm.limit="")*(_xlpm.score<>""))>0, SUM(ISTEXT(_xlpm.limit)*1)>0, SUM(ISTEXT(_xlpm.score)*1)>0, SUM(ISLOGICAL(_xlpm.limit)*1)>0, SUM(ISLOGICAL(_xlpm.score)*1)>0, SUM(ISERROR(_xlpm.limit)*1)>0, SUM(ISERROR(_xlpm.score)*1)>0 ), "Error", IF( SUM((ISNUMBER(_xlpm.limit)*ISNUMBER(_xlpm.score)*(_xlpm.score>_xlpm.limit))*1)>0, "Error", IF(SUM(_xlpm.score)>$AQ$6, "Error", SUM(_xlpm.score) ))))))} -> 134 | AR21: =IF(D21="","",IF(AQ21="Error","Error",IFERROR((AQ21/$AQ$6*$AR$6),""))) -> 89.333333 | AS21: =IFERROR(IF(D21="","",IF(AR21="Error","Error",(AR21*$AS$6))),"") -> 44.666667 | AT21: 27 | AU21: 22 | AV21: 51 | AW21: =IF(OR(D21="",AT21=""),"", IF($AT$6=0,"Error", IF(OR(AND($AT$6="",AT21<>""), ISTEXT($AT$6), ISTEXT(AT21), ISLOGICAL($AT$6), ISLOGICAL(AT21), ISERROR($AT$6), ISERROR(AT21)),"Error", IF(AT21>$AT$6,"Error", IF($AT$6=0,"",AT21/$AT$6*$AZ$7*$AW$7))))) -> 18 | AX21: =IF(OR(D21="",AU21=""),"", IF($AU$6=0,"Error", IF(OR(AND($AU$6="",AU21<>""), ISTEXT($AU$6), ISTEXT(AU21), ISLOGICAL($AU$6), ISLOGICAL(AU21), ISERROR($AU$6), ISERROR(AU21)),"Error", IF(AU21>$AU$6,"Error", IF($AU$6=0,"",AU21/$AU$6*$AZ$7*$AX$7))))) -> 14.666667 | AY21: =IF(OR(D21="",AV21=""),"", IF($AV$6=0,"Error", IF(OR(AND($AV$6="",AV21<>""), ISTEXT($AV$6), ISTEXT(AV21), ISLOGICAL($AV$6), ISLOGICAL(AV21), ISERROR($AV$6), ISERROR(AV21)),"Error", IF(AV21>$AV$6,"Error", IF($AV$6=0,"",AV21/$AV$6*$AZ$7*$AY$7))))) -> 20.4 | AZ21: =IF(D21="","",IF(COUNTIF(AW21:AY21,"Error")>0,"Error",IFERROR(IF(COUNT(AW21:AY21)=0,"",SUM(AW21:AY21)),""))) -> 53.066667 | BA21: =IFERROR(IF(D21="","",IF(AZ21="Error","Error",(AZ21*$BA$7))),"") -> 15.92 | BC21: =IF(OR(D21="",BB21=""),"",IF(BB21="Error","Error",IFERROR((BB21/$BB$6*$BC$6),""))) | BD21: =IF(AND(AY21="",BB21<>""),"Error",IF(BB21="","",IF(BB21>$BB$6,"Error",IF(BC21>=75,"Passed","Failed")))) | BE21: =_xlfn.LET( _xlpm.total,ROUND((N(AA21)+N(AS21)+N(BA21)),2), IF(OR(AA21="Error",AS21="Error",BA21="Error",BD21="Error"),"Error", IF(AND(AA21="",AS21="",BA21=""),"", IF(_xlpm.total>=70,_xlpm.total,IF(BD21="Passed",70,_xlpm.total))))) -> 68.02 | BF21: =IF(OR(AA21="Error",AS21="Error",BA21="Error",BD21="Error"),"Error", IF(D21="","", IF(AND(N($AA$6)+N($AS$6)+N($BA$7)=100%, OR(N($AA$6)=0,AA21<>""),OR(N($AS$6)=0,AS21<>""),OR(N($BA$7)=0,BA21<>""),BE21<>""), _xlfn.XLOOKUP(BE21,'Helper 1'!$B$3:$B$43,'Helper 1'!$D$3:$D$43,,-1),""))) -> 74 | BG21: {=_xlfn.LET( _xlpm.wWorks,$AA$6,_xlpm.pTask,$AS$6,_xlpm.examination,$BA$7, _xlpm.initialgrade,BE21,_xlpm.transmutedgrade,BF21,_xlpm.termExam,AY21, _xlpm.wWorkScore,AA21,_xlpm.pTaskScore,AS21,_xlpm.st1Score,AW21,_xlpm.st2Score,AX21,_xlpm.examScore,BA21,_xlpm.re,BD21, _xlpm.benchmark, _xlpm.wWorks*70*(_xlpm.wWorkScore<>"")+ _xlpm.pTask*70*(_xlpm.pTaskScore<>"")+ IF(_xlpm.wWorks+_xlpm.pTask<>100%, _xlpm.examination*21*((_xlpm.st1Score<>"")+(_xlpm.st2Score<>"")),0), _xlpm.remarks, _xlfn.IFS( N(_xlpm.transmutedgrade)>=90,"Passed [A]", N(_xlpm.transmutedgrade)>=80,"Passed [B]", N(_xlpm.transmutedgrade)>=75,"Passed [C]", N(_xlpm.transmutedgrade)>=65,"Failed [D]",TRUE,"Failed [E]"), IFERROR( IF(OR(_xlpm.wWorkScore="Error",_xlpm.pTaskScore="Error",_xlpm.examScore="Error",_xlpm.re="Error"),"Error", IF(_xlpm.transmutedgrade<>"", IF(_xlpm.wWorks+_xlpm.pTask=100%,_xlpm.remarks, IF(_xlpm.termExam="",IF(_xlpm.st2Score="", IF(_xlpm.initialgrade>=_xlpm.benchmark,"","At-Risk"), IF(N(_xlpm.transmutedgrade)<75,"At-Risk","")),_xlpm.remarks)), IF(_xlpm.initialgrade>=_xlpm.benchmark,"","At-Risk"))),""))} -> Failed [D]
B22: 14 | C22: =IF('Data Input'!M20="","",'Data Input'!M20) -> 2000498660 | D22: =IF(ISBLANK('Data Input'!N20),"",PROPER('Data Input'!N20)) -> Estoria, John Kyle Timothy | E22: 8 | F22: 13 | G22: 7 | H22: 20 | Y22: {=_xlfn.LET( _xlpm.score,E22:X22, _xlpm.limit,$E$6:$X$6, IF(OR(D22="",COUNTA(_xlpm.score)=0),"", IF(COUNTA(_xlpm.score,_xlpm.limit)=0,"", IF( OR( SUM((_xlpm.limit="")*(_xlpm.score<>""))>0, SUM(ISTEXT(_xlpm.limit)*1)>0, SUM(ISTEXT(_xlpm.score)*1)>0, SUM(ISLOGICAL(_xlpm.limit)*1)>0, SUM(ISLOGICAL(_xlpm.score)*1)>0, SUM(ISERROR(_xlpm.limit)*1)>0, SUM(ISERROR(_xlpm.score)*1)>0 ), "Error", IF( SUM((ISNUMBER(_xlpm.limit)*ISNUMBER(_xlpm.score)*(_xlpm.score>_xlpm.limit))*1)>0, "Error", IF(SUM(_xlpm.score)>$Y$6, "Error", SUM(_xlpm.score) ))))))} -> 48 | Z22: =IF(D22="","",IF(Y22="Error","Error",IFERROR((Y22/$Y$6*$Z$6),""))) -> 68.571429 | AA22: =IFERROR(IF(D22="","",IF(Z22="Error","Error",(Z22*$AA$6))),"") -> 13.714286 | AB22: 45 | AC22: 88 | AQ22: {=_xlfn.LET( _xlpm.score,AB22:AP22, _xlpm.limit,$AB$6:$AP$6, IF(OR(D22="",COUNTA(_xlpm.score)=0),"", IF(COUNTA(_xlpm.score,_xlpm.limit)=0,"", IF( OR( SUM((_xlpm.limit="")*(_xlpm.score<>""))>0, SUM(ISTEXT(_xlpm.limit)*1)>0, SUM(ISTEXT(_xlpm.score)*1)>0, SUM(ISLOGICAL(_xlpm.limit)*1)>0, SUM(ISLOGICAL(_xlpm.score)*1)>0, SUM(ISERROR(_xlpm.limit)*1)>0, SUM(ISERROR(_xlpm.score)*1)>0 ), "Error", IF( SUM((ISNUMBER(_xlpm.limit)*ISNUMBER(_xlpm.score)*(_xlpm.score>_xlpm.limit))*1)>0, "Error", IF(SUM(_xlpm.score)>$AQ$6, "Error", SUM(_xlpm.score) ))))))} -> 133 | AR22: =IF(D22="","",IF(AQ22="Error","Error",IFERROR((AQ22/$AQ$6*$AR$6),""))) -> 88.666667 | AS22: =IFERROR(IF(D22="","",IF(AR22="Error","Error",(AR22*$AS$6))),"") -> 44.333333 | AT22: 36 | AU22: 35 | AV22: 49 | AW22: =IF(OR(D22="",AT22=""),"", IF($AT$6=0,"Error", IF(OR(AND($AT$6="",AT22<>""), ISTEXT($AT$6), ISTEXT(AT22), ISLOGICAL($AT$6), ISLOGICAL(AT22), ISERROR($AT$6), ISERROR(AT22)),"Error", IF(AT22>$AT$6,"Error", IF($AT$6=0,"",AT22/$AT$6*$AZ$7*$AW$7))))) -> 24 | AX22: =IF(OR(D22="",AU22=""),"", IF($AU$6=0,"Error", IF(OR(AND($AU$6="",AU22<>""), ISTEXT($AU$6), ISTEXT(AU22), ISLOGICAL($AU$6), ISLOGICAL(AU22), ISERROR($AU$6), ISERROR(AU22)),"Error", IF(AU22>$AU$6,"Error", IF($AU$6=0,"",AU22/$AU$6*$AZ$7*$AX$7))))) -> 23.333333 | AY22: =IF(OR(D22="",AV22=""),"", IF($AV$6=0,"Error", IF(OR(AND($AV$6="",AV22<>""), ISTEXT($AV$6), ISTEXT(AV22), ISLOGICAL($AV$6), ISLOGICAL(AV22), ISERROR($AV$6), ISERROR(AV22)),"Error", IF(AV22>$AV$6,"Error", IF($AV$6=0,"",AV22/$AV$6*$AZ$7*$AY$7))))) -> 19.6 | AZ22: =IF(D22="","",IF(COUNTIF(AW22:AY22,"Error")>0,"Error",IFERROR(IF(COUNT(AW22:AY22)=0,"",SUM(AW22:AY22)),""))) -> 66.933333 | BA22: =IFERROR(IF(D22="","",IF(AZ22="Error","Error",(AZ22*$BA$7))),"") -> 20.08 | BC22: =IF(OR(D22="",BB22=""),"",IF(BB22="Error","Error",IFERROR((BB22/$BB$6*$BC$6),""))) | BD22: =IF(AND(AY22="",BB22<>""),"Error",IF(BB22="","",IF(BB22>$BB$6,"Error",IF(BC22>=75,"Passed","Failed")))) | BE22: =_xlfn.LET( _xlpm.total,ROUND((N(AA22)+N(AS22)+N(BA22)),2), IF(OR(AA22="Error",AS22="Error",BA22="Error",BD22="Error"),"Error", IF(AND(AA22="",AS22="",BA22=""),"", IF(_xlpm.total>=70,_xlpm.total,IF(BD22="Passed",70,_xlpm.total))))) -> 78.13 | BF22: =IF(OR(AA22="Error",AS22="Error",BA22="Error",BD22="Error"),"Error", IF(D22="","", IF(AND(N($AA$6)+N($AS$6)+N($BA$7)=100%, OR(N($AA$6)=0,AA22<>""),OR(N($AS$6)=0,AS22<>""),OR(N($BA$7)=0,BA22<>""),BE22<>""), _xlfn.XLOOKUP(BE22,'Helper 1'!$B$3:$B$43,'Helper 1'!$D$3:$D$43,,-1),""))) -> 81 | BG22: {=_xlfn.LET( _xlpm.wWorks,$AA$6,_xlpm.pTask,$AS$6,_xlpm.examination,$BA$7, _xlpm.initialgrade,BE22,_xlpm.transmutedgrade,BF22,_xlpm.termExam,AY22, _xlpm.wWorkScore,AA22,_xlpm.pTaskScore,AS22,_xlpm.st1Score,AW22,_xlpm.st2Score,AX22,_xlpm.examScore,BA22,_xlpm.re,BD22, _xlpm.benchmark, _xlpm.wWorks*70*(_xlpm.wWorkScore<>"")+ _xlpm.pTask*70*(_xlpm.pTaskScore<>"")+ IF(_xlpm.wWorks+_xlpm.pTask<>100%, _xlpm.examination*21*((_xlpm.st1Score<>"")+(_xlpm.st2Score<>"")),0), _xlpm.remarks, _xlfn.IFS( N(_xlpm.transmutedgrade)>=90,"Passed [A]", N(_xlpm.transmutedgrade)>=80,"Passed [B]", N(_xlpm.transmutedgrade)>=75,"Passed [C]", N(_xlpm.transmutedgrade)>=65,"Failed [D]",TRUE,"Failed [E]"), IFERROR( IF(OR(_xlpm.wWorkScore="Error",_xlpm.pTaskScore="Error",_xlpm.examScore="Error",_xlpm.re="Error"),"Error", IF(_xlpm.transmutedgrade<>"", IF(_xlpm.wWorks+_xlpm.pTask=100%,_xlpm.remarks, IF(_xlpm.termExam="",IF(_xlpm.st2Score="", IF(_xlpm.initialgrade>=_xlpm.benchmark,"","At-Risk"), IF(N(_xlpm.transmutedgrade)<75,"At-Risk","")),_xlpm.remarks)), IF(_xlpm.initialgrade>=_xlpm.benchmark,"","At-Risk"))),""))} -> Passed [B]
B23: 15 | C23: =IF('Data Input'!M21="","",'Data Input'!M21) -> 2000485981 | D23: =IF(ISBLANK('Data Input'!N21),"",PROPER('Data Input'!N21)) -> Garcia, Ariorie Ven Amher | E23: 13 | F23: 11 | G23: 8 | H23: 20 | Y23: {=_xlfn.LET( _xlpm.score,E23:X23, _xlpm.limit,$E$6:$X$6, IF(OR(D23="",COUNTA(_xlpm.score)=0),"", IF(COUNTA(_xlpm.score,_xlpm.limit)=0,"", IF( OR( SUM((_xlpm.limit="")*(_xlpm.score<>""))>0, SUM(ISTEXT(_xlpm.limit)*1)>0, SUM(ISTEXT(_xlpm.score)*1)>0, SUM(ISLOGICAL(_xlpm.limit)*1)>0, SUM(ISLOGICAL(_xlpm.score)*1)>0, SUM(ISERROR(_xlpm.limit)*1)>0, SUM(ISERROR(_xlpm.score)*1)>0 ), "Error", IF( SUM((ISNUMBER(_xlpm.limit)*ISNUMBER(_xlpm.score)*(_xlpm.score>_xlpm.limit))*1)>0, "Error", IF(SUM(_xlpm.score)>$Y$6, "Error", SUM(_xlpm.score) ))))))} -> 52 | Z23: =IF(D23="","",IF(Y23="Error","Error",IFERROR((Y23/$Y$6*$Z$6),""))) -> 74.285714 | AA23: =IFERROR(IF(D23="","",IF(Z23="Error","Error",(Z23*$AA$6))),"") -> 14.857143 | AB23: 45 | AC23: 93 | AQ23: {=_xlfn.LET( _xlpm.score,AB23:AP23, _xlpm.limit,$AB$6:$AP$6, IF(OR(D23="",COUNTA(_xlpm.score)=0),"", IF(COUNTA(_xlpm.score,_xlpm.limit)=0,"", IF( OR( SUM((_xlpm.limit="")*(_xlpm.score<>""))>0, SUM(ISTEXT(_xlpm.limit)*1)>0, SUM(ISTEXT(_xlpm.score)*1)>0, SUM(ISLOGICAL(_xlpm.limit)*1)>0, SUM(ISLOGICAL(_xlpm.score)*1)>0, SUM(ISERROR(_xlpm.limit)*1)>0, SUM(ISERROR(_xlpm.score)*1)>0 ), "Error", IF( SUM((ISNUMBER(_xlpm.limit)*ISNUMBER(_xlpm.score)*(_xlpm.score>_xlpm.limit))*1)>0, "Error", IF(SUM(_xlpm.score)>$AQ$6, "Error", SUM(_xlpm.score) ))))))} -> 138 | AR23: =IF(D23="","",IF(AQ23="Error","Error",IFERROR((AQ23/$AQ$6*$AR$6),""))) -> 92 | AS23: =IFERROR(IF(D23="","",IF(AR23="Error","Error",(AR23*$AS$6))),"") -> 46 | AT23: 40 | AU23: 40 | AV23: 61 | AW23: =IF(OR(D23="",AT23=""),"", IF($AT$6=0,"Error", IF(OR(AND($AT$6="",AT23<>""), ISTEXT($AT$6), ISTEXT(AT23), ISLOGICAL($AT$6), ISLOGICAL(AT23), ISERROR($AT$6), ISERROR(AT23)),"Error", IF(AT23>$AT$6,"Error", IF($AT$6=0,"",AT23/$AT$6*$AZ$7*$AW$7))))) -> 26.666667 | AX23: =IF(OR(D23="",AU23=""),"", IF($AU$6=0,"Error", IF(OR(AND($AU$6="",AU23<>""), ISTEXT($AU$6), ISTEXT(AU23), ISLOGICAL($AU$6), ISLOGICAL(AU23), ISERROR($AU$6), ISERROR(AU23)),"Error", IF(AU23>$AU$6,"Error", IF($AU$6=0,"",AU23/$AU$6*$AZ$7*$AX$7))))) -> 26.666667 | AY23: =IF(OR(D23="",AV23=""),"", IF($AV$6=0,"Error", IF(OR(AND($AV$6="",AV23<>""), ISTEXT($AV$6), ISTEXT(AV23), ISLOGICAL($AV$6), ISLOGICAL(AV23), ISERROR($AV$6), ISERROR(AV23)),"Error", IF(AV23>$AV$6,"Error", IF($AV$6=0,"",AV23/$AV$6*$AZ$7*$AY$7))))) -> 24.4 | AZ23: =IF(D23="","",IF(COUNTIF(AW23:AY23,"Error")>0,"Error",IFERROR(IF(COUNT(AW23:AY23)=0,"",SUM(AW23:AY23)),""))) -> 77.733333 | BA23: =IFERROR(IF(D23="","",IF(AZ23="Error","Error",(AZ23*$BA$7))),"") -> 23.32 | BC23: =IF(OR(D23="",BB23=""),"",IF(BB23="Error","Error",IFERROR((BB23/$BB$6*$BC$6),""))) | BD23: =IF(AND(AY23="",BB23<>""),"Error",IF(BB23="","",IF(BB23>$BB$6,"Error",IF(BC23>=75,"Passed","Failed")))) | BE23: =_xlfn.LET( _xlpm.total,ROUND((N(AA23)+N(AS23)+N(BA23)),2), IF(OR(AA23="Error",AS23="Error",BA23="Error",BD23="Error"),"Error", IF(AND(AA23="",AS23="",BA23=""),"", IF(_xlpm.total>=70,_xlpm.total,IF(BD23="Passed",70,_xlpm.total))))) -> 84.18 | BF23: =IF(OR(AA23="Error",AS23="Error",BA23="Error",BD23="Error"),"Error", IF(D23="","", IF(AND(N($AA$6)+N($AS$6)+N($BA$7)=100%, OR(N($AA$6)=0,AA23<>""),OR(N($AS$6)=0,AS23<>""),OR(N($BA$7)=0,BA23<>""),BE23<>""), _xlfn.XLOOKUP(BE23,'Helper 1'!$B$3:$B$43,'Helper 1'!$D$3:$D$43,,-1),""))) -> 87 | BG23: {=_xlfn.LET( _xlpm.wWorks,$AA$6,_xlpm.pTask,$AS$6,_xlpm.examination,$BA$7, _xlpm.initialgrade,BE23,_xlpm.transmutedgrade,BF23,_xlpm.termExam,AY23, _xlpm.wWorkScore,AA23,_xlpm.pTaskScore,AS23,_xlpm.st1Score,AW23,_xlpm.st2Score,AX23,_xlpm.examScore,BA23,_xlpm.re,BD23, _xlpm.benchmark, _xlpm.wWorks*70*(_xlpm.wWorkScore<>"")+ _xlpm.pTask*70*(_xlpm.pTaskScore<>"")+ IF(_xlpm.wWorks+_xlpm.pTask<>100%, _xlpm.examination*21*((_xlpm.st1Score<>"")+(_xlpm.st2Score<>"")),0), _xlpm.remarks, _xlfn.IFS( N(_xlpm.transmutedgrade)>=90,"Passed [A]", N(_xlpm.transmutedgrade)>=80,"Passed [B]", N(_xlpm.transmutedgrade)>=75,"Passed [C]", N(_xlpm.transmutedgrade)>=65,"Failed [D]",TRUE,"Failed [E]"), IFERROR( IF(OR(_xlpm.wWorkScore="Error",_xlpm.pTaskScore="Error",_xlpm.examScore="Error",_xlpm.re="Error"),"Error", IF(_xlpm.transmutedgrade<>"", IF(_xlpm.wWorks+_xlpm.pTask=100%,_xlpm.remarks, IF(_xlpm.termExam="",IF(_xlpm.st2Score="", IF(_xlpm.initialgrade>=_xlpm.benchmark,"","At-Risk"), IF(N(_xlpm.transmutedgrade)<75,"At-Risk","")),_xlpm.remarks)), IF(_xlpm.initialgrade>=_xlpm.benchmark,"","At-Risk"))),""))} -> Passed [B]
B24: 16 | C24: =IF('Data Input'!M22="","",'Data Input'!M22) -> 2000499229 | D24: =IF(ISBLANK('Data Input'!N22),"",PROPER('Data Input'!N22)) -> Gavino, Reisha Lorriane | E24: 7 | F24: 7 | G24: 6 | H24: 20 | Y24: {=_xlfn.LET( _xlpm.score,E24:X24, _xlpm.limit,$E$6:$X$6, IF(OR(D24="",COUNTA(_xlpm.score)=0),"", IF(COUNTA(_xlpm.score,_xlpm.limit)=0,"", IF( OR( SUM((_xlpm.limit="")*(_xlpm.score<>""))>0, SUM(ISTEXT(_xlpm.limit)*1)>0, SUM(ISTEXT(_xlpm.score)*1)>0, SUM(ISLOGICAL(_xlpm.limit)*1)>0, SUM(ISLOGICAL(_xlpm.score)*1)>0, SUM(ISERROR(_xlpm.limit)*1)>0, SUM(ISERROR(_xlpm.score)*1)>0 ), "Error", IF( SUM((ISNUMBER(_xlpm.limit)*ISNUMBER(_xlpm.score)*(_xlpm.score>_xlpm.limit))*1)>0, "Error", IF(SUM(_xlpm.score)>$Y$6, "Error", SUM(_xlpm.score) ))))))} -> 40 | Z24: =IF(D24="","",IF(Y24="Error","Error",IFERROR((Y24/$Y$6*$Z$6),""))) -> 57.142857 | AA24: =IFERROR(IF(D24="","",IF(Z24="Error","Error",(Z24*$AA$6))),"") -> 11.428571 | AB24: 47 | AC24: 88 | AQ24: {=_xlfn.LET( _xlpm.score,AB24:AP24, _xlpm.limit,$AB$6:$AP$6, IF(OR(D24="",COUNTA(_xlpm.score)=0),"", IF(COUNTA(_xlpm.score,_xlpm.limit)=0,"", IF( OR( SUM((_xlpm.limit="")*(_xlpm.score<>""))>0, SUM(ISTEXT(_xlpm.limit)*1)>0, SUM(ISTEXT(_xlpm.score)*1)>0, SUM(ISLOGICAL(_xlpm.limit)*1)>0, SUM(ISLOGICAL(_xlpm.score)*1)>0, SUM(ISERROR(_xlpm.limit)*1)>0, SUM(ISERROR(_xlpm.score)*1)>0 ), "Error", IF( SUM((ISNUMBER(_xlpm.limit)*ISNUMBER(_xlpm.score)*(_xlpm.score>_xlpm.limit))*1)>0, "Error", IF(SUM(_xlpm.score)>$AQ$6, "Error", SUM(_xlpm.score) ))))))} -> 135 | AR24: =IF(D24="","",IF(AQ24="Error","Error",IFERROR((AQ24/$AQ$6*$AR$6),""))) -> 90 | AS24: =IFERROR(IF(D24="","",IF(AR24="Error","Error",(AR24*$AS$6))),"") -> 45 | AT24: 24 | AU24: 36 | AV24: 43 | AW24: =IF(OR(D24="",AT24=""),"", IF($AT$6=0,"Error", IF(OR(AND($AT$6="",AT24<>""), ISTEXT($AT$6), ISTEXT(AT24), ISLOGICAL($AT$6), ISLOGICAL(AT24), ISERROR($AT$6), ISERROR(AT24)),"Error", IF(AT24>$AT$6,"Error", IF($AT$6=0,"",AT24/$AT$6*$AZ$7*$AW$7))))) -> 16 | AX24: =IF(OR(D24="",AU24=""),"", IF($AU$6=0,"Error", IF(OR(AND($AU$6="",AU24<>""), ISTEXT($AU$6), ISTEXT(AU24), ISLOGICAL($AU$6), ISLOGICAL(AU24), ISERROR($AU$6), ISERROR(AU24)),"Error", IF(AU24>$AU$6,"Error", IF($AU$6=0,"",AU24/$AU$6*$AZ$7*$AX$7))))) -> 24 | AY24: =IF(OR(D24="",AV24=""),"", IF($AV$6=0,"Error", IF(OR(AND($AV$6="",AV24<>""), ISTEXT($AV$6), ISTEXT(AV24), ISLOGICAL($AV$6), ISLOGICAL(AV24), ISERROR($AV$6), ISERROR(AV24)),"Error", IF(AV24>$AV$6,"Error", IF($AV$6=0,"",AV24/$AV$6*$AZ$7*$AY$7))))) -> 17.2 | AZ24: =IF(D24="","",IF(COUNTIF(AW24:AY24,"Error")>0,"Error",IFERROR(IF(COUNT(AW24:AY24)=0,"",SUM(AW24:AY24)),""))) -> 57.2 | BA24: =IFERROR(IF(D24="","",IF(AZ24="Error","Error",(AZ24*$BA$7))),"") -> 17.16 | BC24: =IF(OR(D24="",BB24=""),"",IF(BB24="Error","Error",IFERROR((BB24/$BB$6*$BC$6),""))) | BD24: =IF(AND(AY24="",BB24<>""),"Error",IF(BB24="","",IF(BB24>$BB$6,"Error",IF(BC24>=75,"Passed","Failed")))) | BE24: =_xlfn.LET( _xlpm.total,ROUND((N(AA24)+N(AS24)+N(BA24)),2), IF(OR(AA24="Error",AS24="Error",BA24="Error",BD24="Error"),"Error", IF(AND(AA24="",AS24="",BA24=""),"", IF(_xlpm.total>=70,_xlpm.total,IF(BD24="Passed",70,_xlpm.total))))) -> 73.59 | BF24: =IF(OR(AA24="Error",AS24="Error",BA24="Error",BD24="Error"),"Error", IF(D24="","", IF(AND(N($AA$6)+N($AS$6)+N($BA$7)=100%, OR(N($AA$6)=0,AA24<>""),OR(N($AS$6)=0,AS24<>""),OR(N($BA$7)=0,BA24<>""),BE24<>""), _xlfn.XLOOKUP(BE24,'Helper 1'!$B$3:$B$43,'Helper 1'!$D$3:$D$43,,-1),""))) -> 78 | BG24: {=_xlfn.LET( _xlpm.wWorks,$AA$6,_xlpm.pTask,$AS$6,_xlpm.examination,$BA$7, _xlpm.initialgrade,BE24,_xlpm.transmutedgrade,BF24,_xlpm.termExam,AY24, _xlpm.wWorkScore,AA24,_xlpm.pTaskScore,AS24,_xlpm.st1Score,AW24,_xlpm.st2Score,AX24,_xlpm.examScore,BA24,_xlpm.re,BD24, _xlpm.benchmark, _xlpm.wWorks*70*(_xlpm.wWorkScore<>"")+ _xlpm.pTask*70*(_xlpm.pTaskScore<>"")+ IF(_xlpm.wWorks+_xlpm.pTask<>100%, _xlpm.examination*21*((_xlpm.st1Score<>"")+(_xlpm.st2Score<>"")),0), _xlpm.remarks, _xlfn.IFS( N(_xlpm.transmutedgrade)>=90,"Passed [A]", N(_xlpm.transmutedgrade)>=80,"Passed [B]", N(_xlpm.transmutedgrade)>=75,"Passed [C]", N(_xlpm.transmutedgrade)>=65,"Failed [D]",TRUE,"Failed [E]"), IFERROR( IF(OR(_xlpm.wWorkScore="Error",_xlpm.pTaskScore="Error",_xlpm.examScore="Error",_xlpm.re="Error"),"Error", IF(_xlpm.transmutedgrade<>"", IF(_xlpm.wWorks+_xlpm.pTask=100%,_xlpm.remarks, IF(_xlpm.termExam="",IF(_xlpm.st2Score="", IF(_xlpm.initialgrade>=_xlpm.benchmark,"","At-Risk"), IF(N(_xlpm.transmutedgrade)<75,"At-Risk","")),_xlpm.remarks)), IF(_xlpm.initialgrade>=_xlpm.benchmark,"","At-Risk"))),""))} -> Passed [C]
B25: 17 | C25: =IF('Data Input'!M23="","",'Data Input'!M23) -> 2000481947 | D25: =IF(ISBLANK('Data Input'!N23),"",PROPER('Data Input'!N23)) -> Jacobo, Ezra | E25: 2 | F25: 14 | G25: 5 | H25: 20 | Y25: {=_xlfn.LET( _xlpm.score,E25:X25, _xlpm.limit,$E$6:$X$6, IF(OR(D25="",COUNTA(_xlpm.score)=0),"", IF(COUNTA(_xlpm.score,_xlpm.limit)=0,"", IF( OR( SUM((_xlpm.limit="")*(_xlpm.score<>""))>0, SUM(ISTEXT(_xlpm.limit)*1)>0, SUM(ISTEXT(_xlpm.score)*1)>0, SUM(ISLOGICAL(_xlpm.limit)*1)>0, SUM(ISLOGICAL(_xlpm.score)*1)>0, SUM(ISERROR(_xlpm.limit)*1)>0, SUM(ISERROR(_xlpm.score)*1)>0 ), "Error", IF( SUM((ISNUMBER(_xlpm.limit)*ISNUMBER(_xlpm.score)*(_xlpm.score>_xlpm.limit))*1)>0, "Error", IF(SUM(_xlpm.score)>$Y$6, "Error", SUM(_xlpm.score) ))))))} -> 41 | Z25: =IF(D25="","",IF(Y25="Error","Error",IFERROR((Y25/$Y$6*$Z$6),""))) -> 58.571429 | AA25: =IFERROR(IF(D25="","",IF(Z25="Error","Error",(Z25*$AA$6))),"") -> 11.714286 | AB25: 47 | AC25: 88 | AQ25: {=_xlfn.LET( _xlpm.score,AB25:AP25, _xlpm.limit,$AB$6:$AP$6, IF(OR(D25="",COUNTA(_xlpm.score)=0),"", IF(COUNTA(_xlpm.score,_xlpm.limit)=0,"", IF( OR( SUM((_xlpm.limit="")*(_xlpm.score<>""))>0, SUM(ISTEXT(_xlpm.limit)*1)>0, SUM(ISTEXT(_xlpm.score)*1)>0, SUM(ISLOGICAL(_xlpm.limit)*1)>0, SUM(ISLOGICAL(_xlpm.score)*1)>0, SUM(ISERROR(_xlpm.limit)*1)>0, SUM(ISERROR(_xlpm.score)*1)>0 ), "Error", IF( SUM((ISNUMBER(_xlpm.limit)*ISNUMBER(_xlpm.score)*(_xlpm.score>_xlpm.limit))*1)>0, "Error", IF(SUM(_xlpm.score)>$AQ$6, "Error", SUM(_xlpm.score) ))))))} -> 135 | AR25: =IF(D25="","",IF(AQ25="Error","Error",IFERROR((AQ25/$AQ$6*$AR$6),""))) -> 90 | AS25: =IFERROR(IF(D25="","",IF(AR25="Error","Error",(AR25*$AS$6))),"") -> 45 | AT25: 23 | AU25: 34 | AW25: =IF(OR(D25="",AT25=""),"", IF($AT$6=0,"Error", IF(OR(AND($AT$6="",AT25<>""), ISTEXT($AT$6), ISTEXT(AT25), ISLOGICAL($AT$6), ISLOGICAL(AT25), ISERROR($AT$6), ISERROR(AT25)),"Error", IF(AT25>$AT$6,"Error", IF($AT$6=0,"",AT25/$AT$6*$AZ$7*$AW$7))))) -> 15.333333 | AX25: =IF(OR(D25="",AU25=""),"", IF($AU$6=0,"Error", IF(OR(AND($AU$6="",AU25<>""), ISTEXT($AU$6), ISTEXT(AU25), ISLOGICAL($AU$6), ISLOGICAL(AU25), ISERROR($AU$6), ISERROR(AU25)),"Error", IF(AU25>$AU$6,"Error", IF($AU$6=0,"",AU25/$AU$6*$AZ$7*$AX$7))))) -> 22.666667 | AY25: =IF(OR(D25="",AV25=""),"", IF($AV$6=0,"Error", IF(OR(AND($AV$6="",AV25<>""), ISTEXT($AV$6), ISTEXT(AV25), ISLOGICAL($AV$6), ISLOGICAL(AV25), ISERROR($AV$6), ISERROR(AV25)),"Error", IF(AV25>$AV$6,"Error", IF($AV$6=0,"",AV25/$AV$6*$AZ$7*$AY$7))))) | AZ25: =IF(D25="","",IF(COUNTIF(AW25:AY25,"Error")>0,"Error",IFERROR(IF(COUNT(AW25:AY25)=0,"",SUM(AW25:AY25)),""))) -> 38 | BA25: =IFERROR(IF(D25="","",IF(AZ25="Error","Error",(AZ25*$BA$7))),"") -> 11.4 | BC25: =IF(OR(D25="",BB25=""),"",IF(BB25="Error","Error",IFERROR((BB25/$BB$6*$BC$6),""))) | BD25: =IF(AND(AY25="",BB25<>""),"Error",IF(BB25="","",IF(BB25>$BB$6,"Error",IF(BC25>=75,"Passed","Failed")))) | BE25: =_xlfn.LET( _xlpm.total,ROUND((N(AA25)+N(AS25)+N(BA25)),2), IF(OR(AA25="Error",AS25="Error",BA25="Error",BD25="Error"),"Error", IF(AND(AA25="",AS25="",BA25=""),"", IF(_xlpm.total>=70,_xlpm.total,IF(BD25="Passed",70,_xlpm.total))))) -> 68.11 | BF25: =IF(OR(AA25="Error",AS25="Error",BA25="Error",BD25="Error"),"Error", IF(D25="","", IF(AND(N($AA$6)+N($AS$6)+N($BA$7)=100%, OR(N($AA$6)=0,AA25<>""),OR(N($AS$6)=0,AS25<>""),OR(N($BA$7)=0,BA25<>""),BE25<>""), _xlfn.XLOOKUP(BE25,'Helper 1'!$B$3:$B$43,'Helper 1'!$D$3:$D$43,,-1),""))) -> 74 | BG25: {=_xlfn.LET( _xlpm.wWorks,$AA$6,_xlpm.pTask,$AS$6,_xlpm.examination,$BA$7, _xlpm.initialgrade,BE25,_xlpm.transmutedgrade,BF25,_xlpm.termExam,AY25, _xlpm.wWorkScore,AA25,_xlpm.pTaskScore,AS25,_xlpm.st1Score,AW25,_xlpm.st2Score,AX25,_xlpm.examScore,BA25,_xlpm.re,BD25, _xlpm.benchmark, _xlpm.wWorks*70*(_xlpm.wWorkScore<>"")+ _xlpm.pTask*70*(_xlpm.pTaskScore<>"")+ IF(_xlpm.wWorks+_xlpm.pTask<>100%, _xlpm.examination*21*((_xlpm.st1Score<>"")+(_xlpm.st2Score<>"")),0), _xlpm.remarks, _xlfn.IFS( N(_xlpm.transmutedgrade)>=90,"Passed [A]", N(_xlpm.transmutedgrade)>=80,"Passed [B]", N(_xlpm.transmutedgrade)>=75,"Passed [C]", N(_xlpm.transmutedgrade)>=65,"Failed [D]",TRUE,"Failed [E]"), IFERROR( IF(OR(_xlpm.wWorkScore="Error",_xlpm.pTaskScore="Error",_xlpm.examScore="Error",_xlpm.re="Error"),"Error", IF(_xlpm.transmutedgrade<>"", IF(_xlpm.wWorks+_xlpm.pTask=100%,_xlpm.remarks, IF(_xlpm.termExam="",IF(_xlpm.st2Score="", IF(_xlpm.initialgrade>=_xlpm.benchmark,"","At-Risk"), IF(N(_xlpm.transmutedgrade)<75,"At-Risk","")),_xlpm.remarks)), IF(_xlpm.initialgrade>=_xlpm.benchmark,"","At-Risk"))),""))} -> At-Risk
B26: 18 | C26: =IF('Data Input'!M24="","",'Data Input'!M24) -> 2000488472 | D26: =IF(ISBLANK('Data Input'!N24),"",PROPER('Data Input'!N24)) -> Jani, Joseph Louie | E26: 5 | F26: 13 | H26: 20 | Y26: {=_xlfn.LET( _xlpm.score,E26:X26, _xlpm.limit,$E$6:$X$6, IF(OR(D26="",COUNTA(_xlpm.score)=0),"", IF(COUNTA(_xlpm.score,_xlpm.limit)=0,"", IF( OR( SUM((_xlpm.limit="")*(_xlpm.score<>""))>0, SUM(ISTEXT(_xlpm.limit)*1)>0, SUM(ISTEXT(_xlpm.score)*1)>0, SUM(ISLOGICAL(_xlpm.limit)*1)>0, SUM(ISLOGICAL(_xlpm.score)*1)>0, SUM(ISERROR(_xlpm.limit)*1)>0, SUM(ISERROR(_xlpm.score)*1)>0 ), "Error", IF( SUM((ISNUMBER(_xlpm.limit)*ISNUMBER(_xlpm.score)*(_xlpm.score>_xlpm.limit))*1)>0, "Error", IF(SUM(_xlpm.score)>$Y$6, "Error", SUM(_xlpm.score) ))))))} -> 38 | Z26: =IF(D26="","",IF(Y26="Error","Error",IFERROR((Y26/$Y$6*$Z$6),""))) -> 54.285714 | AA26: =IFERROR(IF(D26="","",IF(Z26="Error","Error",(Z26*$AA$6))),"") -> 10.857143 | AB26: 46 | AC26: 88 | AQ26: {=_xlfn.LET( _xlpm.score,AB26:AP26, _xlpm.limit,$AB$6:$AP$6, IF(OR(D26="",COUNTA(_xlpm.score)=0),"", IF(COUNTA(_xlpm.score,_xlpm.limit)=0,"", IF( OR( SUM((_xlpm.limit="")*(_xlpm.score<>""))>0, SUM(ISTEXT(_xlpm.limit)*1)>0, SUM(ISTEXT(_xlpm.score)*1)>0, SUM(ISLOGICAL(_xlpm.limit)*1)>0, SUM(ISLOGICAL(_xlpm.score)*1)>0, SUM(ISERROR(_xlpm.limit)*1)>0, SUM(ISERROR(_xlpm.score)*1)>0 ), "Error", IF( SUM((ISNUMBER(_xlpm.limit)*ISNUMBER(_xlpm.score)*(_xlpm.score>_xlpm.limit))*1)>0, "Error", IF(SUM(_xlpm.score)>$AQ$6, "Error", SUM(_xlpm.score) ))))))} -> 134 | AR26: =IF(D26="","",IF(AQ26="Error","Error",IFERROR((AQ26/$AQ$6*$AR$6),""))) -> 89.333333 | AS26: =IFERROR(IF(D26="","",IF(AR26="Error","Error",(AR26*$AS$6))),"") -> 44.666667 | AT26: 36 | AU26: 36 | AV26: 73 | AW26: =IF(OR(D26="",AT26=""),"", IF($AT$6=0,"Error", IF(OR(AND($AT$6="",AT26<>""), ISTEXT($AT$6), ISTEXT(AT26), ISLOGICAL($AT$6), ISLOGICAL(AT26), ISERROR($AT$6), ISERROR(AT26)),"Error", IF(AT26>$AT$6,"Error", IF($AT$6=0,"",AT26/$AT$6*$AZ$7*$AW$7))))) -> 24 | AX26: =IF(OR(D26="",AU26=""),"", IF($AU$6=0,"Error", IF(OR(AND($AU$6="",AU26<>""), ISTEXT($AU$6), ISTEXT(AU26), ISLOGICAL($AU$6), ISLOGICAL(AU26), ISERROR($AU$6), ISERROR(AU26)),"Error", IF(AU26>$AU$6,"Error", IF($AU$6=0,"",AU26/$AU$6*$AZ$7*$AX$7))))) -> 24 | AY26: =IF(OR(D26="",AV26=""),"", IF($AV$6=0,"Error", IF(OR(AND($AV$6="",AV26<>""), ISTEXT($AV$6), ISTEXT(AV26), ISLOGICAL($AV$6), ISLOGICAL(AV26), ISERROR($AV$6), ISERROR(AV26)),"Error", IF(AV26>$AV$6,"Error", IF($AV$6=0,"",AV26/$AV$6*$AZ$7*$AY$7))))) -> 29.2 | AZ26: =IF(D26="","",IF(COUNTIF(AW26:AY26,"Error")>0,"Error",IFERROR(IF(COUNT(AW26:AY26)=0,"",SUM(AW26:AY26)),""))) -> 77.2 | BA26: =IFERROR(IF(D26="","",IF(AZ26="Error","Error",(AZ26*$BA$7))),"") -> 23.16 | BC26: =IF(OR(D26="",BB26=""),"",IF(BB26="Error","Error",IFERROR((BB26/$BB$6*$BC$6),""))) | BD26: =IF(AND(AY26="",BB26<>""),"Error",IF(BB26="","",IF(BB26>$BB$6,"Error",IF(BC26>=75,"Passed","Failed")))) | BE26: =_xlfn.LET( _xlpm.total,ROUND((N(AA26)+N(AS26)+N(BA26)),2), IF(OR(AA26="Error",AS26="Error",BA26="Error",BD26="Error"),"Error", IF(AND(AA26="",AS26="",BA26=""),"", IF(_xlpm.total>=70,_xlpm.total,IF(BD26="Passed",70,_xlpm.total))))) -> 78.68 | BF26: =IF(OR(AA26="Error",AS26="Error",BA26="Error",BD26="Error"),"Error", IF(D26="","", IF(AND(N($AA$6)+N($AS$6)+N($BA$7)=100%, OR(N($AA$6)=0,AA26<>""),OR(N($AS$6)=0,AS26<>""),OR(N($BA$7)=0,BA26<>""),BE26<>""), _xlfn.XLOOKUP(BE26,'Helper 1'!$B$3:$B$43,'Helper 1'!$D$3:$D$43,,-1),""))) -> 82 | BG26: {=_xlfn.LET( _xlpm.wWorks,$AA$6,_xlpm.pTask,$AS$6,_xlpm.examination,$BA$7, _xlpm.initialgrade,BE26,_xlpm.transmutedgrade,BF26,_xlpm.termExam,AY26, _xlpm.wWorkScore,AA26,_xlpm.pTaskScore,AS26,_xlpm.st1Score,AW26,_xlpm.st2Score,AX26,_xlpm.examScore,BA26,_xlpm.re,BD26, _xlpm.benchmark, _xlpm.wWorks*70*(_xlpm.wWorkScore<>"")+ _xlpm.pTask*70*(_xlpm.pTaskScore<>"")+ IF(_xlpm.wWorks+_xlpm.pTask<>100%, _xlpm.examination*21*((_xlpm.st1Score<>"")+(_xlpm.st2Score<>"")),0), _xlpm.remarks, _xlfn.IFS( N(_xlpm.transmutedgrade)>=90,"Passed [A]", N(_xlpm.transmutedgrade)>=80,"Passed [B]", N(_xlpm.transmutedgrade)>=75,"Passed [C]", N(_xlpm.transmutedgrade)>=65,"Failed [D]",TRUE,"Failed [E]"), IFERROR( IF(OR(_xlpm.wWorkScore="Error",_xlpm.pTaskScore="Error",_xlpm.examScore="Error",_xlpm.re="Error"),"Error", IF(_xlpm.transmutedgrade<>"", IF(_xlpm.wWorks+_xlpm.pTask=100%,_xlpm.remarks, IF(_xlpm.termExam="",IF(_xlpm.st2Score="", IF(_xlpm.initialgrade>=_xlpm.benchmark,"","At-Risk"), IF(N(_xlpm.transmutedgrade)<75,"At-Risk","")),_xlpm.remarks)), IF(_xlpm.initialgrade>=_xlpm.benchmark,"","At-Risk"))),""))} -> Passed [B]
B27: 19 | C27: =IF('Data Input'!M25="","",'Data Input'!M25) -> 2000494958 | D27: =IF(ISBLANK('Data Input'!N25),"",PROPER('Data Input'!N25)) -> Ledesma, Carl Austin | E27: 6 | F27: 16 | G27: 8 | H27: 20 | Y27: {=_xlfn.LET( _xlpm.score,E27:X27, _xlpm.limit,$E$6:$X$6, IF(OR(D27="",COUNTA(_xlpm.score)=0),"", IF(COUNTA(_xlpm.score,_xlpm.limit)=0,"", IF( OR( SUM((_xlpm.limit="")*(_xlpm.score<>""))>0, SUM(ISTEXT(_xlpm.limit)*1)>0, SUM(ISTEXT(_xlpm.score)*1)>0, SUM(ISLOGICAL(_xlpm.limit)*1)>0, SUM(ISLOGICAL(_xlpm.score)*1)>0, SUM(ISERROR(_xlpm.limit)*1)>0, SUM(ISERROR(_xlpm.score)*1)>0 ), "Error", IF( SUM((ISNUMBER(_xlpm.limit)*ISNUMBER(_xlpm.score)*(_xlpm.score>_xlpm.limit))*1)>0, "Error", IF(SUM(_xlpm.score)>$Y$6, "Error", SUM(_xlpm.score) ))))))} -> 50 | Z27: =IF(D27="","",IF(Y27="Error","Error",IFERROR((Y27/$Y$6*$Z$6),""))) -> 71.428571 | AA27: =IFERROR(IF(D27="","",IF(Z27="Error","Error",(Z27*$AA$6))),"") -> 14.285714 | AB27: 49 | AC27: 95 | AQ27: {=_xlfn.LET( _xlpm.score,AB27:AP27, _xlpm.limit,$AB$6:$AP$6, IF(OR(D27="",COUNTA(_xlpm.score)=0),"", IF(COUNTA(_xlpm.score,_xlpm.limit)=0,"", IF( OR( SUM((_xlpm.limit="")*(_xlpm.score<>""))>0, SUM(ISTEXT(_xlpm.limit)*1)>0, SUM(ISTEXT(_xlpm.score)*1)>0, SUM(ISLOGICAL(_xlpm.limit)*1)>0, SUM(ISLOGICAL(_xlpm.score)*1)>0, SUM(ISERROR(_xlpm.limit)*1)>0, SUM(ISERROR(_xlpm.score)*1)>0 ), "Error", IF( SUM((ISNUMBER(_xlpm.limit)*ISNUMBER(_xlpm.score)*(_xlpm.score>_xlpm.limit))*1)>0, "Error", IF(SUM(_xlpm.score)>$AQ$6, "Error", SUM(_xlpm.score) ))))))} -> 144 | AR27: =IF(D27="","",IF(AQ27="Error","Error",IFERROR((AQ27/$AQ$6*$AR$6),""))) -> 96 | AS27: =IFERROR(IF(D27="","",IF(AR27="Error","Error",(AR27*$AS$6))),"") -> 48 | AT27: 44 | AU27: 41 | AV27: 77 | AW27: =IF(OR(D27="",AT27=""),"", IF($AT$6=0,"Error", IF(OR(AND($AT$6="",AT27<>""), ISTEXT($AT$6), ISTEXT(AT27), ISLOGICAL($AT$6), ISLOGICAL(AT27), ISERROR($AT$6), ISERROR(AT27)),"Error", IF(AT27>$AT$6,"Error", IF($AT$6=0,"",AT27/$AT$6*$AZ$7*$AW$7))))) -> 29.333333 | AX27: =IF(OR(D27="",AU27=""),"", IF($AU$6=0,"Error", IF(OR(AND($AU$6="",AU27<>""), ISTEXT($AU$6), ISTEXT(AU27), ISLOGICAL($AU$6), ISLOGICAL(AU27), ISERROR($AU$6), ISERROR(AU27)),"Error", IF(AU27>$AU$6,"Error", IF($AU$6=0,"",AU27/$AU$6*$AZ$7*$AX$7))))) -> 27.333333 | AY27: =IF(OR(D27="",AV27=""),"", IF($AV$6=0,"Error", IF(OR(AND($AV$6="",AV27<>""), ISTEXT($AV$6), ISTEXT(AV27), ISLOGICAL($AV$6), ISLOGICAL(AV27), ISERROR($AV$6), ISERROR(AV27)),"Error", IF(AV27>$AV$6,"Error", IF($AV$6=0,"",AV27/$AV$6*$AZ$7*$AY$7))))) -> 30.8 | AZ27: =IF(D27="","",IF(COUNTIF(AW27:AY27,"Error")>0,"Error",IFERROR(IF(COUNT(AW27:AY27)=0,"",SUM(AW27:AY27)),""))) -> 87.466667 | BA27: =IFERROR(IF(D27="","",IF(AZ27="Error","Error",(AZ27*$BA$7))),"") -> 26.24 | BC27: =IF(OR(D27="",BB27=""),"",IF(BB27="Error","Error",IFERROR((BB27/$BB$6*$BC$6),""))) | BD27: =IF(AND(AY27="",BB27<>""),"Error",IF(BB27="","",IF(BB27>$BB$6,"Error",IF(BC27>=75,"Passed","Failed")))) | BE27: =_xlfn.LET( _xlpm.total,ROUND((N(AA27)+N(AS27)+N(BA27)),2), IF(OR(AA27="Error",AS27="Error",BA27="Error",BD27="Error"),"Error", IF(AND(AA27="",AS27="",BA27=""),"", IF(_xlpm.total>=70,_xlpm.total,IF(BD27="Passed",70,_xlpm.total))))) -> 88.53 | BF27: =IF(OR(AA27="Error",AS27="Error",BA27="Error",BD27="Error"),"Error", IF(D27="","", IF(AND(N($AA$6)+N($AS$6)+N($BA$7)=100%, OR(N($AA$6)=0,AA27<>""),OR(N($AS$6)=0,AS27<>""),OR(N($BA$7)=0,BA27<>""),BE27<>""), _xlfn.XLOOKUP(BE27,'Helper 1'!$B$3:$B$43,'Helper 1'!$D$3:$D$43,,-1),""))) -> 90 | BG27: {=_xlfn.LET( _xlpm.wWorks,$AA$6,_xlpm.pTask,$AS$6,_xlpm.examination,$BA$7, _xlpm.initialgrade,BE27,_xlpm.transmutedgrade,BF27,_xlpm.termExam,AY27, _xlpm.wWorkScore,AA27,_xlpm.pTaskScore,AS27,_xlpm.st1Score,AW27,_xlpm.st2Score,AX27,_xlpm.examScore,BA27,_xlpm.re,BD27, _xlpm.benchmark, _xlpm.wWorks*70*(_xlpm.wWorkScore<>"")+ _xlpm.pTask*70*(_xlpm.pTaskScore<>"")+ IF(_xlpm.wWorks+_xlpm.pTask<>100%, _xlpm.examination*21*((_xlpm.st1Score<>"")+(_xlpm.st2Score<>"")),0), _xlpm.remarks, _xlfn.IFS( N(_xlpm.transmutedgrade)>=90,"Passed [A]", N(_xlpm.transmutedgrade)>=80,"Passed [B]", N(_xlpm.transmutedgrade)>=75,"Passed [C]", N(_xlpm.transmutedgrade)>=65,"Failed [D]",TRUE,"Failed [E]"), IFERROR( IF(OR(_xlpm.wWorkScore="Error",_xlpm.pTaskScore="Error",_xlpm.examScore="Error",_xlpm.re="Error"),"Error", IF(_xlpm.transmutedgrade<>"", IF(_xlpm.wWorks+_xlpm.pTask=100%,_xlpm.remarks, IF(_xlpm.termExam="",IF(_xlpm.st2Score="", IF(_xlpm.initialgrade>=_xlpm.benchmark,"","At-Risk"), IF(N(_xlpm.transmutedgrade)<75,"At-Risk","")),_xlpm.remarks)), IF(_xlpm.initialgrade>=_xlpm.benchmark,"","At-Risk"))),""))} -> Passed [A]
B28: 20 | C28: =IF('Data Input'!M26="","",'Data Input'!M26) -> 2000498659 | D28: =IF(ISBLANK('Data Input'!N26),"",PROPER('Data Input'!N26)) -> Llamado, John Jerome | E28: 9 | F28: 10 | G28: 5 | H28: 20 | Y28: {=_xlfn.LET( _xlpm.score,E28:X28, _xlpm.limit,$E$6:$X$6, IF(OR(D28="",COUNTA(_xlpm.score)=0),"", IF(COUNTA(_xlpm.score,_xlpm.limit)=0,"", IF( OR( SUM((_xlpm.limit="")*(_xlpm.score<>""))>0, SUM(ISTEXT(_xlpm.limit)*1)>0, SUM(ISTEXT(_xlpm.score)*1)>0, SUM(ISLOGICAL(_xlpm.limit)*1)>0, SUM(ISLOGICAL(_xlpm.score)*1)>0, SUM(ISERROR(_xlpm.limit)*1)>0, SUM(ISERROR(_xlpm.score)*1)>0 ), "Error", IF( SUM((ISNUMBER(_xlpm.limit)*ISNUMBER(_xlpm.score)*(_xlpm.score>_xlpm.limit))*1)>0, "Error", IF(SUM(_xlpm.score)>$Y$6, "Error", SUM(_xlpm.score) ))))))} -> 44 | Z28: =IF(D28="","",IF(Y28="Error","Error",IFERROR((Y28/$Y$6*$Z$6),""))) -> 62.857143 | AA28: =IFERROR(IF(D28="","",IF(Z28="Error","Error",(Z28*$AA$6))),"") -> 12.571429 | AB28: 47 | AC28: 88 | AQ28: {=_xlfn.LET( _xlpm.score,AB28:AP28, _xlpm.limit,$AB$6:$AP$6, IF(OR(D28="",COUNTA(_xlpm.score)=0),"", IF(COUNTA(_xlpm.score,_xlpm.limit)=0,"", IF( OR( SUM((_xlpm.limit="")*(_xlpm.score<>""))>0, SUM(ISTEXT(_xlpm.limit)*1)>0, SUM(ISTEXT(_xlpm.score)*1)>0, SUM(ISLOGICAL(_xlpm.limit)*1)>0, SUM(ISLOGICAL(_xlpm.score)*1)>0, SUM(ISERROR(_xlpm.limit)*1)>0, SUM(ISERROR(_xlpm.score)*1)>0 ), "Error", IF( SUM((ISNUMBER(_xlpm.limit)*ISNUMBER(_xlpm.score)*(_xlpm.score>_xlpm.limit))*1)>0, "Error", IF(SUM(_xlpm.score)>$AQ$6, "Error", SUM(_xlpm.score) ))))))} -> 135 | AR28: =IF(D28="","",IF(AQ28="Error","Error",IFERROR((AQ28/$AQ$6*$AR$6),""))) -> 90 | AS28: =IFERROR(IF(D28="","",IF(AR28="Error","Error",(AR28*$AS$6))),"") -> 45 | AT28: 22 | AU28: 24 | AV28: 35 | AW28: =IF(OR(D28="",AT28=""),"", IF($AT$6=0,"Error", IF(OR(AND($AT$6="",AT28<>""), ISTEXT($AT$6), ISTEXT(AT28), ISLOGICAL($AT$6), ISLOGICAL(AT28), ISERROR($AT$6), ISERROR(AT28)),"Error", IF(AT28>$AT$6,"Error", IF($AT$6=0,"",AT28/$AT$6*$AZ$7*$AW$7))))) -> 14.666667 | AX28: =IF(OR(D28="",AU28=""),"", IF($AU$6=0,"Error", IF(OR(AND($AU$6="",AU28<>""), ISTEXT($AU$6), ISTEXT(AU28), ISLOGICAL($AU$6), ISLOGICAL(AU28), ISERROR($AU$6), ISERROR(AU28)),"Error", IF(AU28>$AU$6,"Error", IF($AU$6=0,"",AU28/$AU$6*$AZ$7*$AX$7))))) -> 16 | AY28: =IF(OR(D28="",AV28=""),"", IF($AV$6=0,"Error", IF(OR(AND($AV$6="",AV28<>""), ISTEXT($AV$6), ISTEXT(AV28), ISLOGICAL($AV$6), ISLOGICAL(AV28), ISERROR($AV$6), ISERROR(AV28)),"Error", IF(AV28>$AV$6,"Error", IF($AV$6=0,"",AV28/$AV$6*$AZ$7*$AY$7))))) -> 14 | AZ28: =IF(D28="","",IF(COUNTIF(AW28:AY28,"Error")>0,"Error",IFERROR(IF(COUNT(AW28:AY28)=0,"",SUM(AW28:AY28)),""))) -> 44.666667 | BA28: =IFERROR(IF(D28="","",IF(AZ28="Error","Error",(AZ28*$BA$7))),"") -> 13.4 | BC28: =IF(OR(D28="",BB28=""),"",IF(BB28="Error","Error",IFERROR((BB28/$BB$6*$BC$6),""))) | BD28: =IF(AND(AY28="",BB28<>""),"Error",IF(BB28="","",IF(BB28>$BB$6,"Error",IF(BC28>=75,"Passed","Failed")))) | BE28: =_xlfn.LET( _xlpm.total,ROUND((N(AA28)+N(AS28)+N(BA28)),2), IF(OR(AA28="Error",AS28="Error",BA28="Error",BD28="Error"),"Error", IF(AND(AA28="",AS28="",BA28=""),"", IF(_xlpm.total>=70,_xlpm.total,IF(BD28="Passed",70,_xlpm.total))))) -> 70.97 | BF28: =IF(OR(AA28="Error",AS28="Error",BA28="Error",BD28="Error"),"Error", IF(D28="","", IF(AND(N($AA$6)+N($AS$6)+N($BA$7)=100%, OR(N($AA$6)=0,AA28<>""),OR(N($AS$6)=0,AS28<>""),OR(N($BA$7)=0,BA28<>""),BE28<>""), _xlfn.XLOOKUP(BE28,'Helper 1'!$B$3:$B$43,'Helper 1'!$D$3:$D$43,,-1),""))) -> 75 | BG28: {=_xlfn.LET( _xlpm.wWorks,$AA$6,_xlpm.pTask,$AS$6,_xlpm.examination,$BA$7, _xlpm.initialgrade,BE28,_xlpm.transmutedgrade,BF28,_xlpm.termExam,AY28, _xlpm.wWorkScore,AA28,_xlpm.pTaskScore,AS28,_xlpm.st1Score,AW28,_xlpm.st2Score,AX28,_xlpm.examScore,BA28,_xlpm.re,BD28, _xlpm.benchmark, _xlpm.wWorks*70*(_xlpm.wWorkScore<>"")+ _xlpm.pTask*70*(_xlpm.pTaskScore<>"")+ IF(_xlpm.wWorks+_xlpm.pTask<>100%, _xlpm.examination*21*((_xlpm.st1Score<>"")+(_xlpm.st2Score<>"")),0), _xlpm.remarks, _xlfn.IFS( N(_xlpm.transmutedgrade)>=90,"Passed [A]", N(_xlpm.transmutedgrade)>=80,"Passed [B]", N(_xlpm.transmutedgrade)>=75,"Passed [C]", N(_xlpm.transmutedgrade)>=65,"Failed [D]",TRUE,"Failed [E]"), IFERROR( IF(OR(_xlpm.wWorkScore="Error",_xlpm.pTaskScore="Error",_xlpm.examScore="Error",_xlpm.re="Error"),"Error", IF(_xlpm.transmutedgrade<>"", IF(_xlpm.wWorks+_xlpm.pTask=100%,_xlpm.remarks, IF(_xlpm.termExam="",IF(_xlpm.st2Score="", IF(_xlpm.initialgrade>=_xlpm.benchmark,"","At-Risk"), IF(N(_xlpm.transmutedgrade)<75,"At-Risk","")),_xlpm.remarks)), IF(_xlpm.initialgrade>=_xlpm.benchmark,"","At-Risk"))),""))} -> Passed [C]
B29: 21 | C29: =IF('Data Input'!M27="","",'Data Input'!M27) -> 2000496341 | D29: =IF(ISBLANK('Data Input'!N27),"",PROPER('Data Input'!N27)) -> Maquite, John Michael | E29: 3 | F29: 14 | G29: 5 | H29: 20 | Y29: {=_xlfn.LET( _xlpm.score,E29:X29, _xlpm.limit,$E$6:$X$6, IF(OR(D29="",COUNTA(_xlpm.score)=0),"", IF(COUNTA(_xlpm.score,_xlpm.limit)=0,"", IF( OR( SUM((_xlpm.limit="")*(_xlpm.score<>""))>0, SUM(ISTEXT(_xlpm.limit)*1)>0, SUM(ISTEXT(_xlpm.score)*1)>0, SUM(ISLOGICAL(_xlpm.limit)*1)>0, SUM(ISLOGICAL(_xlpm.score)*1)>0, SUM(ISERROR(_xlpm.limit)*1)>0, SUM(ISERROR(_xlpm.score)*1)>0 ), "Error", IF( SUM((ISNUMBER(_xlpm.limit)*ISNUMBER(_xlpm.score)*(_xlpm.score>_xlpm.limit))*1)>0, "Error", IF(SUM(_xlpm.score)>$Y$6, "Error", SUM(_xlpm.score) ))))))} -> 42 | Z29: =IF(D29="","",IF(Y29="Error","Error",IFERROR((Y29/$Y$6*$Z$6),""))) -> 60 | AA29: =IFERROR(IF(D29="","",IF(Z29="Error","Error",(Z29*$AA$6))),"") -> 12 | AB29: 45 | AC29: 88 | AQ29: {=_xlfn.LET( _xlpm.score,AB29:AP29, _xlpm.limit,$AB$6:$AP$6, IF(OR(D29="",COUNTA(_xlpm.score)=0),"", IF(COUNTA(_xlpm.score,_xlpm.limit)=0,"", IF( OR( SUM((_xlpm.limit="")*(_xlpm.score<>""))>0, SUM(ISTEXT(_xlpm.limit)*1)>0, SUM(ISTEXT(_xlpm.score)*1)>0, SUM(ISLOGICAL(_xlpm.limit)*1)>0, SUM(ISLOGICAL(_xlpm.score)*1)>0, SUM(ISERROR(_xlpm.limit)*1)>0, SUM(ISERROR(_xlpm.score)*1)>0 ), "Error", IF( SUM((ISNUMBER(_xlpm.limit)*ISNUMBER(_xlpm.score)*(_xlpm.score>_xlpm.limit))*1)>0, "Error", IF(SUM(_xlpm.score)>$AQ$6, "Error", SUM(_xlpm.score) ))))))} -> 133 | AR29: =IF(D29="","",IF(AQ29="Error","Error",IFERROR((AQ29/$AQ$6*$AR$6),""))) -> 88.666667 | AS29: =IFERROR(IF(D29="","",IF(AR29="Error","Error",(AR29*$AS$6))),"") -> 44.333333 | AT29: 21 | AU29: 29 | AV29: 34 | AW29: =IF(OR(D29="",AT29=""),"", IF($AT$6=0,"Error", IF(OR(AND($AT$6="",AT29<>""), ISTEXT($AT$6), ISTEXT(AT29), ISLOGICAL($AT$6), ISLOGICAL(AT29), ISERROR($AT$6), ISERROR(AT29)),"Error", IF(AT29>$AT$6,"Error", IF($AT$6=0,"",AT29/$AT$6*$AZ$7*$AW$7))))) -> 14 | AX29: =IF(OR(D29="",AU29=""),"", IF($AU$6=0,"Error", IF(OR(AND($AU$6="",AU29<>""), ISTEXT($AU$6), ISTEXT(AU29), ISLOGICAL($AU$6), ISLOGICAL(AU29), ISERROR($AU$6), ISERROR(AU29)),"Error", IF(AU29>$AU$6,"Error", IF($AU$6=0,"",AU29/$AU$6*$AZ$7*$AX$7))))) -> 19.333333 | AY29: =IF(OR(D29="",AV29=""),"", IF($AV$6=0,"Error", IF(OR(AND($AV$6="",AV29<>""), ISTEXT($AV$6), ISTEXT(AV29), ISLOGICAL($AV$6), ISLOGICAL(AV29), ISERROR($AV$6), ISERROR(AV29)),"Error", IF(AV29>$AV$6,"Error", IF($AV$6=0,"",AV29/$AV$6*$AZ$7*$AY$7))))) -> 13.6 | AZ29: =IF(D29="","",IF(COUNTIF(AW29:AY29,"Error")>0,"Error",IFERROR(IF(COUNT(AW29:AY29)=0,"",SUM(AW29:AY29)),""))) -> 46.933333 | BA29: =IFERROR(IF(D29="","",IF(AZ29="Error","Error",(AZ29*$BA$7))),"") -> 14.08 | BC29: =IF(OR(D29="",BB29=""),"",IF(BB29="Error","Error",IFERROR((BB29/$BB$6*$BC$6),""))) | BD29: =IF(AND(AY29="",BB29<>""),"Error",IF(BB29="","",IF(BB29>$BB$6,"Error",IF(BC29>=75,"Passed","Failed")))) | BE29: =_xlfn.LET( _xlpm.total,ROUND((N(AA29)+N(AS29)+N(BA29)),2), IF(OR(AA29="Error",AS29="Error",BA29="Error",BD29="Error"),"Error", IF(AND(AA29="",AS29="",BA29=""),"", IF(_xlpm.total>=70,_xlpm.total,IF(BD29="Passed",70,_xlpm.total))))) -> 70.41 | BF29: =IF(OR(AA29="Error",AS29="Error",BA29="Error",BD29="Error"),"Error", IF(D29="","", IF(AND(N($AA$6)+N($AS$6)+N($BA$7)=100%, OR(N($AA$6)=0,AA29<>""),OR(N($AS$6)=0,AS29<>""),OR(N($BA$7)=0,BA29<>""),BE29<>""), _xlfn.XLOOKUP(BE29,'Helper 1'!$B$3:$B$43,'Helper 1'!$D$3:$D$43,,-1),""))) -> 75 | BG29: {=_xlfn.LET( _xlpm.wWorks,$AA$6,_xlpm.pTask,$AS$6,_xlpm.examination,$BA$7, _xlpm.initialgrade,BE29,_xlpm.transmutedgrade,BF29,_xlpm.termExam,AY29, _xlpm.wWorkScore,AA29,_xlpm.pTaskScore,AS29,_xlpm.st1Score,AW29,_xlpm.st2Score,AX29,_xlpm.examScore,BA29,_xlpm.re,BD29, _xlpm.benchmark, _xlpm.wWorks*70*(_xlpm.wWorkScore<>"")+ _xlpm.pTask*70*(_xlpm.pTaskScore<>"")+ IF(_xlpm.wWorks+_xlpm.pTask<>100%, _xlpm.examination*21*((_xlpm.st1Score<>"")+(_xlpm.st2Score<>"")),0), _xlpm.remarks, _xlfn.IFS( N(_xlpm.transmutedgrade)>=90,"Passed [A]", N(_xlpm.transmutedgrade)>=80,"Passed [B]", N(_xlpm.transmutedgrade)>=75,"Passed [C]", N(_xlpm.transmutedgrade)>=65,"Failed [D]",TRUE,"Failed [E]"), IFERROR( IF(OR(_xlpm.wWorkScore="Error",_xlpm.pTaskScore="Error",_xlpm.examScore="Error",_xlpm.re="Error"),"Error", IF(_xlpm.transmutedgrade<>"", IF(_xlpm.wWorks+_xlpm.pTask=100%,_xlpm.remarks, IF(_xlpm.termExam="",IF(_xlpm.st2Score="", IF(_xlpm.initialgrade>=_xlpm.benchmark,"","At-Risk"), IF(N(_xlpm.transmutedgrade)<75,"At-Risk","")),_xlpm.remarks)), IF(_xlpm.initialgrade>=_xlpm.benchmark,"","At-Risk"))),""))} -> Passed [C]
B30: 22 | C30: =IF('Data Input'!M28="","",'Data Input'!M28) -> 2000494490 | D30: =IF(ISBLANK('Data Input'!N28),"",PROPER('Data Input'!N28)) -> Melgar, Niza Jade | E30: 0 | F30: 8 | G30: 6 | H30: 20 | Y30: {=_xlfn.LET( _xlpm.score,E30:X30, _xlpm.limit,$E$6:$X$6, IF(OR(D30="",COUNTA(_xlpm.score)=0),"", IF(COUNTA(_xlpm.score,_xlpm.limit)=0,"", IF( OR( SUM((_xlpm.limit="")*(_xlpm.score<>""))>0, SUM(ISTEXT(_xlpm.limit)*1)>0, SUM(ISTEXT(_xlpm.score)*1)>0, SUM(ISLOGICAL(_xlpm.limit)*1)>0, SUM(ISLOGICAL(_xlpm.score)*1)>0, SUM(ISERROR(_xlpm.limit)*1)>0, SUM(ISERROR(_xlpm.score)*1)>0 ), "Error", IF( SUM((ISNUMBER(_xlpm.limit)*ISNUMBER(_xlpm.score)*(_xlpm.score>_xlpm.limit))*1)>0, "Error", IF(SUM(_xlpm.score)>$Y$6, "Error", SUM(_xlpm.score) ))))))} -> 34 | Z30: =IF(D30="","",IF(Y30="Error","Error",IFERROR((Y30/$Y$6*$Z$6),""))) -> 48.571429 | AA30: =IFERROR(IF(D30="","",IF(Z30="Error","Error",(Z30*$AA$6))),"") -> 9.7142857 | AB30: 45 | AC30: 88 | AQ30: {=_xlfn.LET( _xlpm.score,AB30:AP30, _xlpm.limit,$AB$6:$AP$6, IF(OR(D30="",COUNTA(_xlpm.score)=0),"", IF(COUNTA(_xlpm.score,_xlpm.limit)=0,"", IF( OR( SUM((_xlpm.limit="")*(_xlpm.score<>""))>0, SUM(ISTEXT(_xlpm.limit)*1)>0, SUM(ISTEXT(_xlpm.score)*1)>0, SUM(ISLOGICAL(_xlpm.limit)*1)>0, SUM(ISLOGICAL(_xlpm.score)*1)>0, SUM(ISERROR(_xlpm.limit)*1)>0, SUM(ISERROR(_xlpm.score)*1)>0 ), "Error", IF( SUM((ISNUMBER(_xlpm.limit)*ISNUMBER(_xlpm.score)*(_xlpm.score>_xlpm.limit))*1)>0, "Error", IF(SUM(_xlpm.score)>$AQ$6, "Error", SUM(_xlpm.score) ))))))} -> 133 | AR30: =IF(D30="","",IF(AQ30="Error","Error",IFERROR((AQ30/$AQ$6*$AR$6),""))) -> 88.666667 | AS30: =IFERROR(IF(D30="","",IF(AR30="Error","Error",(AR30*$AS$6))),"") -> 44.333333 | AT30: 25 | AU30: 31 | AV30: 27 | AW30: =IF(OR(D30="",AT30=""),"", IF($AT$6=0,"Error", IF(OR(AND($AT$6="",AT30<>""), ISTEXT($AT$6), ISTEXT(AT30), ISLOGICAL($AT$6), ISLOGICAL(AT30), ISERROR($AT$6), ISERROR(AT30)),"Error", IF(AT30>$AT$6,"Error", IF($AT$6=0,"",AT30/$AT$6*$AZ$7*$AW$7))))) -> 16.666667 | AX30: =IF(OR(D30="",AU30=""),"", IF($AU$6=0,"Error", IF(OR(AND($AU$6="",AU30<>""), ISTEXT($AU$6), ISTEXT(AU30), ISLOGICAL($AU$6), ISLOGICAL(AU30), ISERROR($AU$6), ISERROR(AU30)),"Error", IF(AU30>$AU$6,"Error", IF($AU$6=0,"",AU30/$AU$6*$AZ$7*$AX$7))))) -> 20.666667 | AY30: =IF(OR(D30="",AV30=""),"", IF($AV$6=0,"Error", IF(OR(AND($AV$6="",AV30<>""), ISTEXT($AV$6), ISTEXT(AV30), ISLOGICAL($AV$6), ISLOGICAL(AV30), ISERROR($AV$6), ISERROR(AV30)),"Error", IF(AV30>$AV$6,"Error", IF($AV$6=0,"",AV30/$AV$6*$AZ$7*$AY$7))))) -> 10.8 | AZ30: =IF(D30="","",IF(COUNTIF(AW30:AY30,"Error")>0,"Error",IFERROR(IF(COUNT(AW30:AY30)=0,"",SUM(AW30:AY30)),""))) -> 48.133333 | BA30: =IFERROR(IF(D30="","",IF(AZ30="Error","Error",(AZ30*$BA$7))),"") -> 14.44 | BC30: =IF(OR(D30="",BB30=""),"",IF(BB30="Error","Error",IFERROR((BB30/$BB$6*$BC$6),""))) | BD30: =IF(AND(AY30="",BB30<>""),"Error",IF(BB30="","",IF(BB30>$BB$6,"Error",IF(BC30>=75,"Passed","Failed")))) | BE30: =_xlfn.LET( _xlpm.total,ROUND((N(AA30)+N(AS30)+N(BA30)),2), IF(OR(AA30="Error",AS30="Error",BA30="Error",BD30="Error"),"Error", IF(AND(AA30="",AS30="",BA30=""),"", IF(_xlpm.total>=70,_xlpm.total,IF(BD30="Passed",70,_xlpm.total))))) -> 68.49 | BF30: =IF(OR(AA30="Error",AS30="Error",BA30="Error",BD30="Error"),"Error", IF(D30="","", IF(AND(N($AA$6)+N($AS$6)+N($BA$7)=100%, OR(N($AA$6)=0,AA30<>""),OR(N($AS$6)=0,AS30<>""),OR(N($BA$7)=0,BA30<>""),BE30<>""), _xlfn.XLOOKUP(BE30,'Helper 1'!$B$3:$B$43,'Helper 1'!$D$3:$D$43,,-1),""))) -> 74 | BG30: {=_xlfn.LET( _xlpm.wWorks,$AA$6,_xlpm.pTask,$AS$6,_xlpm.examination,$BA$7, _xlpm.initialgrade,BE30,_xlpm.transmutedgrade,BF30,_xlpm.termExam,AY30, _xlpm.wWorkScore,AA30,_xlpm.pTaskScore,AS30,_xlpm.st1Score,AW30,_xlpm.st2Score,AX30,_xlpm.examScore,BA30,_xlpm.re,BD30, _xlpm.benchmark, _xlpm.wWorks*70*(_xlpm.wWorkScore<>"")+ _xlpm.pTask*70*(_xlpm.pTaskScore<>"")+ IF(_xlpm.wWorks+_xlpm.pTask<>100%, _xlpm.examination*21*((_xlpm.st1Score<>"")+(_xlpm.st2Score<>"")),0), _xlpm.remarks, _xlfn.IFS( N(_xlpm.transmutedgrade)>=90,"Passed [A]", N(_xlpm.transmutedgrade)>=80,"Passed [B]", N(_xlpm.transmutedgrade)>=75,"Passed [C]", N(_xlpm.transmutedgrade)>=65,"Failed [D]",TRUE,"Failed [E]"), IFERROR( IF(OR(_xlpm.wWorkScore="Error",_xlpm.pTaskScore="Error",_xlpm.examScore="Error",_xlpm.re="Error"),"Error", IF(_xlpm.transmutedgrade<>"", IF(_xlpm.wWorks+_xlpm.pTask=100%,_xlpm.remarks, IF(_xlpm.termExam="",IF(_xlpm.st2Score="", IF(_xlpm.initialgrade>=_xlpm.benchmark,"","At-Risk"), IF(N(_xlpm.transmutedgrade)<75,"At-Risk","")),_xlpm.remarks)), IF(_xlpm.initialgrade>=_xlpm.benchmark,"","At-Risk"))),""))} -> Failed [D]
B31: 23 | C31: =IF('Data Input'!M29="","",'Data Input'!M29) -> 2000492883 | D31: =IF(ISBLANK('Data Input'!N29),"",PROPER('Data Input'!N29)) -> Morada, Carl Ely | E31: 5 | F31: 12 | G31: 1 | H31: 20 | Y31: {=_xlfn.LET( _xlpm.score,E31:X31, _xlpm.limit,$E$6:$X$6, IF(OR(D31="",COUNTA(_xlpm.score)=0),"", IF(COUNTA(_xlpm.score,_xlpm.limit)=0,"", IF( OR( SUM((_xlpm.limit="")*(_xlpm.score<>""))>0, SUM(ISTEXT(_xlpm.limit)*1)>0, SUM(ISTEXT(_xlpm.score)*1)>0, SUM(ISLOGICAL(_xlpm.limit)*1)>0, SUM(ISLOGICAL(_xlpm.score)*1)>0, SUM(ISERROR(_xlpm.limit)*1)>0, SUM(ISERROR(_xlpm.score)*1)>0 ), "Error", IF( SUM((ISNUMBER(_xlpm.limit)*ISNUMBER(_xlpm.score)*(_xlpm.score>_xlpm.limit))*1)>0, "Error", IF(SUM(_xlpm.score)>$Y$6, "Error", SUM(_xlpm.score) ))))))} -> 38 | Z31: =IF(D31="","",IF(Y31="Error","Error",IFERROR((Y31/$Y$6*$Z$6),""))) -> 54.285714 | AA31: =IFERROR(IF(D31="","",IF(Z31="Error","Error",(Z31*$AA$6))),"") -> 10.857143 | AB31: 47 | AC31: 88 | AQ31: {=_xlfn.LET( _xlpm.score,AB31:AP31, _xlpm.limit,$AB$6:$AP$6, IF(OR(D31="",COUNTA(_xlpm.score)=0),"", IF(COUNTA(_xlpm.score,_xlpm.limit)=0,"", IF( OR( SUM((_xlpm.limit="")*(_xlpm.score<>""))>0, SUM(ISTEXT(_xlpm.limit)*1)>0, SUM(ISTEXT(_xlpm.score)*1)>0, SUM(ISLOGICAL(_xlpm.limit)*1)>0, SUM(ISLOGICAL(_xlpm.score)*1)>0, SUM(ISERROR(_xlpm.limit)*1)>0, SUM(ISERROR(_xlpm.score)*1)>0 ), "Error", IF( SUM((ISNUMBER(_xlpm.limit)*ISNUMBER(_xlpm.score)*(_xlpm.score>_xlpm.limit))*1)>0, "Error", IF(SUM(_xlpm.score)>$AQ$6, "Error", SUM(_xlpm.score) ))))))} -> 135 | AR31: =IF(D31="","",IF(AQ31="Error","Error",IFERROR((AQ31/$AQ$6*$AR$6),""))) -> 90 | AS31: =IFERROR(IF(D31="","",IF(AR31="Error","Error",(AR31*$AS$6))),"") -> 45 | AT31: 32 | AU31: 35 | AV31: 56 | AW31: =IF(OR(D31="",AT31=""),"", IF($AT$6=0,"Error", IF(OR(AND($AT$6="",AT31<>""), ISTEXT($AT$6), ISTEXT(AT31), ISLOGICAL($AT$6), ISLOGICAL(AT31), ISERROR($AT$6), ISERROR(AT31)),"Error", IF(AT31>$AT$6,"Error", IF($AT$6=0,"",AT31/$AT$6*$AZ$7*$AW$7))))) -> 21.333333 | AX31: =IF(OR(D31="",AU31=""),"", IF($AU$6=0,"Error", IF(OR(AND($AU$6="",AU31<>""), ISTEXT($AU$6), ISTEXT(AU31), ISLOGICAL($AU$6), ISLOGICAL(AU31), ISERROR($AU$6), ISERROR(AU31)),"Error", IF(AU31>$AU$6,"Error", IF($AU$6=0,"",AU31/$AU$6*$AZ$7*$AX$7))))) -> 23.333333 | AY31: =IF(OR(D31="",AV31=""),"", IF($AV$6=0,"Error", IF(OR(AND($AV$6="",AV31<>""), ISTEXT($AV$6), ISTEXT(AV31), ISLOGICAL($AV$6), ISLOGICAL(AV31), ISERROR($AV$6), ISERROR(AV31)),"Error", IF(AV31>$AV$6,"Error", IF($AV$6=0,"",AV31/$AV$6*$AZ$7*$AY$7))))) -> 22.4 | AZ31: =IF(D31="","",IF(COUNTIF(AW31:AY31,"Error")>0,"Error",IFERROR(IF(COUNT(AW31:AY31)=0,"",SUM(AW31:AY31)),""))) -> 67.066667 | BA31: =IFERROR(IF(D31="","",IF(AZ31="Error","Error",(AZ31*$BA$7))),"") -> 20.12 | BC31: =IF(OR(D31="",BB31=""),"",IF(BB31="Error","Error",IFERROR((BB31/$BB$6*$BC$6),""))) | BD31: =IF(AND(AY31="",BB31<>""),"Error",IF(BB31="","",IF(BB31>$BB$6,"Error",IF(BC31>=75,"Passed","Failed")))) | BE31: =_xlfn.LET( _xlpm.total,ROUND((N(AA31)+N(AS31)+N(BA31)),2), IF(OR(AA31="Error",AS31="Error",BA31="Error",BD31="Error"),"Error", IF(AND(AA31="",AS31="",BA31=""),"", IF(_xlpm.total>=70,_xlpm.total,IF(BD31="Passed",70,_xlpm.total))))) -> 75.98 | BF31: =IF(OR(AA31="Error",AS31="Error",BA31="Error",BD31="Error"),"Error", IF(D31="","", IF(AND(N($AA$6)+N($AS$6)+N($BA$7)=100%, OR(N($AA$6)=0,AA31<>""),OR(N($AS$6)=0,AS31<>""),OR(N($BA$7)=0,BA31<>""),BE31<>""), _xlfn.XLOOKUP(BE31,'Helper 1'!$B$3:$B$43,'Helper 1'!$D$3:$D$43,,-1),""))) -> 80 | BG31: {=_xlfn.LET( _xlpm.wWorks,$AA$6,_xlpm.pTask,$AS$6,_xlpm.examination,$BA$7, _xlpm.initialgrade,BE31,_xlpm.transmutedgrade,BF31,_xlpm.termExam,AY31, _xlpm.wWorkScore,AA31,_xlpm.pTaskScore,AS31,_xlpm.st1Score,AW31,_xlpm.st2Score,AX31,_xlpm.examScore,BA31,_xlpm.re,BD31, _xlpm.benchmark, _xlpm.wWorks*70*(_xlpm.wWorkScore<>"")+ _xlpm.pTask*70*(_xlpm.pTaskScore<>"")+ IF(_xlpm.wWorks+_xlpm.pTask<>100%, _xlpm.examination*21*((_xlpm.st1Score<>"")+(_xlpm.st2Score<>"")),0), _xlpm.remarks, _xlfn.IFS( N(_xlpm.transmutedgrade)>=90,"Passed [A]", N(_xlpm.transmutedgrade)>=80,"Passed [B]", N(_xlpm.transmutedgrade)>=75,"Passed [C]", N(_xlpm.transmutedgrade)>=65,"Failed [D]",TRUE,"Failed [E]"), IFERROR( IF(OR(_xlpm.wWorkScore="Error",_xlpm.pTaskScore="Error",_xlpm.examScore="Error",_xlpm.re="Error"),"Error", IF(_xlpm.transmutedgrade<>"", IF(_xlpm.wWorks+_xlpm.pTask=100%,_xlpm.remarks, IF(_xlpm.termExam="",IF(_xlpm.st2Score="", IF(_xlpm.initialgrade>=_xlpm.benchmark,"","At-Risk"), IF(N(_xlpm.transmutedgrade)<75,"At-Risk","")),_xlpm.remarks)), IF(_xlpm.initialgrade>=_xlpm.benchmark,"","At-Risk"))),""))} -> Passed [B]
B32: 24 | C32: =IF('Data Input'!M30="","",'Data Input'!M30) -> 2000493062 | D32: =IF(ISBLANK('Data Input'!N30),"",PROPER('Data Input'!N30)) -> Olores, Frecious Natalie | E32: 9 | F32: 10 | G32: 8 | H32: 20 | Y32: {=_xlfn.LET( _xlpm.score,E32:X32, _xlpm.limit,$E$6:$X$6, IF(OR(D32="",COUNTA(_xlpm.score)=0),"", IF(COUNTA(_xlpm.score,_xlpm.limit)=0,"", IF( OR( SUM((_xlpm.limit="")*(_xlpm.score<>""))>0, SUM(ISTEXT(_xlpm.limit)*1)>0, SUM(ISTEXT(_xlpm.score)*1)>0, SUM(ISLOGICAL(_xlpm.limit)*1)>0, SUM(ISLOGICAL(_xlpm.score)*1)>0, SUM(ISERROR(_xlpm.limit)*1)>0, SUM(ISERROR(_xlpm.score)*1)>0 ), "Error", IF( SUM((ISNUMBER(_xlpm.limit)*ISNUMBER(_xlpm.score)*(_xlpm.score>_xlpm.limit))*1)>0, "Error", IF(SUM(_xlpm.score)>$Y$6, "Error", SUM(_xlpm.score) ))))))} -> 47 | Z32: =IF(D32="","",IF(Y32="Error","Error",IFERROR((Y32/$Y$6*$Z$6),""))) -> 67.142857 | AA32: =IFERROR(IF(D32="","",IF(Z32="Error","Error",(Z32*$AA$6))),"") -> 13.428571 | AB32: 45 | AC32: 88 | AQ32: {=_xlfn.LET( _xlpm.score,AB32:AP32, _xlpm.limit,$AB$6:$AP$6, IF(OR(D32="",COUNTA(_xlpm.score)=0),"", IF(COUNTA(_xlpm.score,_xlpm.limit)=0,"", IF( OR( SUM((_xlpm.limit="")*(_xlpm.score<>""))>0, SUM(ISTEXT(_xlpm.limit)*1)>0, SUM(ISTEXT(_xlpm.score)*1)>0, SUM(ISLOGICAL(_xlpm.limit)*1)>0, SUM(ISLOGICAL(_xlpm.score)*1)>0, SUM(ISERROR(_xlpm.limit)*1)>0, SUM(ISERROR(_xlpm.score)*1)>0 ), "Error", IF( SUM((ISNUMBER(_xlpm.limit)*ISNUMBER(_xlpm.score)*(_xlpm.score>_xlpm.limit))*1)>0, "Error", IF(SUM(_xlpm.score)>$AQ$6, "Error", SUM(_xlpm.score) ))))))} -> 133 | AR32: =IF(D32="","",IF(AQ32="Error","Error",IFERROR((AQ32/$AQ$6*$AR$6),""))) -> 88.666667 | AS32: =IFERROR(IF(D32="","",IF(AR32="Error","Error",(AR32*$AS$6))),"") -> 44.333333 | AT32: 28 | AU32: 22 | AV32: 37 | AW32: =IF(OR(D32="",AT32=""),"", IF($AT$6=0,"Error", IF(OR(AND($AT$6="",AT32<>""), ISTEXT($AT$6), ISTEXT(AT32), ISLOGICAL($AT$6), ISLOGICAL(AT32), ISERROR($AT$6), ISERROR(AT32)),"Error", IF(AT32>$AT$6,"Error", IF($AT$6=0,"",AT32/$AT$6*$AZ$7*$AW$7))))) -> 18.666667 | AX32: =IF(OR(D32="",AU32=""),"", IF($AU$6=0,"Error", IF(OR(AND($AU$6="",AU32<>""), ISTEXT($AU$6), ISTEXT(AU32), ISLOGICAL($AU$6), ISLOGICAL(AU32), ISERROR($AU$6), ISERROR(AU32)),"Error", IF(AU32>$AU$6,"Error", IF($AU$6=0,"",AU32/$AU$6*$AZ$7*$AX$7))))) -> 14.666667 | AY32: =IF(OR(D32="",AV32=""),"", IF($AV$6=0,"Error", IF(OR(AND($AV$6="",AV32<>""), ISTEXT($AV$6), ISTEXT(AV32), ISLOGICAL($AV$6), ISLOGICAL(AV32), ISERROR($AV$6), ISERROR(AV32)),"Error", IF(AV32>$AV$6,"Error", IF($AV$6=0,"",AV32/$AV$6*$AZ$7*$AY$7))))) -> 14.8 | AZ32: =IF(D32="","",IF(COUNTIF(AW32:AY32,"Error")>0,"Error",IFERROR(IF(COUNT(AW32:AY32)=0,"",SUM(AW32:AY32)),""))) -> 48.133333 | BA32: =IFERROR(IF(D32="","",IF(AZ32="Error","Error",(AZ32*$BA$7))),"") -> 14.44 | BC32: =IF(OR(D32="",BB32=""),"",IF(BB32="Error","Error",IFERROR((BB32/$BB$6*$BC$6),""))) | BD32: =IF(AND(AY32="",BB32<>""),"Error",IF(BB32="","",IF(BB32>$BB$6,"Error",IF(BC32>=75,"Passed","Failed")))) | BE32: =_xlfn.LET( _xlpm.total,ROUND((N(AA32)+N(AS32)+N(BA32)),2), IF(OR(AA32="Error",AS32="Error",BA32="Error",BD32="Error"),"Error", IF(AND(AA32="",AS32="",BA32=""),"", IF(_xlpm.total>=70,_xlpm.total,IF(BD32="Passed",70,_xlpm.total))))) -> 72.2 | BF32: =IF(OR(AA32="Error",AS32="Error",BA32="Error",BD32="Error"),"Error", IF(D32="","", IF(AND(N($AA$6)+N($AS$6)+N($BA$7)=100%, OR(N($AA$6)=0,AA32<>""),OR(N($AS$6)=0,AS32<>""),OR(N($BA$7)=0,BA32<>""),BE32<>""), _xlfn.XLOOKUP(BE32,'Helper 1'!$B$3:$B$43,'Helper 1'!$D$3:$D$43,,-1),""))) -> 76 | BG32: {=_xlfn.LET( _xlpm.wWorks,$AA$6,_xlpm.pTask,$AS$6,_xlpm.examination,$BA$7, _xlpm.initialgrade,BE32,_xlpm.transmutedgrade,BF32,_xlpm.termExam,AY32, _xlpm.wWorkScore,AA32,_xlpm.pTaskScore,AS32,_xlpm.st1Score,AW32,_xlpm.st2Score,AX32,_xlpm.examScore,BA32,_xlpm.re,BD32, _xlpm.benchmark, _xlpm.wWorks*70*(_xlpm.wWorkScore<>"")+ _xlpm.pTask*70*(_xlpm.pTaskScore<>"")+ IF(_xlpm.wWorks+_xlpm.pTask<>100%, _xlpm.examination*21*((_xlpm.st1Score<>"")+(_xlpm.st2Score<>"")),0), _xlpm.remarks, _xlfn.IFS( N(_xlpm.transmutedgrade)>=90,"Passed [A]", N(_xlpm.transmutedgrade)>=80,"Passed [B]", N(_xlpm.transmutedgrade)>=75,"Passed [C]", N(_xlpm.transmutedgrade)>=65,"Failed [D]",TRUE,"Failed [E]"), IFERROR( IF(OR(_xlpm.wWorkScore="Error",_xlpm.pTaskScore="Error",_xlpm.examScore="Error",_xlpm.re="Error"),"Error", IF(_xlpm.transmutedgrade<>"", IF(_xlpm.wWorks+_xlpm.pTask=100%,_xlpm.remarks, IF(_xlpm.termExam="",IF(_xlpm.st2Score="", IF(_xlpm.initialgrade>=_xlpm.benchmark,"","At-Risk"), IF(N(_xlpm.transmutedgrade)<75,"At-Risk","")),_xlpm.remarks)), IF(_xlpm.initialgrade>=_xlpm.benchmark,"","At-Risk"))),""))} -> Passed [C]
B33: 25 | C33: =IF('Data Input'!M31="","",'Data Input'!M31) -> 2000499699 | D33: =IF(ISBLANK('Data Input'!N31),"",PROPER('Data Input'!N31)) -> Ortinero, Christel Ace | E33: 3 | F33: 12 | H33: 20 | Y33: {=_xlfn.LET( _xlpm.score,E33:X33, _xlpm.limit,$E$6:$X$6, IF(OR(D33="",COUNTA(_xlpm.score)=0),"", IF(COUNTA(_xlpm.score,_xlpm.limit)=0,"", IF( OR( SUM((_xlpm.limit="")*(_xlpm.score<>""))>0, SUM(ISTEXT(_xlpm.limit)*1)>0, SUM(ISTEXT(_xlpm.score)*1)>0, SUM(ISLOGICAL(_xlpm.limit)*1)>0, SUM(ISLOGICAL(_xlpm.score)*1)>0, SUM(ISERROR(_xlpm.limit)*1)>0, SUM(ISERROR(_xlpm.score)*1)>0 ), "Error", IF( SUM((ISNUMBER(_xlpm.limit)*ISNUMBER(_xlpm.score)*(_xlpm.score>_xlpm.limit))*1)>0, "Error", IF(SUM(_xlpm.score)>$Y$6, "Error", SUM(_xlpm.score) ))))))} -> 35 | Z33: =IF(D33="","",IF(Y33="Error","Error",IFERROR((Y33/$Y$6*$Z$6),""))) -> 50 | AA33: =IFERROR(IF(D33="","",IF(Z33="Error","Error",(Z33*$AA$6))),"") -> 10 | AB33: 47 | AC33: 88 | AQ33: {=_xlfn.LET( _xlpm.score,AB33:AP33, _xlpm.limit,$AB$6:$AP$6, IF(OR(D33="",COUNTA(_xlpm.score)=0),"", IF(COUNTA(_xlpm.score,_xlpm.limit)=0,"", IF( OR( SUM((_xlpm.limit="")*(_xlpm.score<>""))>0, SUM(ISTEXT(_xlpm.limit)*1)>0, SUM(ISTEXT(_xlpm.score)*1)>0, SUM(ISLOGICAL(_xlpm.limit)*1)>0, SUM(ISLOGICAL(_xlpm.score)*1)>0, SUM(ISERROR(_xlpm.limit)*1)>0, SUM(ISERROR(_xlpm.score)*1)>0 ), "Error", IF( SUM((ISNUMBER(_xlpm.limit)*ISNUMBER(_xlpm.score)*(_xlpm.score>_xlpm.limit))*1)>0, "Error", IF(SUM(_xlpm.score)>$AQ$6, "Error", SUM(_xlpm.score) ))))))} -> 135 | AR33: =IF(D33="","",IF(AQ33="Error","Error",IFERROR((AQ33/$AQ$6*$AR$6),""))) -> 90 | AS33: =IFERROR(IF(D33="","",IF(AR33="Error","Error",(AR33*$AS$6))),"") -> 45 | AT33: 25 | AU33: 28 | AV33: 45 | AW33: =IF(OR(D33="",AT33=""),"", IF($AT$6=0,"Error", IF(OR(AND($AT$6="",AT33<>""), ISTEXT($AT$6), ISTEXT(AT33), ISLOGICAL($AT$6), ISLOGICAL(AT33), ISERROR($AT$6), ISERROR(AT33)),"Error", IF(AT33>$AT$6,"Error", IF($AT$6=0,"",AT33/$AT$6*$AZ$7*$AW$7))))) -> 16.666667 | AX33: =IF(OR(D33="",AU33=""),"", IF($AU$6=0,"Error", IF(OR(AND($AU$6="",AU33<>""), ISTEXT($AU$6), ISTEXT(AU33), ISLOGICAL($AU$6), ISLOGICAL(AU33), ISERROR($AU$6), ISERROR(AU33)),"Error", IF(AU33>$AU$6,"Error", IF($AU$6=0,"",AU33/$AU$6*$AZ$7*$AX$7))))) -> 18.666667 | AY33: =IF(OR(D33="",AV33=""),"", IF($AV$6=0,"Error", IF(OR(AND($AV$6="",AV33<>""), ISTEXT($AV$6), ISTEXT(AV33), ISLOGICAL($AV$6), ISLOGICAL(AV33), ISERROR($AV$6), ISERROR(AV33)),"Error", IF(AV33>$AV$6,"Error", IF($AV$6=0,"",AV33/$AV$6*$AZ$7*$AY$7))))) -> 18 | AZ33: =IF(D33="","",IF(COUNTIF(AW33:AY33,"Error")>0,"Error",IFERROR(IF(COUNT(AW33:AY33)=0,"",SUM(AW33:AY33)),""))) -> 53.333333 | BA33: =IFERROR(IF(D33="","",IF(AZ33="Error","Error",(AZ33*$BA$7))),"") -> 16 | BC33: =IF(OR(D33="",BB33=""),"",IF(BB33="Error","Error",IFERROR((BB33/$BB$6*$BC$6),""))) | BD33: =IF(AND(AY33="",BB33<>""),"Error",IF(BB33="","",IF(BB33>$BB$6,"Error",IF(BC33>=75,"Passed","Failed")))) | BE33: =_xlfn.LET( _xlpm.total,ROUND((N(AA33)+N(AS33)+N(BA33)),2), IF(OR(AA33="Error",AS33="Error",BA33="Error",BD33="Error"),"Error", IF(AND(AA33="",AS33="",BA33=""),"", IF(_xlpm.total>=70,_xlpm.total,IF(BD33="Passed",70,_xlpm.total))))) -> 71 | BF33: =IF(OR(AA33="Error",AS33="Error",BA33="Error",BD33="Error"),"Error", IF(D33="","", IF(AND(N($AA$6)+N($AS$6)+N($BA$7)=100%, OR(N($AA$6)=0,AA33<>""),OR(N($AS$6)=0,AS33<>""),OR(N($BA$7)=0,BA33<>""),BE33<>""), _xlfn.XLOOKUP(BE33,'Helper 1'!$B$3:$B$43,'Helper 1'!$D$3:$D$43,,-1),""))) -> 75 | BG33: {=_xlfn.LET( _xlpm.wWorks,$AA$6,_xlpm.pTask,$AS$6,_xlpm.examination,$BA$7, _xlpm.initialgrade,BE33,_xlpm.transmutedgrade,BF33,_xlpm.termExam,AY33, _xlpm.wWorkScore,AA33,_xlpm.pTaskScore,AS33,_xlpm.st1Score,AW33,_xlpm.st2Score,AX33,_xlpm.examScore,BA33,_xlpm.re,BD33, _xlpm.benchmark, _xlpm.wWorks*70*(_xlpm.wWorkScore<>"")+ _xlpm.pTask*70*(_xlpm.pTaskScore<>"")+ IF(_xlpm.wWorks+_xlpm.pTask<>100%, _xlpm.examination*21*((_xlpm.st1Score<>"")+(_xlpm.st2Score<>"")),0), _xlpm.remarks, _xlfn.IFS( N(_xlpm.transmutedgrade)>=90,"Passed [A]", N(_xlpm.transmutedgrade)>=80,"Passed [B]", N(_xlpm.transmutedgrade)>=75,"Passed [C]", N(_xlpm.transmutedgrade)>=65,"Failed [D]",TRUE,"Failed [E]"), IFERROR( IF(OR(_xlpm.wWorkScore="Error",_xlpm.pTaskScore="Error",_xlpm.examScore="Error",_xlpm.re="Error"),"Error", IF(_xlpm.transmutedgrade<>"", IF(_xlpm.wWorks+_xlpm.pTask=100%,_xlpm.remarks, IF(_xlpm.termExam="",IF(_xlpm.st2Score="", IF(_xlpm.initialgrade>=_xlpm.benchmark,"","At-Risk"), IF(N(_xlpm.transmutedgrade)<75,"At-Risk","")),_xlpm.remarks)), IF(_xlpm.initialgrade>=_xlpm.benchmark,"","At-Risk"))),""))} -> Passed [C]
B34: 26 | C34: =IF('Data Input'!M32="","",'Data Input'!M32) -> 2000481841 | D34: =IF(ISBLANK('Data Input'!N32),"",PROPER('Data Input'!N32)) -> Pascua, Jhon Gavriel | E34: 7 | F34: 9 | G34: 7 | H34: 20 | Y34: {=_xlfn.LET( _xlpm.score,E34:X34, _xlpm.limit,$E$6:$X$6, IF(OR(D34="",COUNTA(_xlpm.score)=0),"", IF(COUNTA(_xlpm.score,_xlpm.limit)=0,"", IF( OR( SUM((_xlpm.limit="")*(_xlpm.score<>""))>0, SUM(ISTEXT(_xlpm.limit)*1)>0, SUM(ISTEXT(_xlpm.score)*1)>0, SUM(ISLOGICAL(_xlpm.limit)*1)>0, SUM(ISLOGICAL(_xlpm.score)*1)>0, SUM(ISERROR(_xlpm.limit)*1)>0, SUM(ISERROR(_xlpm.score)*1)>0 ), "Error", IF( SUM((ISNUMBER(_xlpm.limit)*ISNUMBER(_xlpm.score)*(_xlpm.score>_xlpm.limit))*1)>0, "Error", IF(SUM(_xlpm.score)>$Y$6, "Error", SUM(_xlpm.score) ))))))} -> 43 | Z34: =IF(D34="","",IF(Y34="Error","Error",IFERROR((Y34/$Y$6*$Z$6),""))) -> 61.428571 | AA34: =IFERROR(IF(D34="","",IF(Z34="Error","Error",(Z34*$AA$6))),"") -> 12.285714 | AB34: 45 | AC34: 88 | AQ34: {=_xlfn.LET( _xlpm.score,AB34:AP34, _xlpm.limit,$AB$6:$AP$6, IF(OR(D34="",COUNTA(_xlpm.score)=0),"", IF(COUNTA(_xlpm.score,_xlpm.limit)=0,"", IF( OR( SUM((_xlpm.limit="")*(_xlpm.score<>""))>0, SUM(ISTEXT(_xlpm.limit)*1)>0, SUM(ISTEXT(_xlpm.score)*1)>0, SUM(ISLOGICAL(_xlpm.limit)*1)>0, SUM(ISLOGICAL(_xlpm.score)*1)>0, SUM(ISERROR(_xlpm.limit)*1)>0, SUM(ISERROR(_xlpm.score)*1)>0 ), "Error", IF( SUM((ISNUMBER(_xlpm.limit)*ISNUMBER(_xlpm.score)*(_xlpm.score>_xlpm.limit))*1)>0, "Error", IF(SUM(_xlpm.score)>$AQ$6, "Error", SUM(_xlpm.score) ))))))} -> 133 | AR34: =IF(D34="","",IF(AQ34="Error","Error",IFERROR((AQ34/$AQ$6*$AR$6),""))) -> 88.666667 | AS34: =IFERROR(IF(D34="","",IF(AR34="Error","Error",(AR34*$AS$6))),"") -> 44.333333 | AT34: 28 | AU34: 32 | AV34: 48 | AW34: =IF(OR(D34="",AT34=""),"", IF($AT$6=0,"Error", IF(OR(AND($AT$6="",AT34<>""), ISTEXT($AT$6), ISTEXT(AT34), ISLOGICAL($AT$6), ISLOGICAL(AT34), ISERROR($AT$6), ISERROR(AT34)),"Error", IF(AT34>$AT$6,"Error", IF($AT$6=0,"",AT34/$AT$6*$AZ$7*$AW$7))))) -> 18.666667 | AX34: =IF(OR(D34="",AU34=""),"", IF($AU$6=0,"Error", IF(OR(AND($AU$6="",AU34<>""), ISTEXT($AU$6), ISTEXT(AU34), ISLOGICAL($AU$6), ISLOGICAL(AU34), ISERROR($AU$6), ISERROR(AU34)),"Error", IF(AU34>$AU$6,"Error", IF($AU$6=0,"",AU34/$AU$6*$AZ$7*$AX$7))))) -> 21.333333 | AY34: =IF(OR(D34="",AV34=""),"", IF($AV$6=0,"Error", IF(OR(AND($AV$6="",AV34<>""), ISTEXT($AV$6), ISTEXT(AV34), ISLOGICAL($AV$6), ISLOGICAL(AV34), ISERROR($AV$6), ISERROR(AV34)),"Error", IF(AV34>$AV$6,"Error", IF($AV$6=0,"",AV34/$AV$6*$AZ$7*$AY$7))))) -> 19.2 | AZ34: =IF(D34="","",IF(COUNTIF(AW34:AY34,"Error")>0,"Error",IFERROR(IF(COUNT(AW34:AY34)=0,"",SUM(AW34:AY34)),""))) -> 59.2 | BA34: =IFERROR(IF(D34="","",IF(AZ34="Error","Error",(AZ34*$BA$7))),"") -> 17.76 | BC34: =IF(OR(D34="",BB34=""),"",IF(BB34="Error","Error",IFERROR((BB34/$BB$6*$BC$6),""))) | BD34: =IF(AND(AY34="",BB34<>""),"Error",IF(BB34="","",IF(BB34>$BB$6,"Error",IF(BC34>=75,"Passed","Failed")))) | BE34: =_xlfn.LET( _xlpm.total,ROUND((N(AA34)+N(AS34)+N(BA34)),2), IF(OR(AA34="Error",AS34="Error",BA34="Error",BD34="Error"),"Error", IF(AND(AA34="",AS34="",BA34=""),"", IF(_xlpm.total>=70,_xlpm.total,IF(BD34="Passed",70,_xlpm.total))))) -> 74.38 | BF34: =IF(OR(AA34="Error",AS34="Error",BA34="Error",BD34="Error"),"Error", IF(D34="","", IF(AND(N($AA$6)+N($AS$6)+N($BA$7)=100%, OR(N($AA$6)=0,AA34<>""),OR(N($AS$6)=0,AS34<>""),OR(N($BA$7)=0,BA34<>""),BE34<>""), _xlfn.XLOOKUP(BE34,'Helper 1'!$B$3:$B$43,'Helper 1'!$D$3:$D$43,,-1),""))) -> 78 | BG34: {=_xlfn.LET( _xlpm.wWorks,$AA$6,_xlpm.pTask,$AS$6,_xlpm.examination,$BA$7, _xlpm.initialgrade,BE34,_xlpm.transmutedgrade,BF34,_xlpm.termExam,AY34, _xlpm.wWorkScore,AA34,_xlpm.pTaskScore,AS34,_xlpm.st1Score,AW34,_xlpm.st2Score,AX34,_xlpm.examScore,BA34,_xlpm.re,BD34, _xlpm.benchmark, _xlpm.wWorks*70*(_xlpm.wWorkScore<>"")+ _xlpm.pTask*70*(_xlpm.pTaskScore<>"")+ IF(_xlpm.wWorks+_xlpm.pTask<>100%, _xlpm.examination*21*((_xlpm.st1Score<>"")+(_xlpm.st2Score<>"")),0), _xlpm.remarks, _xlfn.IFS( N(_xlpm.transmutedgrade)>=90,"Passed [A]", N(_xlpm.transmutedgrade)>=80,"Passed [B]", N(_xlpm.transmutedgrade)>=75,"Passed [C]", N(_xlpm.transmutedgrade)>=65,"Failed [D]",TRUE,"Failed [E]"), IFERROR( IF(OR(_xlpm.wWorkScore="Error",_xlpm.pTaskScore="Error",_xlpm.examScore="Error",_xlpm.re="Error"),"Error", IF(_xlpm.transmutedgrade<>"", IF(_xlpm.wWorks+_xlpm.pTask=100%,_xlpm.remarks, IF(_xlpm.termExam="",IF(_xlpm.st2Score="", IF(_xlpm.initialgrade>=_xlpm.benchmark,"","At-Risk"), IF(N(_xlpm.transmutedgrade)<75,"At-Risk","")),_xlpm.remarks)), IF(_xlpm.initialgrade>=_xlpm.benchmark,"","At-Risk"))),""))} -> Passed [C]
B35: 27 | C35: =IF('Data Input'!M33="","",'Data Input'!M33) -> 2000492838 | D35: =IF(ISBLANK('Data Input'!N33),"",PROPER('Data Input'!N33)) -> Pastor, Jaydhen | E35: 16 | F35: 19 | G35: 9 | H35: 20 | Y35: {=_xlfn.LET( _xlpm.score,E35:X35, _xlpm.limit,$E$6:$X$6, IF(OR(D35="",COUNTA(_xlpm.score)=0),"", IF(COUNTA(_xlpm.score,_xlpm.limit)=0,"", IF( OR( SUM((_xlpm.limit="")*(_xlpm.score<>""))>0, SUM(ISTEXT(_xlpm.limit)*1)>0, SUM(ISTEXT(_xlpm.score)*1)>0, SUM(ISLOGICAL(_xlpm.limit)*1)>0, SUM(ISLOGICAL(_xlpm.score)*1)>0, SUM(ISERROR(_xlpm.limit)*1)>0, SUM(ISERROR(_xlpm.score)*1)>0 ), "Error", IF( SUM((ISNUMBER(_xlpm.limit)*ISNUMBER(_xlpm.score)*(_xlpm.score>_xlpm.limit))*1)>0, "Error", IF(SUM(_xlpm.score)>$Y$6, "Error", SUM(_xlpm.score) ))))))} -> 64 | Z35: =IF(D35="","",IF(Y35="Error","Error",IFERROR((Y35/$Y$6*$Z$6),""))) -> 91.428571 | AA35: =IFERROR(IF(D35="","",IF(Z35="Error","Error",(Z35*$AA$6))),"") -> 18.285714 | AB35: 46 | AC35: 90 | AQ35: {=_xlfn.LET( _xlpm.score,AB35:AP35, _xlpm.limit,$AB$6:$AP$6, IF(OR(D35="",COUNTA(_xlpm.score)=0),"", IF(COUNTA(_xlpm.score,_xlpm.limit)=0,"", IF( OR( SUM((_xlpm.limit="")*(_xlpm.score<>""))>0, SUM(ISTEXT(_xlpm.limit)*1)>0, SUM(ISTEXT(_xlpm.score)*1)>0, SUM(ISLOGICAL(_xlpm.limit)*1)>0, SUM(ISLOGICAL(_xlpm.score)*1)>0, SUM(ISERROR(_xlpm.limit)*1)>0, SUM(ISERROR(_xlpm.score)*1)>0 ), "Error", IF( SUM((ISNUMBER(_xlpm.limit)*ISNUMBER(_xlpm.score)*(_xlpm.score>_xlpm.limit))*1)>0, "Error", IF(SUM(_xlpm.score)>$AQ$6, "Error", SUM(_xlpm.score) ))))))} -> 136 | AR35: =IF(D35="","",IF(AQ35="Error","Error",IFERROR((AQ35/$AQ$6*$AR$6),""))) -> 90.666667 | AS35: =IFERROR(IF(D35="","",IF(AR35="Error","Error",(AR35*$AS$6))),"") -> 45.333333 | AT35: 42 | AU35: 45 | AV35: 91 | AW35: =IF(OR(D35="",AT35=""),"", IF($AT$6=0,"Error", IF(OR(AND($AT$6="",AT35<>""), ISTEXT($AT$6), ISTEXT(AT35), ISLOGICAL($AT$6), ISLOGICAL(AT35), ISERROR($AT$6), ISERROR(AT35)),"Error", IF(AT35>$AT$6,"Error", IF($AT$6=0,"",AT35/$AT$6*$AZ$7*$AW$7))))) -> 28 | AX35: =IF(OR(D35="",AU35=""),"", IF($AU$6=0,"Error", IF(OR(AND($AU$6="",AU35<>""), ISTEXT($AU$6), ISTEXT(AU35), ISLOGICAL($AU$6), ISLOGICAL(AU35), ISERROR($AU$6), ISERROR(AU35)),"Error", IF(AU35>$AU$6,"Error", IF($AU$6=0,"",AU35/$AU$6*$AZ$7*$AX$7))))) -> 30 | AY35: =IF(OR(D35="",AV35=""),"", IF($AV$6=0,"Error", IF(OR(AND($AV$6="",AV35<>""), ISTEXT($AV$6), ISTEXT(AV35), ISLOGICAL($AV$6), ISLOGICAL(AV35), ISERROR($AV$6), ISERROR(AV35)),"Error", IF(AV35>$AV$6,"Error", IF($AV$6=0,"",AV35/$AV$6*$AZ$7*$AY$7))))) -> 36.4 | AZ35: =IF(D35="","",IF(COUNTIF(AW35:AY35,"Error")>0,"Error",IFERROR(IF(COUNT(AW35:AY35)=0,"",SUM(AW35:AY35)),""))) -> 94.4 | BA35: =IFERROR(IF(D35="","",IF(AZ35="Error","Error",(AZ35*$BA$7))),"") -> 28.32 | BC35: =IF(OR(D35="",BB35=""),"",IF(BB35="Error","Error",IFERROR((BB35/$BB$6*$BC$6),""))) | BD35: =IF(AND(AY35="",BB35<>""),"Error",IF(BB35="","",IF(BB35>$BB$6,"Error",IF(BC35>=75,"Passed","Failed")))) | BE35: =_xlfn.LET( _xlpm.total,ROUND((N(AA35)+N(AS35)+N(BA35)),2), IF(OR(AA35="Error",AS35="Error",BA35="Error",BD35="Error"),"Error", IF(AND(AA35="",AS35="",BA35=""),"", IF(_xlpm.total>=70,_xlpm.total,IF(BD35="Passed",70,_xlpm.total))))) -> 91.94 | BF35: =IF(OR(AA35="Error",AS35="Error",BA35="Error",BD35="Error"),"Error", IF(D35="","", IF(AND(N($AA$6)+N($AS$6)+N($BA$7)=100%, OR(N($AA$6)=0,AA35<>""),OR(N($AS$6)=0,AS35<>""),OR(N($BA$7)=0,BA35<>""),BE35<>""), _xlfn.XLOOKUP(BE35,'Helper 1'!$B$3:$B$43,'Helper 1'!$D$3:$D$43,,-1),""))) -> 93 | BG35: {=_xlfn.LET( _xlpm.wWorks,$AA$6,_xlpm.pTask,$AS$6,_xlpm.examination,$BA$7, _xlpm.initialgrade,BE35,_xlpm.transmutedgrade,BF35,_xlpm.termExam,AY35, _xlpm.wWorkScore,AA35,_xlpm.pTaskScore,AS35,_xlpm.st1Score,AW35,_xlpm.st2Score,AX35,_xlpm.examScore,BA35,_xlpm.re,BD35, _xlpm.benchmark, _xlpm.wWorks*70*(_xlpm.wWorkScore<>"")+ _xlpm.pTask*70*(_xlpm.pTaskScore<>"")+ IF(_xlpm.wWorks+_xlpm.pTask<>100%, _xlpm.examination*21*((_xlpm.st1Score<>"")+(_xlpm.st2Score<>"")),0), _xlpm.remarks, _xlfn.IFS( N(_xlpm.transmutedgrade)>=90,"Passed [A]", N(_xlpm.transmutedgrade)>=80,"Passed [B]", N(_xlpm.transmutedgrade)>=75,"Passed [C]", N(_xlpm.transmutedgrade)>=65,"Failed [D]",TRUE,"Failed [E]"), IFERROR( IF(OR(_xlpm.wWorkScore="Error",_xlpm.pTaskScore="Error",_xlpm.examScore="Error",_xlpm.re="Error"),"Error", IF(_xlpm.transmutedgrade<>"", IF(_xlpm.wWorks+_xlpm.pTask=100%,_xlpm.remarks, IF(_xlpm.termExam="",IF(_xlpm.st2Score="", IF(_xlpm.initialgrade>=_xlpm.benchmark,"","At-Risk"), IF(N(_xlpm.transmutedgrade)<75,"At-Risk","")),_xlpm.remarks)), IF(_xlpm.initialgrade>=_xlpm.benchmark,"","At-Risk"))),""))} -> Passed [A]
B36: 28 | C36: =IF('Data Input'!M34="","",'Data Input'!M34) -> 2000485198 | D36: =IF(ISBLANK('Data Input'!N34),"",PROPER('Data Input'!N34)) -> Placente, Rhian | E36: 2 | F36: 10 | G36: 3 | H36: 20 | Y36: {=_xlfn.LET( _xlpm.score,E36:X36, _xlpm.limit,$E$6:$X$6, IF(OR(D36="",COUNTA(_xlpm.score)=0),"", IF(COUNTA(_xlpm.score,_xlpm.limit)=0,"", IF( OR( SUM((_xlpm.limit="")*(_xlpm.score<>""))>0, SUM(ISTEXT(_xlpm.limit)*1)>0, SUM(ISTEXT(_xlpm.score)*1)>0, SUM(ISLOGICAL(_xlpm.limit)*1)>0, SUM(ISLOGICAL(_xlpm.score)*1)>0, SUM(ISERROR(_xlpm.limit)*1)>0, SUM(ISERROR(_xlpm.score)*1)>0 ), "Error", IF( SUM((ISNUMBER(_xlpm.limit)*ISNUMBER(_xlpm.score)*(_xlpm.score>_xlpm.limit))*1)>0, "Error", IF(SUM(_xlpm.score)>$Y$6, "Error", SUM(_xlpm.score) ))))))} -> 35 | Z36: =IF(D36="","",IF(Y36="Error","Error",IFERROR((Y36/$Y$6*$Z$6),""))) -> 50 | AA36: =IFERROR(IF(D36="","",IF(Z36="Error","Error",(Z36*$AA$6))),"") -> 10 | AB36: 47 | AC36: 88 | AQ36: {=_xlfn.LET( _xlpm.score,AB36:AP36, _xlpm.limit,$AB$6:$AP$6, IF(OR(D36="",COUNTA(_xlpm.score)=0),"", IF(COUNTA(_xlpm.score,_xlpm.limit)=0,"", IF( OR( SUM((_xlpm.limit="")*(_xlpm.score<>""))>0, SUM(ISTEXT(_xlpm.limit)*1)>0, SUM(ISTEXT(_xlpm.score)*1)>0, SUM(ISLOGICAL(_xlpm.limit)*1)>0, SUM(ISLOGICAL(_xlpm.score)*1)>0, SUM(ISERROR(_xlpm.limit)*1)>0, SUM(ISERROR(_xlpm.score)*1)>0 ), "Error", IF( SUM((ISNUMBER(_xlpm.limit)*ISNUMBER(_xlpm.score)*(_xlpm.score>_xlpm.limit))*1)>0, "Error", IF(SUM(_xlpm.score)>$AQ$6, "Error", SUM(_xlpm.score) ))))))} -> 135 | AR36: =IF(D36="","",IF(AQ36="Error","Error",IFERROR((AQ36/$AQ$6*$AR$6),""))) -> 90 | AS36: =IFERROR(IF(D36="","",IF(AR36="Error","Error",(AR36*$AS$6))),"") -> 45 | AT36: 25 | AU36: 29 | AV36: 38 | AW36: =IF(OR(D36="",AT36=""),"", IF($AT$6=0,"Error", IF(OR(AND($AT$6="",AT36<>""), ISTEXT($AT$6), ISTEXT(AT36), ISLOGICAL($AT$6), ISLOGICAL(AT36), ISERROR($AT$6), ISERROR(AT36)),"Error", IF(AT36>$AT$6,"Error", IF($AT$6=0,"",AT36/$AT$6*$AZ$7*$AW$7))))) -> 16.666667 | AX36: =IF(OR(D36="",AU36=""),"", IF($AU$6=0,"Error", IF(OR(AND($AU$6="",AU36<>""), ISTEXT($AU$6), ISTEXT(AU36), ISLOGICAL($AU$6), ISLOGICAL(AU36), ISERROR($AU$6), ISERROR(AU36)),"Error", IF(AU36>$AU$6,"Error", IF($AU$6=0,"",AU36/$AU$6*$AZ$7*$AX$7))))) -> 19.333333 | AY36: =IF(OR(D36="",AV36=""),"", IF($AV$6=0,"Error", IF(OR(AND($AV$6="",AV36<>""), ISTEXT($AV$6), ISTEXT(AV36), ISLOGICAL($AV$6), ISLOGICAL(AV36), ISERROR($AV$6), ISERROR(AV36)),"Error", IF(AV36>$AV$6,"Error", IF($AV$6=0,"",AV36/$AV$6*$AZ$7*$AY$7))))) -> 15.2 | AZ36: =IF(D36="","",IF(COUNTIF(AW36:AY36,"Error")>0,"Error",IFERROR(IF(COUNT(AW36:AY36)=0,"",SUM(AW36:AY36)),""))) -> 51.2 | BA36: =IFERROR(IF(D36="","",IF(AZ36="Error","Error",(AZ36*$BA$7))),"") -> 15.36 | BC36: =IF(OR(D36="",BB36=""),"",IF(BB36="Error","Error",IFERROR((BB36/$BB$6*$BC$6),""))) | BD36: =IF(AND(AY36="",BB36<>""),"Error",IF(BB36="","",IF(BB36>$BB$6,"Error",IF(BC36>=75,"Passed","Failed")))) | BE36: =_xlfn.LET( _xlpm.total,ROUND((N(AA36)+N(AS36)+N(BA36)),2), IF(OR(AA36="Error",AS36="Error",BA36="Error",BD36="Error"),"Error", IF(AND(AA36="",AS36="",BA36=""),"", IF(_xlpm.total>=70,_xlpm.total,IF(BD36="Passed",70,_xlpm.total))))) -> 70.36 | BF36: =IF(OR(AA36="Error",AS36="Error",BA36="Error",BD36="Error"),"Error", IF(D36="","", IF(AND(N($AA$6)+N($AS$6)+N($BA$7)=100%, OR(N($AA$6)=0,AA36<>""),OR(N($AS$6)=0,AS36<>""),OR(N($BA$7)=0,BA36<>""),BE36<>""), _xlfn.XLOOKUP(BE36,'Helper 1'!$B$3:$B$43,'Helper 1'!$D$3:$D$43,,-1),""))) -> 75 | BG36: {=_xlfn.LET( _xlpm.wWorks,$AA$6,_xlpm.pTask,$AS$6,_xlpm.examination,$BA$7, _xlpm.initialgrade,BE36,_xlpm.transmutedgrade,BF36,_xlpm.termExam,AY36, _xlpm.wWorkScore,AA36,_xlpm.pTaskScore,AS36,_xlpm.st1Score,AW36,_xlpm.st2Score,AX36,_xlpm.examScore,BA36,_xlpm.re,BD36, _xlpm.benchmark, _xlpm.wWorks*70*(_xlpm.wWorkScore<>"")+ _xlpm.pTask*70*(_xlpm.pTaskScore<>"")+ IF(_xlpm.wWorks+_xlpm.pTask<>100%, _xlpm.examination*21*((_xlpm.st1Score<>"")+(_xlpm.st2Score<>"")),0), _xlpm.remarks, _xlfn.IFS( N(_xlpm.transmutedgrade)>=90,"Passed [A]", N(_xlpm.transmutedgrade)>=80,"Passed [B]", N(_xlpm.transmutedgrade)>=75,"Passed [C]", N(_xlpm.transmutedgrade)>=65,"Failed [D]",TRUE,"Failed [E]"), IFERROR( IF(OR(_xlpm.wWorkScore="Error",_xlpm.pTaskScore="Error",_xlpm.examScore="Error",_xlpm.re="Error"),"Error", IF(_xlpm.transmutedgrade<>"", IF(_xlpm.wWorks+_xlpm.pTask=100%,_xlpm.remarks, IF(_xlpm.termExam="",IF(_xlpm.st2Score="", IF(_xlpm.initialgrade>=_xlpm.benchmark,"","At-Risk"), IF(N(_xlpm.transmutedgrade)<75,"At-Risk","")),_xlpm.remarks)), IF(_xlpm.initialgrade>=_xlpm.benchmark,"","At-Risk"))),""))} -> Passed [C]
B37: 29 | C37: =IF('Data Input'!M35="","",'Data Input'!M35) | D37: =IF(ISBLANK('Data Input'!N35),"",PROPER('Data Input'!N35)) | Y37: {=_xlfn.LET( _xlpm.score,E37:X37, _xlpm.limit,$E$6:$X$6, IF(OR(D37="",COUNTA(_xlpm.score)=0),"", IF(COUNTA(_xlpm.score,_xlpm.limit)=0,"", IF( OR( SUM((_xlpm.limit="")*(_xlpm.score<>""))>0, SUM(ISTEXT(_xlpm.limit)*1)>0, SUM(ISTEXT(_xlpm.score)*1)>0, SUM(ISLOGICAL(_xlpm.limit)*1)>0, SUM(ISLOGICAL(_xlpm.score)*1)>0, SUM(ISERROR(_xlpm.limit)*1)>0, SUM(ISERROR(_xlpm.score)*1)>0 ), "Error", IF( SUM((ISNUMBER(_xlpm.limit)*ISNUMBER(_xlpm.score)*(_xlpm.score>_xlpm.limit))*1)>0, "Error", IF(SUM(_xlpm.score)>$Y$6, "Error", SUM(_xlpm.score) ))))))} | Z37: =IF(D37="","",IF(Y37="Error","Error",IFERROR((Y37/$Y$6*$Z$6),""))) | AA37: =IFERROR(IF(D37="","",IF(Z37="Error","Error",(Z37*$AA$6))),"") | AQ37: {=_xlfn.LET( _xlpm.score,AB37:AP37, _xlpm.limit,$AB$6:$AP$6, IF(OR(D37="",COUNTA(_xlpm.score)=0),"", IF(COUNTA(_xlpm.score,_xlpm.limit)=0,"", IF( OR( SUM((_xlpm.limit="")*(_xlpm.score<>""))>0, SUM(ISTEXT(_xlpm.limit)*1)>0, SUM(ISTEXT(_xlpm.score)*1)>0, SUM(ISLOGICAL(_xlpm.limit)*1)>0, SUM(ISLOGICAL(_xlpm.score)*1)>0, SUM(ISERROR(_xlpm.limit)*1)>0, SUM(ISERROR(_xlpm.score)*1)>0 ), "Error", IF( SUM((ISNUMBER(_xlpm.limit)*ISNUMBER(_xlpm.score)*(_xlpm.score>_xlpm.limit))*1)>0, "Error", IF(SUM(_xlpm.score)>$AQ$6, "Error", SUM(_xlpm.score) ))))))} | AR37: =IF(D37="","",IF(AQ37="Error","Error",IFERROR((AQ37/$AQ$6*$AR$6),""))) | AS37: =IFERROR(IF(D37="","",IF(AR37="Error","Error",(AR37*$AS$6))),"") | AW37: =IF(OR(D37="",AT37=""),"", IF($AT$6=0,"Error", IF(OR(AND($AT$6="",AT37<>""), ISTEXT($AT$6), ISTEXT(AT37), ISLOGICAL($AT$6), ISLOGICAL(AT37), ISERROR($AT$6), ISERROR(AT37)),"Error", IF(AT37>$AT$6,"Error", IF($AT$6=0,"",AT37/$AT$6*$AZ$7*$AW$7))))) | AX37: =IF(OR(D37="",AU37=""),"", IF($AU$6=0,"Error", IF(OR(AND($AU$6="",AU37<>""), ISTEXT($AU$6), ISTEXT(AU37), ISLOGICAL($AU$6), ISLOGICAL(AU37), ISERROR($AU$6), ISERROR(AU37)),"Error", IF(AU37>$AU$6,"Error", IF($AU$6=0,"",AU37/$AU$6*$AZ$7*$AX$7))))) | AY37: =IF(OR(D37="",AV37=""),"", IF($AV$6=0,"Error", IF(OR(AND($AV$6="",AV37<>""), ISTEXT($AV$6), ISTEXT(AV37), ISLOGICAL($AV$6), ISLOGICAL(AV37), ISERROR($AV$6), ISERROR(AV37)),"Error", IF(AV37>$AV$6,"Error", IF($AV$6=0,"",AV37/$AV$6*$AZ$7*$AY$7))))) | AZ37: =IF(D37="","",IF(COUNTIF(AW37:AY37,"Error")>0,"Error",IFERROR(IF(COUNT(AW37:AY37)=0,"",SUM(AW37:AY37)),""))) | BA37: =IFERROR(IF(D37="","",IF(AZ37="Error","Error",(AZ37*$BA$7))),"") | BC37: =IF(OR(D37="",BB37=""),"",IF(BB37="Error","Error",IFERROR((BB37/$BB$6*$BC$6),""))) | BD37: =IF(AND(AY37="",BB37<>""),"Error",IF(BB37="","",IF(BB37>$BB$6,"Error",IF(BC37>=75,"Passed","Failed")))) | BE37: =_xlfn.LET( _xlpm.total,ROUND((N(AA37)+N(AS37)+N(BA37)),2), IF(OR(AA37="Error",AS37="Error",BA37="Error",BD37="Error"),"Error", IF(AND(AA37="",AS37="",BA37=""),"", IF(_xlpm.total>=70,_xlpm.total,IF(BD37="Passed",70,_xlpm.total))))) | BF37: =IF(OR(AA37="Error",AS37="Error",BA37="Error",BD37="Error"),"Error", IF(D37="","", IF(AND(N($AA$6)+N($AS$6)+N($BA$7)=100%, OR(N($AA$6)=0,AA37<>""),OR(N($AS$6)=0,AS37<>""),OR(N($BA$7)=0,BA37<>""),BE37<>""), _xlfn.XLOOKUP(BE37,'Helper 1'!$B$3:$B$43,'Helper 1'!$D$3:$D$43,,-1),""))) | BG37: {=_xlfn.LET( _xlpm.wWorks,$AA$6,_xlpm.pTask,$AS$6,_xlpm.examination,$BA$7, _xlpm.initialgrade,BE37,_xlpm.transmutedgrade,BF37,_xlpm.termExam,AY37, _xlpm.wWorkScore,AA37,_xlpm.pTaskScore,AS37,_xlpm.st1Score,AW37,_xlpm.st2Score,AX37,_xlpm.examScore,BA37,_xlpm.re,BD37, _xlpm.benchmark, _xlpm.wWorks*70*(_xlpm.wWorkScore<>"")+ _xlpm.pTask*70*(_xlpm.pTaskScore<>"")+ IF(_xlpm.wWorks+_xlpm.pTask<>100%, _xlpm.examination*21*((_xlpm.st1Score<>"")+(_xlpm.st2Score<>"")),0), _xlpm.remarks, _xlfn.IFS( N(_xlpm.transmutedgrade)>=90,"Passed [A]", N(_xlpm.transmutedgrade)>=80,"Passed [B]", N(_xlpm.transmutedgrade)>=75,"Passed [C]", N(_xlpm.transmutedgrade)>=65,"Failed [D]",TRUE,"Failed [E]"), IFERROR( IF(OR(_xlpm.wWorkScore="Error",_xlpm.pTaskScore="Error",_xlpm.examScore="Error",_xlpm.re="Error"),"Error", IF(_xlpm.transmutedgrade<>"", IF(_xlpm.wWorks+_xlpm.pTask=100%,_xlpm.remarks, IF(_xlpm.termExam="",IF(_xlpm.st2Score="", IF(_xlpm.initialgrade>=_xlpm.benchmark,"","At-Risk"), IF(N(_xlpm.transmutedgrade)<75,"At-Risk","")),_xlpm.remarks)), IF(_xlpm.initialgrade>=_xlpm.benchmark,"","At-Risk"))),""))}
B38: 30 | C38: =IF('Data Input'!M36="","",'Data Input'!M36) | D38: =IF(ISBLANK('Data Input'!N36),"",PROPER('Data Input'!N36)) | Y38: {=_xlfn.LET( _xlpm.score,E38:X38, _xlpm.limit,$E$6:$X$6, IF(OR(D38="",COUNTA(_xlpm.score)=0),"", IF(COUNTA(_xlpm.score,_xlpm.limit)=0,"", IF( OR( SUM((_xlpm.limit="")*(_xlpm.score<>""))>0, SUM(ISTEXT(_xlpm.limit)*1)>0, SUM(ISTEXT(_xlpm.score)*1)>0, SUM(ISLOGICAL(_xlpm.limit)*1)>0, SUM(ISLOGICAL(_xlpm.score)*1)>0, SUM(ISERROR(_xlpm.limit)*1)>0, SUM(ISERROR(_xlpm.score)*1)>0 ), "Error", IF( SUM((ISNUMBER(_xlpm.limit)*ISNUMBER(_xlpm.score)*(_xlpm.score>_xlpm.limit))*1)>0, "Error", IF(SUM(_xlpm.score)>$Y$6, "Error", SUM(_xlpm.score) ))))))} | Z38: =IF(D38="","",IF(Y38="Error","Error",IFERROR((Y38/$Y$6*$Z$6),""))) | AA38: =IFERROR(IF(D38="","",IF(Z38="Error","Error",(Z38*$AA$6))),"") | AQ38: {=_xlfn.LET( _xlpm.score,AB38:AP38, _xlpm.limit,$AB$6:$AP$6, IF(OR(D38="",COUNTA(_xlpm.score)=0),"", IF(COUNTA(_xlpm.score,_xlpm.limit)=0,"", IF( OR( SUM((_xlpm.limit="")*(_xlpm.score<>""))>0, SUM(ISTEXT(_xlpm.limit)*1)>0, SUM(ISTEXT(_xlpm.score)*1)>0, SUM(ISLOGICAL(_xlpm.limit)*1)>0, SUM(ISLOGICAL(_xlpm.score)*1)>0, SUM(ISERROR(_xlpm.limit)*1)>0, SUM(ISERROR(_xlpm.score)*1)>0 ), "Error", IF( SUM((ISNUMBER(_xlpm.limit)*ISNUMBER(_xlpm.score)*(_xlpm.score>_xlpm.limit))*1)>0, "Error", IF(SUM(_xlpm.score)>$AQ$6, "Error", SUM(_xlpm.score) ))))))} | AR38: =IF(D38="","",IF(AQ38="Error","Error",IFERROR((AQ38/$AQ$6*$AR$6),""))) | AS38: =IFERROR(IF(D38="","",IF(AR38="Error","Error",(AR38*$AS$6))),"") | AW38: =IF(OR(D38="",AT38=""),"", IF($AT$6=0,"Error", IF(OR(AND($AT$6="",AT38<>""), ISTEXT($AT$6), ISTEXT(AT38), ISLOGICAL($AT$6), ISLOGICAL(AT38), ISERROR($AT$6), ISERROR(AT38)),"Error", IF(AT38>$AT$6,"Error", IF($AT$6=0,"",AT38/$AT$6*$AZ$7*$AW$7))))) | AX38: =IF(OR(D38="",AU38=""),"", IF($AU$6=0,"Error", IF(OR(AND($AU$6="",AU38<>""), ISTEXT($AU$6), ISTEXT(AU38), ISLOGICAL($AU$6), ISLOGICAL(AU38), ISERROR($AU$6), ISERROR(AU38)),"Error", IF(AU38>$AU$6,"Error", IF($AU$6=0,"",AU38/$AU$6*$AZ$7*$AX$7))))) | AY38: =IF(OR(D38="",AV38=""),"", IF($AV$6=0,"Error", IF(OR(AND($AV$6="",AV38<>""), ISTEXT($AV$6), ISTEXT(AV38), ISLOGICAL($AV$6), ISLOGICAL(AV38), ISERROR($AV$6), ISERROR(AV38)),"Error", IF(AV38>$AV$6,"Error", IF($AV$6=0,"",AV38/$AV$6*$AZ$7*$AY$7))))) | AZ38: =IF(D38="","",IF(COUNTIF(AW38:AY38,"Error")>0,"Error",IFERROR(IF(COUNT(AW38:AY38)=0,"",SUM(AW38:AY38)),""))) | BA38: =IFERROR(IF(D38="","",IF(AZ38="Error","Error",(AZ38*$BA$7))),"") | BC38: =IF(OR(D38="",BB38=""),"",IF(BB38="Error","Error",IFERROR((BB38/$BB$6*$BC$6),""))) | BD38: =IF(AND(AY38="",BB38<>""),"Error",IF(BB38="","",IF(BB38>$BB$6,"Error",IF(BC38>=75,"Passed","Failed")))) | BE38: =_xlfn.LET( _xlpm.total,ROUND((N(AA38)+N(AS38)+N(BA38)),2), IF(OR(AA38="Error",AS38="Error",BA38="Error",BD38="Error"),"Error", IF(AND(AA38="",AS38="",BA38=""),"", IF(_xlpm.total>=70,_xlpm.total,IF(BD38="Passed",70,_xlpm.total))))) | BF38: =IF(OR(AA38="Error",AS38="Error",BA38="Error",BD38="Error"),"Error", IF(D38="","", IF(AND(N($AA$6)+N($AS$6)+N($BA$7)=100%, OR(N($AA$6)=0,AA38<>""),OR(N($AS$6)=0,AS38<>""),OR(N($BA$7)=0,BA38<>""),BE38<>""), _xlfn.XLOOKUP(BE38,'Helper 1'!$B$3:$B$43,'Helper 1'!$D$3:$D$43,,-1),""))) | BG38: {=_xlfn.LET( _xlpm.wWorks,$AA$6,_xlpm.pTask,$AS$6,_xlpm.examination,$BA$7, _xlpm.initialgrade,BE38,_xlpm.transmutedgrade,BF38,_xlpm.termExam,AY38, _xlpm.wWorkScore,AA38,_xlpm.pTaskScore,AS38,_xlpm.st1Score,AW38,_xlpm.st2Score,AX38,_xlpm.examScore,BA38,_xlpm.re,BD38, _xlpm.benchmark, _xlpm.wWorks*70*(_xlpm.wWorkScore<>"")+ _xlpm.pTask*70*(_xlpm.pTaskScore<>"")+ IF(_xlpm.wWorks+_xlpm.pTask<>100%, _xlpm.examination*21*((_xlpm.st1Score<>"")+(_xlpm.st2Score<>"")),0), _xlpm.remarks, _xlfn.IFS( N(_xlpm.transmutedgrade)>=90,"Passed [A]", N(_xlpm.transmutedgrade)>=80,"Passed [B]", N(_xlpm.transmutedgrade)>=75,"Passed [C]", N(_xlpm.transmutedgrade)>=65,"Failed [D]",TRUE,"Failed [E]"), IFERROR( IF(OR(_xlpm.wWorkScore="Error",_xlpm.pTaskScore="Error",_xlpm.examScore="Error",_xlpm.re="Error"),"Error", IF(_xlpm.transmutedgrade<>"", IF(_xlpm.wWorks+_xlpm.pTask=100%,_xlpm.remarks, IF(_xlpm.termExam="",IF(_xlpm.st2Score="", IF(_xlpm.initialgrade>=_xlpm.benchmark,"","At-Risk"), IF(N(_xlpm.transmutedgrade)<75,"At-Risk","")),_xlpm.remarks)), IF(_xlpm.initialgrade>=_xlpm.benchmark,"","At-Risk"))),""))}
B39: 31 | C39: =IF('Data Input'!M37="","",'Data Input'!M37) | D39: =IF(ISBLANK('Data Input'!N37),"",PROPER('Data Input'!N37)) | Y39: {=_xlfn.LET( _xlpm.score,E39:X39, _xlpm.limit,$E$6:$X$6, IF(OR(D39="",COUNTA(_xlpm.score)=0),"", IF(COUNTA(_xlpm.score,_xlpm.limit)=0,"", IF( OR( SUM((_xlpm.limit="")*(_xlpm.score<>""))>0, SUM(ISTEXT(_xlpm.limit)*1)>0, SUM(ISTEXT(_xlpm.score)*1)>0, SUM(ISLOGICAL(_xlpm.limit)*1)>0, SUM(ISLOGICAL(_xlpm.score)*1)>0, SUM(ISERROR(_xlpm.limit)*1)>0, SUM(ISERROR(_xlpm.score)*1)>0 ), "Error", IF( SUM((ISNUMBER(_xlpm.limit)*ISNUMBER(_xlpm.score)*(_xlpm.score>_xlpm.limit))*1)>0, "Error", IF(SUM(_xlpm.score)>$Y$6, "Error", SUM(_xlpm.score) ))))))} | Z39: =IF(D39="","",IF(Y39="Error","Error",IFERROR((Y39/$Y$6*$Z$6),""))) | AA39: =IFERROR(IF(D39="","",IF(Z39="Error","Error",(Z39*$AA$6))),"") | AQ39: {=_xlfn.LET( _xlpm.score,AB39:AP39, _xlpm.limit,$AB$6:$AP$6, IF(OR(D39="",COUNTA(_xlpm.score)=0),"", IF(COUNTA(_xlpm.score,_xlpm.limit)=0,"", IF( OR( SUM((_xlpm.limit="")*(_xlpm.score<>""))>0, SUM(ISTEXT(_xlpm.limit)*1)>0, SUM(ISTEXT(_xlpm.score)*1)>0, SUM(ISLOGICAL(_xlpm.limit)*1)>0, SUM(ISLOGICAL(_xlpm.score)*1)>0, SUM(ISERROR(_xlpm.limit)*1)>0, SUM(ISERROR(_xlpm.score)*1)>0 ), "Error", IF( SUM((ISNUMBER(_xlpm.limit)*ISNUMBER(_xlpm.score)*(_xlpm.score>_xlpm.limit))*1)>0, "Error", IF(SUM(_xlpm.score)>$AQ$6, "Error", SUM(_xlpm.score) ))))))} | AR39: =IF(D39="","",IF(AQ39="Error","Error",IFERROR((AQ39/$AQ$6*$AR$6),""))) | AS39: =IFERROR(IF(D39="","",IF(AR39="Error","Error",(AR39*$AS$6))),"") | AW39: =IF(OR(D39="",AT39=""),"", IF($AT$6=0,"Error", IF(OR(AND($AT$6="",AT39<>""), ISTEXT($AT$6), ISTEXT(AT39), ISLOGICAL($AT$6), ISLOGICAL(AT39), ISERROR($AT$6), ISERROR(AT39)),"Error", IF(AT39>$AT$6,"Error", IF($AT$6=0,"",AT39/$AT$6*$AZ$7*$AW$7))))) | AX39: =IF(OR(D39="",AU39=""),"", IF($AU$6=0,"Error", IF(OR(AND($AU$6="",AU39<>""), ISTEXT($AU$6), ISTEXT(AU39), ISLOGICAL($AU$6), ISLOGICAL(AU39), ISERROR($AU$6), ISERROR(AU39)),"Error", IF(AU39>$AU$6,"Error", IF($AU$6=0,"",AU39/$AU$6*$AZ$7*$AX$7))))) | AY39: =IF(OR(D39="",AV39=""),"", IF($AV$6=0,"Error", IF(OR(AND($AV$6="",AV39<>""), ISTEXT($AV$6), ISTEXT(AV39), ISLOGICAL($AV$6), ISLOGICAL(AV39), ISERROR($AV$6), ISERROR(AV39)),"Error", IF(AV39>$AV$6,"Error", IF($AV$6=0,"",AV39/$AV$6*$AZ$7*$AY$7))))) | AZ39: =IF(D39="","",IF(COUNTIF(AW39:AY39,"Error")>0,"Error",IFERROR(IF(COUNT(AW39:AY39)=0,"",SUM(AW39:AY39)),""))) | BA39: =IFERROR(IF(D39="","",IF(AZ39="Error","Error",(AZ39*$BA$7))),"") | BC39: =IF(OR(D39="",BB39=""),"",IF(BB39="Error","Error",IFERROR((BB39/$BB$6*$BC$6),""))) | BD39: =IF(AND(AY39="",BB39<>""),"Error",IF(BB39="","",IF(BB39>$BB$6,"Error",IF(BC39>=75,"Passed","Failed")))) | BE39: =_xlfn.LET( _xlpm.total,ROUND((N(AA39)+N(AS39)+N(BA39)),2), IF(OR(AA39="Error",AS39="Error",BA39="Error",BD39="Error"),"Error", IF(AND(AA39="",AS39="",BA39=""),"", IF(_xlpm.total>=70,_xlpm.total,IF(BD39="Passed",70,_xlpm.total))))) | BF39: =IF(OR(AA39="Error",AS39="Error",BA39="Error",BD39="Error"),"Error", IF(D39="","", IF(AND(N($AA$6)+N($AS$6)+N($BA$7)=100%, OR(N($AA$6)=0,AA39<>""),OR(N($AS$6)=0,AS39<>""),OR(N($BA$7)=0,BA39<>""),BE39<>""), _xlfn.XLOOKUP(BE39,'Helper 1'!$B$3:$B$43,'Helper 1'!$D$3:$D$43,,-1),""))) | BG39: {=_xlfn.LET( _xlpm.wWorks,$AA$6,_xlpm.pTask,$AS$6,_xlpm.examination,$BA$7, _xlpm.initialgrade,BE39,_xlpm.transmutedgrade,BF39,_xlpm.termExam,AY39, _xlpm.wWorkScore,AA39,_xlpm.pTaskScore,AS39,_xlpm.st1Score,AW39,_xlpm.st2Score,AX39,_xlpm.examScore,BA39,_xlpm.re,BD39, _xlpm.benchmark, _xlpm.wWorks*70*(_xlpm.wWorkScore<>"")+ _xlpm.pTask*70*(_xlpm.pTaskScore<>"")+ IF(_xlpm.wWorks+_xlpm.pTask<>100%, _xlpm.examination*21*((_xlpm.st1Score<>"")+(_xlpm.st2Score<>"")),0), _xlpm.remarks, _xlfn.IFS( N(_xlpm.transmutedgrade)>=90,"Passed [A]", N(_xlpm.transmutedgrade)>=80,"Passed [B]", N(_xlpm.transmutedgrade)>=75,"Passed [C]", N(_xlpm.transmutedgrade)>=65,"Failed [D]",TRUE,"Failed [E]"), IFERROR( IF(OR(_xlpm.wWorkScore="Error",_xlpm.pTaskScore="Error",_xlpm.examScore="Error",_xlpm.re="Error"),"Error", IF(_xlpm.transmutedgrade<>"", IF(_xlpm.wWorks+_xlpm.pTask=100%,_xlpm.remarks, IF(_xlpm.termExam="",IF(_xlpm.st2Score="", IF(_xlpm.initialgrade>=_xlpm.benchmark,"","At-Risk"), IF(N(_xlpm.transmutedgrade)<75,"At-Risk","")),_xlpm.remarks)), IF(_xlpm.initialgrade>=_xlpm.benchmark,"","At-Risk"))),""))}
B40: 32 | C40: =IF('Data Input'!M38="","",'Data Input'!M38) | D40: =IF(ISBLANK('Data Input'!N38),"",PROPER('Data Input'!N38)) | Y40: {=_xlfn.LET( _xlpm.score,E40:X40, _xlpm.limit,$E$6:$X$6, IF(OR(D40="",COUNTA(_xlpm.score)=0),"", IF(COUNTA(_xlpm.score,_xlpm.limit)=0,"", IF( OR( SUM((_xlpm.limit="")*(_xlpm.score<>""))>0, SUM(ISTEXT(_xlpm.limit)*1)>0, SUM(ISTEXT(_xlpm.score)*1)>0, SUM(ISLOGICAL(_xlpm.limit)*1)>0, SUM(ISLOGICAL(_xlpm.score)*1)>0, SUM(ISERROR(_xlpm.limit)*1)>0, SUM(ISERROR(_xlpm.score)*1)>0 ), "Error", IF( SUM((ISNUMBER(_xlpm.limit)*ISNUMBER(_xlpm.score)*(_xlpm.score>_xlpm.limit))*1)>0, "Error", IF(SUM(_xlpm.score)>$Y$6, "Error", SUM(_xlpm.score) ))))))} | Z40: =IF(D40="","",IF(Y40="Error","Error",IFERROR((Y40/$Y$6*$Z$6),""))) | AA40: =IFERROR(IF(D40="","",IF(Z40="Error","Error",(Z40*$AA$6))),"") | AQ40: {=_xlfn.LET( _xlpm.score,AB40:AP40, _xlpm.limit,$AB$6:$AP$6, IF(OR(D40="",COUNTA(_xlpm.score)=0),"", IF(COUNTA(_xlpm.score,_xlpm.limit)=0,"", IF( OR( SUM((_xlpm.limit="")*(_xlpm.score<>""))>0, SUM(ISTEXT(_xlpm.limit)*1)>0, SUM(ISTEXT(_xlpm.score)*1)>0, SUM(ISLOGICAL(_xlpm.limit)*1)>0, SUM(ISLOGICAL(_xlpm.score)*1)>0, SUM(ISERROR(_xlpm.limit)*1)>0, SUM(ISERROR(_xlpm.score)*1)>0 ), "Error", IF( SUM((ISNUMBER(_xlpm.limit)*ISNUMBER(_xlpm.score)*(_xlpm.score>_xlpm.limit))*1)>0, "Error", IF(SUM(_xlpm.score)>$AQ$6, "Error", SUM(_xlpm.score) ))))))} | AR40: =IF(D40="","",IF(AQ40="Error","Error",IFERROR((AQ40/$AQ$6*$AR$6),""))) | AS40: =IFERROR(IF(D40="","",IF(AR40="Error","Error",(AR40*$AS$6))),"") | AW40: =IF(OR(D40="",AT40=""),"", IF($AT$6=0,"Error", IF(OR(AND($AT$6="",AT40<>""), ISTEXT($AT$6), ISTEXT(AT40), ISLOGICAL($AT$6), ISLOGICAL(AT40), ISERROR($AT$6), ISERROR(AT40)),"Error", IF(AT40>$AT$6,"Error", IF($AT$6=0,"",AT40/$AT$6*$AZ$7*$AW$7))))) | AX40: =IF(OR(D40="",AU40=""),"", IF($AU$6=0,"Error", IF(OR(AND($AU$6="",AU40<>""), ISTEXT($AU$6), ISTEXT(AU40), ISLOGICAL($AU$6), ISLOGICAL(AU40), ISERROR($AU$6), ISERROR(AU40)),"Error", IF(AU40>$AU$6,"Error", IF($AU$6=0,"",AU40/$AU$6*$AZ$7*$AX$7))))) | AY40: =IF(OR(D40="",AV40=""),"", IF($AV$6=0,"Error", IF(OR(AND($AV$6="",AV40<>""), ISTEXT($AV$6), ISTEXT(AV40), ISLOGICAL($AV$6), ISLOGICAL(AV40), ISERROR($AV$6), ISERROR(AV40)),"Error", IF(AV40>$AV$6,"Error", IF($AV$6=0,"",AV40/$AV$6*$AZ$7*$AY$7))))) | AZ40: =IF(D40="","",IF(COUNTIF(AW40:AY40,"Error")>0,"Error",IFERROR(IF(COUNT(AW40:AY40)=0,"",SUM(AW40:AY40)),""))) | BA40: =IFERROR(IF(D40="","",IF(AZ40="Error","Error",(AZ40*$BA$7))),"") | BC40: =IF(OR(D40="",BB40=""),"",IF(BB40="Error","Error",IFERROR((BB40/$BB$6*$BC$6),""))) | BD40: =IF(AND(AY40="",BB40<>""),"Error",IF(BB40="","",IF(BB40>$BB$6,"Error",IF(BC40>=75,"Passed","Failed")))) | BE40: =_xlfn.LET( _xlpm.total,ROUND((N(AA40)+N(AS40)+N(BA40)),2), IF(OR(AA40="Error",AS40="Error",BA40="Error",BD40="Error"),"Error", IF(AND(AA40="",AS40="",BA40=""),"", IF(_xlpm.total>=70,_xlpm.total,IF(BD40="Passed",70,_xlpm.total))))) | BF40: =IF(OR(AA40="Error",AS40="Error",BA40="Error",BD40="Error"),"Error", IF(D40="","", IF(AND(N($AA$6)+N($AS$6)+N($BA$7)=100%, OR(N($AA$6)=0,AA40<>""),OR(N($AS$6)=0,AS40<>""),OR(N($BA$7)=0,BA40<>""),BE40<>""), _xlfn.XLOOKUP(BE40,'Helper 1'!$B$3:$B$43,'Helper 1'!$D$3:$D$43,,-1),""))) | BG40: {=_xlfn.LET( _xlpm.wWorks,$AA$6,_xlpm.pTask,$AS$6,_xlpm.examination,$BA$7, _xlpm.initialgrade,BE40,_xlpm.transmutedgrade,BF40,_xlpm.termExam,AY40, _xlpm.wWorkScore,AA40,_xlpm.pTaskScore,AS40,_xlpm.st1Score,AW40,_xlpm.st2Score,AX40,_xlpm.examScore,BA40,_xlpm.re,BD40, _xlpm.benchmark, _xlpm.wWorks*70*(_xlpm.wWorkScore<>"")+ _xlpm.pTask*70*(_xlpm.pTaskScore<>"")+ IF(_xlpm.wWorks+_xlpm.pTask<>100%, _xlpm.examination*21*((_xlpm.st1Score<>"")+(_xlpm.st2Score<>"")),0), _xlpm.remarks, _xlfn.IFS( N(_xlpm.transmutedgrade)>=90,"Passed [A]", N(_xlpm.transmutedgrade)>=80,"Passed [B]", N(_xlpm.transmutedgrade)>=75,"Passed [C]", N(_xlpm.transmutedgrade)>=65,"Failed [D]",TRUE,"Failed [E]"), IFERROR( IF(OR(_xlpm.wWorkScore="Error",_xlpm.pTaskScore="Error",_xlpm.examScore="Error",_xlpm.re="Error"),"Error", IF(_xlpm.transmutedgrade<>"", IF(_xlpm.wWorks+_xlpm.pTask=100%,_xlpm.remarks, IF(_xlpm.termExam="",IF(_xlpm.st2Score="", IF(_xlpm.initialgrade>=_xlpm.benchmark,"","At-Risk"), IF(N(_xlpm.transmutedgrade)<75,"At-Risk","")),_xlpm.remarks)), IF(_xlpm.initialgrade>=_xlpm.benchmark,"","At-Risk"))),""))}
B41: 33 | C41: =IF('Data Input'!M39="","",'Data Input'!M39) | D41: =IF(ISBLANK('Data Input'!N39),"",PROPER('Data Input'!N39)) | Y41: {=_xlfn.LET( _xlpm.score,E41:X41, _xlpm.limit,$E$6:$X$6, IF(OR(D41="",COUNTA(_xlpm.score)=0),"", IF(COUNTA(_xlpm.score,_xlpm.limit)=0,"", IF( OR( SUM((_xlpm.limit="")*(_xlpm.score<>""))>0, SUM(ISTEXT(_xlpm.limit)*1)>0, SUM(ISTEXT(_xlpm.score)*1)>0, SUM(ISLOGICAL(_xlpm.limit)*1)>0, SUM(ISLOGICAL(_xlpm.score)*1)>0, SUM(ISERROR(_xlpm.limit)*1)>0, SUM(ISERROR(_xlpm.score)*1)>0 ), "Error", IF( SUM((ISNUMBER(_xlpm.limit)*ISNUMBER(_xlpm.score)*(_xlpm.score>_xlpm.limit))*1)>0, "Error", IF(SUM(_xlpm.score)>$Y$6, "Error", SUM(_xlpm.score) ))))))} | Z41: =IF(D41="","",IF(Y41="Error","Error",IFERROR((Y41/$Y$6*$Z$6),""))) | AA41: =IFERROR(IF(D41="","",IF(Z41="Error","Error",(Z41*$AA$6))),"") | AQ41: {=_xlfn.LET( _xlpm.score,AB41:AP41, _xlpm.limit,$AB$6:$AP$6, IF(OR(D41="",COUNTA(_xlpm.score)=0),"", IF(COUNTA(_xlpm.score,_xlpm.limit)=0,"", IF( OR( SUM((_xlpm.limit="")*(_xlpm.score<>""))>0, SUM(ISTEXT(_xlpm.limit)*1)>0, SUM(ISTEXT(_xlpm.score)*1)>0, SUM(ISLOGICAL(_xlpm.limit)*1)>0, SUM(ISLOGICAL(_xlpm.score)*1)>0, SUM(ISERROR(_xlpm.limit)*1)>0, SUM(ISERROR(_xlpm.score)*1)>0 ), "Error", IF( SUM((ISNUMBER(_xlpm.limit)*ISNUMBER(_xlpm.score)*(_xlpm.score>_xlpm.limit))*1)>0, "Error", IF(SUM(_xlpm.score)>$AQ$6, "Error", SUM(_xlpm.score) ))))))} | AR41: =IF(D41="","",IF(AQ41="Error","Error",IFERROR((AQ41/$AQ$6*$AR$6),""))) | AS41: =IFERROR(IF(D41="","",IF(AR41="Error","Error",(AR41*$AS$6))),"") | AW41: =IF(OR(D41="",AT41=""),"", IF($AT$6=0,"Error", IF(OR(AND($AT$6="",AT41<>""), ISTEXT($AT$6), ISTEXT(AT41), ISLOGICAL($AT$6), ISLOGICAL(AT41), ISERROR($AT$6), ISERROR(AT41)),"Error", IF(AT41>$AT$6,"Error", IF($AT$6=0,"",AT41/$AT$6*$AZ$7*$AW$7))))) | AX41: =IF(OR(D41="",AU41=""),"", IF($AU$6=0,"Error", IF(OR(AND($AU$6="",AU41<>""), ISTEXT($AU$6), ISTEXT(AU41), ISLOGICAL($AU$6), ISLOGICAL(AU41), ISERROR($AU$6), ISERROR(AU41)),"Error", IF(AU41>$AU$6,"Error", IF($AU$6=0,"",AU41/$AU$6*$AZ$7*$AX$7))))) | AY41: =IF(OR(D41="",AV41=""),"", IF($AV$6=0,"Error", IF(OR(AND($AV$6="",AV41<>""), ISTEXT($AV$6), ISTEXT(AV41), ISLOGICAL($AV$6), ISLOGICAL(AV41), ISERROR($AV$6), ISERROR(AV41)),"Error", IF(AV41>$AV$6,"Error", IF($AV$6=0,"",AV41/$AV$6*$AZ$7*$AY$7))))) | AZ41: =IF(D41="","",IF(COUNTIF(AW41:AY41,"Error")>0,"Error",IFERROR(IF(COUNT(AW41:AY41)=0,"",SUM(AW41:AY41)),""))) | BA41: =IFERROR(IF(D41="","",IF(AZ41="Error","Error",(AZ41*$BA$7))),"") | BC41: =IF(OR(D41="",BB41=""),"",IF(BB41="Error","Error",IFERROR((BB41/$BB$6*$BC$6),""))) | BD41: =IF(AND(AY41="",BB41<>""),"Error",IF(BB41="","",IF(BB41>$BB$6,"Error",IF(BC41>=75,"Passed","Failed")))) | BE41: =_xlfn.LET( _xlpm.total,ROUND((N(AA41)+N(AS41)+N(BA41)),2), IF(OR(AA41="Error",AS41="Error",BA41="Error",BD41="Error"),"Error", IF(AND(AA41="",AS41="",BA41=""),"", IF(_xlpm.total>=70,_xlpm.total,IF(BD41="Passed",70,_xlpm.total))))) | BF41: =IF(OR(AA41="Error",AS41="Error",BA41="Error",BD41="Error"),"Error", IF(D41="","", IF(AND(N($AA$6)+N($AS$6)+N($BA$7)=100%, OR(N($AA$6)=0,AA41<>""),OR(N($AS$6)=0,AS41<>""),OR(N($BA$7)=0,BA41<>""),BE41<>""), _xlfn.XLOOKUP(BE41,'Helper 1'!$B$3:$B$43,'Helper 1'!$D$3:$D$43,,-1),""))) | BG41: {=_xlfn.LET( _xlpm.wWorks,$AA$6,_xlpm.pTask,$AS$6,_xlpm.examination,$BA$7, _xlpm.initialgrade,BE41,_xlpm.transmutedgrade,BF41,_xlpm.termExam,AY41, _xlpm.wWorkScore,AA41,_xlpm.pTaskScore,AS41,_xlpm.st1Score,AW41,_xlpm.st2Score,AX41,_xlpm.examScore,BA41,_xlpm.re,BD41, _xlpm.benchmark, _xlpm.wWorks*70*(_xlpm.wWorkScore<>"")+ _xlpm.pTask*70*(_xlpm.pTaskScore<>"")+ IF(_xlpm.wWorks+_xlpm.pTask<>100%, _xlpm.examination*21*((_xlpm.st1Score<>"")+(_xlpm.st2Score<>"")),0), _xlpm.remarks, _xlfn.IFS( N(_xlpm.transmutedgrade)>=90,"Passed [A]", N(_xlpm.transmutedgrade)>=80,"Passed [B]", N(_xlpm.transmutedgrade)>=75,"Passed [C]", N(_xlpm.transmutedgrade)>=65,"Failed [D]",TRUE,"Failed [E]"), IFERROR( IF(OR(_xlpm.wWorkScore="Error",_xlpm.pTaskScore="Error",_xlpm.examScore="Error",_xlpm.re="Error"),"Error", IF(_xlpm.transmutedgrade<>"", IF(_xlpm.wWorks+_xlpm.pTask=100%,_xlpm.remarks, IF(_xlpm.termExam="",IF(_xlpm.st2Score="", IF(_xlpm.initialgrade>=_xlpm.benchmark,"","At-Risk"), IF(N(_xlpm.transmutedgrade)<75,"At-Risk","")),_xlpm.remarks)), IF(_xlpm.initialgrade>=_xlpm.benchmark,"","At-Risk"))),""))}
B42: 34 | C42: =IF('Data Input'!M40="","",'Data Input'!M40) | D42: =IF(ISBLANK('Data Input'!N40),"",PROPER('Data Input'!N40)) | Y42: {=_xlfn.LET( _xlpm.score,E42:X42, _xlpm.limit,$E$6:$X$6, IF(OR(D42="",COUNTA(_xlpm.score)=0),"", IF(COUNTA(_xlpm.score,_xlpm.limit)=0,"", IF( OR( SUM((_xlpm.limit="")*(_xlpm.score<>""))>0, SUM(ISTEXT(_xlpm.limit)*1)>0, SUM(ISTEXT(_xlpm.score)*1)>0, SUM(ISLOGICAL(_xlpm.limit)*1)>0, SUM(ISLOGICAL(_xlpm.score)*1)>0, SUM(ISERROR(_xlpm.limit)*1)>0, SUM(ISERROR(_xlpm.score)*1)>0 ), "Error", IF( SUM((ISNUMBER(_xlpm.limit)*ISNUMBER(_xlpm.score)*(_xlpm.score>_xlpm.limit))*1)>0, "Error", IF(SUM(_xlpm.score)>$Y$6, "Error", SUM(_xlpm.score) ))))))} | Z42: =IF(D42="","",IF(Y42="Error","Error",IFERROR((Y42/$Y$6*$Z$6),""))) | AA42: =IFERROR(IF(D42="","",IF(Z42="Error","Error",(Z42*$AA$6))),"") | AQ42: {=_xlfn.LET( _xlpm.score,AB42:AP42, _xlpm.limit,$AB$6:$AP$6, IF(OR(D42="",COUNTA(_xlpm.score)=0),"", IF(COUNTA(_xlpm.score,_xlpm.limit)=0,"", IF( OR( SUM((_xlpm.limit="")*(_xlpm.score<>""))>0, SUM(ISTEXT(_xlpm.limit)*1)>0, SUM(ISTEXT(_xlpm.score)*1)>0, SUM(ISLOGICAL(_xlpm.limit)*1)>0, SUM(ISLOGICAL(_xlpm.score)*1)>0, SUM(ISERROR(_xlpm.limit)*1)>0, SUM(ISERROR(_xlpm.score)*1)>0 ), "Error", IF( SUM((ISNUMBER(_xlpm.limit)*ISNUMBER(_xlpm.score)*(_xlpm.score>_xlpm.limit))*1)>0, "Error", IF(SUM(_xlpm.score)>$AQ$6, "Error", SUM(_xlpm.score) ))))))} | AR42: =IF(D42="","",IF(AQ42="Error","Error",IFERROR((AQ42/$AQ$6*$AR$6),""))) | AS42: =IFERROR(IF(D42="","",IF(AR42="Error","Error",(AR42*$AS$6))),"") | AW42: =IF(OR(D42="",AT42=""),"", IF($AT$6=0,"Error", IF(OR(AND($AT$6="",AT42<>""), ISTEXT($AT$6), ISTEXT(AT42), ISLOGICAL($AT$6), ISLOGICAL(AT42), ISERROR($AT$6), ISERROR(AT42)),"Error", IF(AT42>$AT$6,"Error", IF($AT$6=0,"",AT42/$AT$6*$AZ$7*$AW$7))))) | AX42: =IF(OR(D42="",AU42=""),"", IF($AU$6=0,"Error", IF(OR(AND($AU$6="",AU42<>""), ISTEXT($AU$6), ISTEXT(AU42), ISLOGICAL($AU$6), ISLOGICAL(AU42), ISERROR($AU$6), ISERROR(AU42)),"Error", IF(AU42>$AU$6,"Error", IF($AU$6=0,"",AU42/$AU$6*$AZ$7*$AX$7))))) | AY42: =IF(OR(D42="",AV42=""),"", IF($AV$6=0,"Error", IF(OR(AND($AV$6="",AV42<>""), ISTEXT($AV$6), ISTEXT(AV42), ISLOGICAL($AV$6), ISLOGICAL(AV42), ISERROR($AV$6), ISERROR(AV42)),"Error", IF(AV42>$AV$6,"Error", IF($AV$6=0,"",AV42/$AV$6*$AZ$7*$AY$7))))) | AZ42: =IF(D42="","",IF(COUNTIF(AW42:AY42,"Error")>0,"Error",IFERROR(IF(COUNT(AW42:AY42)=0,"",SUM(AW42:AY42)),""))) | BA42: =IFERROR(IF(D42="","",IF(AZ42="Error","Error",(AZ42*$BA$7))),"") | BC42: =IF(OR(D42="",BB42=""),"",IF(BB42="Error","Error",IFERROR((BB42/$BB$6*$BC$6),""))) | BD42: =IF(AND(AY42="",BB42<>""),"Error",IF(BB42="","",IF(BB42>$BB$6,"Error",IF(BC42>=75,"Passed","Failed")))) | BE42: =_xlfn.LET( _xlpm.total,ROUND((N(AA42)+N(AS42)+N(BA42)),2), IF(OR(AA42="Error",AS42="Error",BA42="Error",BD42="Error"),"Error", IF(AND(AA42="",AS42="",BA42=""),"", IF(_xlpm.total>=70,_xlpm.total,IF(BD42="Passed",70,_xlpm.total))))) | BF42: =IF(OR(AA42="Error",AS42="Error",BA42="Error",BD42="Error"),"Error", IF(D42="","", IF(AND(N($AA$6)+N($AS$6)+N($BA$7)=100%, OR(N($AA$6)=0,AA42<>""),OR(N($AS$6)=0,AS42<>""),OR(N($BA$7)=0,BA42<>""),BE42<>""), _xlfn.XLOOKUP(BE42,'Helper 1'!$B$3:$B$43,'Helper 1'!$D$3:$D$43,,-1),""))) | BG42: {=_xlfn.LET( _xlpm.wWorks,$AA$6,_xlpm.pTask,$AS$6,_xlpm.examination,$BA$7, _xlpm.initialgrade,BE42,_xlpm.transmutedgrade,BF42,_xlpm.termExam,AY42, _xlpm.wWorkScore,AA42,_xlpm.pTaskScore,AS42,_xlpm.st1Score,AW42,_xlpm.st2Score,AX42,_xlpm.examScore,BA42,_xlpm.re,BD42, _xlpm.benchmark, _xlpm.wWorks*70*(_xlpm.wWorkScore<>"")+ _xlpm.pTask*70*(_xlpm.pTaskScore<>"")+ IF(_xlpm.wWorks+_xlpm.pTask<>100%, _xlpm.examination*21*((_xlpm.st1Score<>"")+(_xlpm.st2Score<>"")),0), _xlpm.remarks, _xlfn.IFS( N(_xlpm.transmutedgrade)>=90,"Passed [A]", N(_xlpm.transmutedgrade)>=80,"Passed [B]", N(_xlpm.transmutedgrade)>=75,"Passed [C]", N(_xlpm.transmutedgrade)>=65,"Failed [D]",TRUE,"Failed [E]"), IFERROR( IF(OR(_xlpm.wWorkScore="Error",_xlpm.pTaskScore="Error",_xlpm.examScore="Error",_xlpm.re="Error"),"Error", IF(_xlpm.transmutedgrade<>"", IF(_xlpm.wWorks+_xlpm.pTask=100%,_xlpm.remarks, IF(_xlpm.termExam="",IF(_xlpm.st2Score="", IF(_xlpm.initialgrade>=_xlpm.benchmark,"","At-Risk"), IF(N(_xlpm.transmutedgrade)<75,"At-Risk","")),_xlpm.remarks)), IF(_xlpm.initialgrade>=_xlpm.benchmark,"","At-Risk"))),""))}
B43: 35 | C43: =IF('Data Input'!M41="","",'Data Input'!M41) | D43: =IF(ISBLANK('Data Input'!N41),"",PROPER('Data Input'!N41)) | Y43: {=_xlfn.LET( _xlpm.score,E43:X43, _xlpm.limit,$E$6:$X$6, IF(OR(D43="",COUNTA(_xlpm.score)=0),"", IF(COUNTA(_xlpm.score,_xlpm.limit)=0,"", IF( OR( SUM((_xlpm.limit="")*(_xlpm.score<>""))>0, SUM(ISTEXT(_xlpm.limit)*1)>0, SUM(ISTEXT(_xlpm.score)*1)>0, SUM(ISLOGICAL(_xlpm.limit)*1)>0, SUM(ISLOGICAL(_xlpm.score)*1)>0, SUM(ISERROR(_xlpm.limit)*1)>0, SUM(ISERROR(_xlpm.score)*1)>0 ), "Error", IF( SUM((ISNUMBER(_xlpm.limit)*ISNUMBER(_xlpm.score)*(_xlpm.score>_xlpm.limit))*1)>0, "Error", IF(SUM(_xlpm.score)>$Y$6, "Error", SUM(_xlpm.score) ))))))} | Z43: =IF(D43="","",IF(Y43="Error","Error",IFERROR((Y43/$Y$6*$Z$6),""))) | AA43: =IFERROR(IF(D43="","",IF(Z43="Error","Error",(Z43*$AA$6))),"") | AQ43: {=_xlfn.LET( _xlpm.score,AB43:AP43, _xlpm.limit,$AB$6:$AP$6, IF(OR(D43="",COUNTA(_xlpm.score)=0),"", IF(COUNTA(_xlpm.score,_xlpm.limit)=0,"", IF( OR( SUM((_xlpm.limit="")*(_xlpm.score<>""))>0, SUM(ISTEXT(_xlpm.limit)*1)>0, SUM(ISTEXT(_xlpm.score)*1)>0, SUM(ISLOGICAL(_xlpm.limit)*1)>0, SUM(ISLOGICAL(_xlpm.score)*1)>0, SUM(ISERROR(_xlpm.limit)*1)>0, SUM(ISERROR(_xlpm.score)*1)>0 ), "Error", IF( SUM((ISNUMBER(_xlpm.limit)*ISNUMBER(_xlpm.score)*(_xlpm.score>_xlpm.limit))*1)>0, "Error", IF(SUM(_xlpm.score)>$AQ$6, "Error", SUM(_xlpm.score) ))))))} | AR43: =IF(D43="","",IF(AQ43="Error","Error",IFERROR((AQ43/$AQ$6*$AR$6),""))) | AS43: =IFERROR(IF(D43="","",IF(AR43="Error","Error",(AR43*$AS$6))),"") | AW43: =IF(OR(D43="",AT43=""),"", IF($AT$6=0,"Error", IF(OR(AND($AT$6="",AT43<>""), ISTEXT($AT$6), ISTEXT(AT43), ISLOGICAL($AT$6), ISLOGICAL(AT43), ISERROR($AT$6), ISERROR(AT43)),"Error", IF(AT43>$AT$6,"Error", IF($AT$6=0,"",AT43/$AT$6*$AZ$7*$AW$7))))) | AX43: =IF(OR(D43="",AU43=""),"", IF($AU$6=0,"Error", IF(OR(AND($AU$6="",AU43<>""), ISTEXT($AU$6), ISTEXT(AU43), ISLOGICAL($AU$6), ISLOGICAL(AU43), ISERROR($AU$6), ISERROR(AU43)),"Error", IF(AU43>$AU$6,"Error", IF($AU$6=0,"",AU43/$AU$6*$AZ$7*$AX$7))))) | AY43: =IF(OR(D43="",AV43=""),"", IF($AV$6=0,"Error", IF(OR(AND($AV$6="",AV43<>""), ISTEXT($AV$6), ISTEXT(AV43), ISLOGICAL($AV$6), ISLOGICAL(AV43), ISERROR($AV$6), ISERROR(AV43)),"Error", IF(AV43>$AV$6,"Error", IF($AV$6=0,"",AV43/$AV$6*$AZ$7*$AY$7))))) | AZ43: =IF(D43="","",IF(COUNTIF(AW43:AY43,"Error")>0,"Error",IFERROR(IF(COUNT(AW43:AY43)=0,"",SUM(AW43:AY43)),""))) | BA43: =IFERROR(IF(D43="","",IF(AZ43="Error","Error",(AZ43*$BA$7))),"") | BC43: =IF(OR(D43="",BB43=""),"",IF(BB43="Error","Error",IFERROR((BB43/$BB$6*$BC$6),""))) | BD43: =IF(AND(AY43="",BB43<>""),"Error",IF(BB43="","",IF(BB43>$BB$6,"Error",IF(BC43>=75,"Passed","Failed")))) | BE43: =_xlfn.LET( _xlpm.total,ROUND((N(AA43)+N(AS43)+N(BA43)),2), IF(OR(AA43="Error",AS43="Error",BA43="Error",BD43="Error"),"Error", IF(AND(AA43="",AS43="",BA43=""),"", IF(_xlpm.total>=70,_xlpm.total,IF(BD43="Passed",70,_xlpm.total))))) | BF43: =IF(OR(AA43="Error",AS43="Error",BA43="Error",BD43="Error"),"Error", IF(D43="","", IF(AND(N($AA$6)+N($AS$6)+N($BA$7)=100%, OR(N($AA$6)=0,AA43<>""),OR(N($AS$6)=0,AS43<>""),OR(N($BA$7)=0,BA43<>""),BE43<>""), _xlfn.XLOOKUP(BE43,'Helper 1'!$B$3:$B$43,'Helper 1'!$D$3:$D$43,,-1),""))) | BG43: {=_xlfn.LET( _xlpm.wWorks,$AA$6,_xlpm.pTask,$AS$6,_xlpm.examination,$BA$7, _xlpm.initialgrade,BE43,_xlpm.transmutedgrade,BF43,_xlpm.termExam,AY43, _xlpm.wWorkScore,AA43,_xlpm.pTaskScore,AS43,_xlpm.st1Score,AW43,_xlpm.st2Score,AX43,_xlpm.examScore,BA43,_xlpm.re,BD43, _xlpm.benchmark, _xlpm.wWorks*70*(_xlpm.wWorkScore<>"")+ _xlpm.pTask*70*(_xlpm.pTaskScore<>"")+ IF(_xlpm.wWorks+_xlpm.pTask<>100%, _xlpm.examination*21*((_xlpm.st1Score<>"")+(_xlpm.st2Score<>"")),0), _xlpm.remarks, _xlfn.IFS( N(_xlpm.transmutedgrade)>=90,"Passed [A]", N(_xlpm.transmutedgrade)>=80,"Passed [B]", N(_xlpm.transmutedgrade)>=75,"Passed [C]", N(_xlpm.transmutedgrade)>=65,"Failed [D]",TRUE,"Failed [E]"), IFERROR( IF(OR(_xlpm.wWorkScore="Error",_xlpm.pTaskScore="Error",_xlpm.examScore="Error",_xlpm.re="Error"),"Error", IF(_xlpm.transmutedgrade<>"", IF(_xlpm.wWorks+_xlpm.pTask=100%,_xlpm.remarks, IF(_xlpm.termExam="",IF(_xlpm.st2Score="", IF(_xlpm.initialgrade>=_xlpm.benchmark,"","At-Risk"), IF(N(_xlpm.transmutedgrade)<75,"At-Risk","")),_xlpm.remarks)), IF(_xlpm.initialgrade>=_xlpm.benchmark,"","At-Risk"))),""))}
B44: 36 | C44: =IF('Data Input'!M42="","",'Data Input'!M42) | D44: =IF(ISBLANK('Data Input'!N42),"",PROPER('Data Input'!N42)) | Y44: {=_xlfn.LET( _xlpm.score,E44:X44, _xlpm.limit,$E$6:$X$6, IF(OR(D44="",COUNTA(_xlpm.score)=0),"", IF(COUNTA(_xlpm.score,_xlpm.limit)=0,"", IF( OR( SUM((_xlpm.limit="")*(_xlpm.score<>""))>0, SUM(ISTEXT(_xlpm.limit)*1)>0, SUM(ISTEXT(_xlpm.score)*1)>0, SUM(ISLOGICAL(_xlpm.limit)*1)>0, SUM(ISLOGICAL(_xlpm.score)*1)>0, SUM(ISERROR(_xlpm.limit)*1)>0, SUM(ISERROR(_xlpm.score)*1)>0 ), "Error", IF( SUM((ISNUMBER(_xlpm.limit)*ISNUMBER(_xlpm.score)*(_xlpm.score>_xlpm.limit))*1)>0, "Error", IF(SUM(_xlpm.score)>$Y$6, "Error", SUM(_xlpm.score) ))))))} | Z44: =IF(D44="","",IF(Y44="Error","Error",IFERROR((Y44/$Y$6*$Z$6),""))) | AA44: =IFERROR(IF(D44="","",IF(Z44="Error","Error",(Z44*$AA$6))),"") | AQ44: {=_xlfn.LET( _xlpm.score,AB44:AP44, _xlpm.limit,$AB$6:$AP$6, IF(OR(D44="",COUNTA(_xlpm.score)=0),"", IF(COUNTA(_xlpm.score,_xlpm.limit)=0,"", IF( OR( SUM((_xlpm.limit="")*(_xlpm.score<>""))>0, SUM(ISTEXT(_xlpm.limit)*1)>0, SUM(ISTEXT(_xlpm.score)*1)>0, SUM(ISLOGICAL(_xlpm.limit)*1)>0, SUM(ISLOGICAL(_xlpm.score)*1)>0, SUM(ISERROR(_xlpm.limit)*1)>0, SUM(ISERROR(_xlpm.score)*1)>0 ), "Error", IF( SUM((ISNUMBER(_xlpm.limit)*ISNUMBER(_xlpm.score)*(_xlpm.score>_xlpm.limit))*1)>0, "Error", IF(SUM(_xlpm.score)>$AQ$6, "Error", SUM(_xlpm.score) ))))))} | AR44: =IF(D44="","",IF(AQ44="Error","Error",IFERROR((AQ44/$AQ$6*$AR$6),""))) | AS44: =IFERROR(IF(D44="","",IF(AR44="Error","Error",(AR44*$AS$6))),"") | AW44: =IF(OR(D44="",AT44=""),"", IF($AT$6=0,"Error", IF(OR(AND($AT$6="",AT44<>""), ISTEXT($AT$6), ISTEXT(AT44), ISLOGICAL($AT$6), ISLOGICAL(AT44), ISERROR($AT$6), ISERROR(AT44)),"Error", IF(AT44>$AT$6,"Error", IF($AT$6=0,"",AT44/$AT$6*$AZ$7*$AW$7))))) | AX44: =IF(OR(D44="",AU44=""),"", IF($AU$6=0,"Error", IF(OR(AND($AU$6="",AU44<>""), ISTEXT($AU$6), ISTEXT(AU44), ISLOGICAL($AU$6), ISLOGICAL(AU44), ISERROR($AU$6), ISERROR(AU44)),"Error", IF(AU44>$AU$6,"Error", IF($AU$6=0,"",AU44/$AU$6*$AZ$7*$AX$7))))) | AY44: =IF(OR(D44="",AV44=""),"", IF($AV$6=0,"Error", IF(OR(AND($AV$6="",AV44<>""), ISTEXT($AV$6), ISTEXT(AV44), ISLOGICAL($AV$6), ISLOGICAL(AV44), ISERROR($AV$6), ISERROR(AV44)),"Error", IF(AV44>$AV$6,"Error", IF($AV$6=0,"",AV44/$AV$6*$AZ$7*$AY$7))))) | AZ44: =IF(D44="","",IF(COUNTIF(AW44:AY44,"Error")>0,"Error",IFERROR(IF(COUNT(AW44:AY44)=0,"",SUM(AW44:AY44)),""))) | BA44: =IFERROR(IF(D44="","",IF(AZ44="Error","Error",(AZ44*$BA$7))),"") | BC44: =IF(OR(D44="",BB44=""),"",IF(BB44="Error","Error",IFERROR((BB44/$BB$6*$BC$6),""))) | BD44: =IF(AND(AY44="",BB44<>""),"Error",IF(BB44="","",IF(BB44>$BB$6,"Error",IF(BC44>=75,"Passed","Failed")))) | BE44: =_xlfn.LET( _xlpm.total,ROUND((N(AA44)+N(AS44)+N(BA44)),2), IF(OR(AA44="Error",AS44="Error",BA44="Error",BD44="Error"),"Error", IF(AND(AA44="",AS44="",BA44=""),"", IF(_xlpm.total>=70,_xlpm.total,IF(BD44="Passed",70,_xlpm.total))))) | BF44: =IF(OR(AA44="Error",AS44="Error",BA44="Error",BD44="Error"),"Error", IF(D44="","", IF(AND(N($AA$6)+N($AS$6)+N($BA$7)=100%, OR(N($AA$6)=0,AA44<>""),OR(N($AS$6)=0,AS44<>""),OR(N($BA$7)=0,BA44<>""),BE44<>""), _xlfn.XLOOKUP(BE44,'Helper 1'!$B$3:$B$43,'Helper 1'!$D$3:$D$43,,-1),""))) | BG44: {=_xlfn.LET( _xlpm.wWorks,$AA$6,_xlpm.pTask,$AS$6,_xlpm.examination,$BA$7, _xlpm.initialgrade,BE44,_xlpm.transmutedgrade,BF44,_xlpm.termExam,AY44, _xlpm.wWorkScore,AA44,_xlpm.pTaskScore,AS44,_xlpm.st1Score,AW44,_xlpm.st2Score,AX44,_xlpm.examScore,BA44,_xlpm.re,BD44, _xlpm.benchmark, _xlpm.wWorks*70*(_xlpm.wWorkScore<>"")+ _xlpm.pTask*70*(_xlpm.pTaskScore<>"")+ IF(_xlpm.wWorks+_xlpm.pTask<>100%, _xlpm.examination*21*((_xlpm.st1Score<>"")+(_xlpm.st2Score<>"")),0), _xlpm.remarks, _xlfn.IFS( N(_xlpm.transmutedgrade)>=90,"Passed [A]", N(_xlpm.transmutedgrade)>=80,"Passed [B]", N(_xlpm.transmutedgrade)>=75,"Passed [C]", N(_xlpm.transmutedgrade)>=65,"Failed [D]",TRUE,"Failed [E]"), IFERROR( IF(OR(_xlpm.wWorkScore="Error",_xlpm.pTaskScore="Error",_xlpm.examScore="Error",_xlpm.re="Error"),"Error", IF(_xlpm.transmutedgrade<>"", IF(_xlpm.wWorks+_xlpm.pTask=100%,_xlpm.remarks, IF(_xlpm.termExam="",IF(_xlpm.st2Score="", IF(_xlpm.initialgrade>=_xlpm.benchmark,"","At-Risk"), IF(N(_xlpm.transmutedgrade)<75,"At-Risk","")),_xlpm.remarks)), IF(_xlpm.initialgrade>=_xlpm.benchmark,"","At-Risk"))),""))}
B45: 37 | C45: =IF('Data Input'!M43="","",'Data Input'!M43) | D45: =IF(ISBLANK('Data Input'!N43),"",PROPER('Data Input'!N43)) | Y45: {=_xlfn.LET( _xlpm.score,E45:X45, _xlpm.limit,$E$6:$X$6, IF(OR(D45="",COUNTA(_xlpm.score)=0),"", IF(COUNTA(_xlpm.score,_xlpm.limit)=0,"", IF( OR( SUM((_xlpm.limit="")*(_xlpm.score<>""))>0, SUM(ISTEXT(_xlpm.limit)*1)>0, SUM(ISTEXT(_xlpm.score)*1)>0, SUM(ISLOGICAL(_xlpm.limit)*1)>0, SUM(ISLOGICAL(_xlpm.score)*1)>0, SUM(ISERROR(_xlpm.limit)*1)>0, SUM(ISERROR(_xlpm.score)*1)>0 ), "Error", IF( SUM((ISNUMBER(_xlpm.limit)*ISNUMBER(_xlpm.score)*(_xlpm.score>_xlpm.limit))*1)>0, "Error", IF(SUM(_xlpm.score)>$Y$6, "Error", SUM(_xlpm.score) ))))))} | Z45: =IF(D45="","",IF(Y45="Error","Error",IFERROR((Y45/$Y$6*$Z$6),""))) | AA45: =IFERROR(IF(D45="","",IF(Z45="Error","Error",(Z45*$AA$6))),"") | AQ45: {=_xlfn.LET( _xlpm.score,AB45:AP45, _xlpm.limit,$AB$6:$AP$6, IF(OR(D45="",COUNTA(_xlpm.score)=0),"", IF(COUNTA(_xlpm.score,_xlpm.limit)=0,"", IF( OR( SUM((_xlpm.limit="")*(_xlpm.score<>""))>0, SUM(ISTEXT(_xlpm.limit)*1)>0, SUM(ISTEXT(_xlpm.score)*1)>0, SUM(ISLOGICAL(_xlpm.limit)*1)>0, SUM(ISLOGICAL(_xlpm.score)*1)>0, SUM(ISERROR(_xlpm.limit)*1)>0, SUM(ISERROR(_xlpm.score)*1)>0 ), "Error", IF( SUM((ISNUMBER(_xlpm.limit)*ISNUMBER(_xlpm.score)*(_xlpm.score>_xlpm.limit))*1)>0, "Error", IF(SUM(_xlpm.score)>$AQ$6, "Error", SUM(_xlpm.score) ))))))} | AR45: =IF(D45="","",IF(AQ45="Error","Error",IFERROR((AQ45/$AQ$6*$AR$6),""))) | AS45: =IFERROR(IF(D45="","",IF(AR45="Error","Error",(AR45*$AS$6))),"") | AW45: =IF(OR(D45="",AT45=""),"", IF($AT$6=0,"Error", IF(OR(AND($AT$6="",AT45<>""), ISTEXT($AT$6), ISTEXT(AT45), ISLOGICAL($AT$6), ISLOGICAL(AT45), ISERROR($AT$6), ISERROR(AT45)),"Error", IF(AT45>$AT$6,"Error", IF($AT$6=0,"",AT45/$AT$6*$AZ$7*$AW$7))))) | AX45: =IF(OR(D45="",AU45=""),"", IF($AU$6=0,"Error", IF(OR(AND($AU$6="",AU45<>""), ISTEXT($AU$6), ISTEXT(AU45), ISLOGICAL($AU$6), ISLOGICAL(AU45), ISERROR($AU$6), ISERROR(AU45)),"Error", IF(AU45>$AU$6,"Error", IF($AU$6=0,"",AU45/$AU$6*$AZ$7*$AX$7))))) | AY45: =IF(OR(D45="",AV45=""),"", IF($AV$6=0,"Error", IF(OR(AND($AV$6="",AV45<>""), ISTEXT($AV$6), ISTEXT(AV45), ISLOGICAL($AV$6), ISLOGICAL(AV45), ISERROR($AV$6), ISERROR(AV45)),"Error", IF(AV45>$AV$6,"Error", IF($AV$6=0,"",AV45/$AV$6*$AZ$7*$AY$7))))) | AZ45: =IF(D45="","",IF(COUNTIF(AW45:AY45,"Error")>0,"Error",IFERROR(IF(COUNT(AW45:AY45)=0,"",SUM(AW45:AY45)),""))) | BA45: =IFERROR(IF(D45="","",IF(AZ45="Error","Error",(AZ45*$BA$7))),"") | BC45: =IF(OR(D45="",BB45=""),"",IF(BB45="Error","Error",IFERROR((BB45/$BB$6*$BC$6),""))) | BD45: =IF(AND(AY45="",BB45<>""),"Error",IF(BB45="","",IF(BB45>$BB$6,"Error",IF(BC45>=75,"Passed","Failed")))) | BE45: =_xlfn.LET( _xlpm.total,ROUND((N(AA45)+N(AS45)+N(BA45)),2), IF(OR(AA45="Error",AS45="Error",BA45="Error",BD45="Error"),"Error", IF(AND(AA45="",AS45="",BA45=""),"", IF(_xlpm.total>=70,_xlpm.total,IF(BD45="Passed",70,_xlpm.total))))) | BF45: =IF(OR(AA45="Error",AS45="Error",BA45="Error",BD45="Error"),"Error", IF(D45="","", IF(AND(N($AA$6)+N($AS$6)+N($BA$7)=100%, OR(N($AA$6)=0,AA45<>""),OR(N($AS$6)=0,AS45<>""),OR(N($BA$7)=0,BA45<>""),BE45<>""), _xlfn.XLOOKUP(BE45,'Helper 1'!$B$3:$B$43,'Helper 1'!$D$3:$D$43,,-1),""))) | BG45: {=_xlfn.LET( _xlpm.wWorks,$AA$6,_xlpm.pTask,$AS$6,_xlpm.examination,$BA$7, _xlpm.initialgrade,BE45,_xlpm.transmutedgrade,BF45,_xlpm.termExam,AY45, _xlpm.wWorkScore,AA45,_xlpm.pTaskScore,AS45,_xlpm.st1Score,AW45,_xlpm.st2Score,AX45,_xlpm.examScore,BA45,_xlpm.re,BD45, _xlpm.benchmark, _xlpm.wWorks*70*(_xlpm.wWorkScore<>"")+ _xlpm.pTask*70*(_xlpm.pTaskScore<>"")+ IF(_xlpm.wWorks+_xlpm.pTask<>100%, _xlpm.examination*21*((_xlpm.st1Score<>"")+(_xlpm.st2Score<>"")),0), _xlpm.remarks, _xlfn.IFS( N(_xlpm.transmutedgrade)>=90,"Passed [A]", N(_xlpm.transmutedgrade)>=80,"Passed [B]", N(_xlpm.transmutedgrade)>=75,"Passed [C]", N(_xlpm.transmutedgrade)>=65,"Failed [D]",TRUE,"Failed [E]"), IFERROR( IF(OR(_xlpm.wWorkScore="Error",_xlpm.pTaskScore="Error",_xlpm.examScore="Error",_xlpm.re="Error"),"Error", IF(_xlpm.transmutedgrade<>"", IF(_xlpm.wWorks+_xlpm.pTask=100%,_xlpm.remarks, IF(_xlpm.termExam="",IF(_xlpm.st2Score="", IF(_xlpm.initialgrade>=_xlpm.benchmark,"","At-Risk"), IF(N(_xlpm.transmutedgrade)<75,"At-Risk","")),_xlpm.remarks)), IF(_xlpm.initialgrade>=_xlpm.benchmark,"","At-Risk"))),""))}
B46: 38 | C46: =IF('Data Input'!M44="","",'Data Input'!M44) | D46: =IF(ISBLANK('Data Input'!N44),"",PROPER('Data Input'!N44)) | Y46: {=_xlfn.LET( _xlpm.score,E46:X46, _xlpm.limit,$E$6:$X$6, IF(OR(D46="",COUNTA(_xlpm.score)=0),"", IF(COUNTA(_xlpm.score,_xlpm.limit)=0,"", IF( OR( SUM((_xlpm.limit="")*(_xlpm.score<>""))>0, SUM(ISTEXT(_xlpm.limit)*1)>0, SUM(ISTEXT(_xlpm.score)*1)>0, SUM(ISLOGICAL(_xlpm.limit)*1)>0, SUM(ISLOGICAL(_xlpm.score)*1)>0, SUM(ISERROR(_xlpm.limit)*1)>0, SUM(ISERROR(_xlpm.score)*1)>0 ), "Error", IF( SUM((ISNUMBER(_xlpm.limit)*ISNUMBER(_xlpm.score)*(_xlpm.score>_xlpm.limit))*1)>0, "Error", IF(SUM(_xlpm.score)>$Y$6, "Error", SUM(_xlpm.score) ))))))} | Z46: =IF(D46="","",IF(Y46="Error","Error",IFERROR((Y46/$Y$6*$Z$6),""))) | AA46: =IFERROR(IF(D46="","",IF(Z46="Error","Error",(Z46*$AA$6))),"") | AQ46: {=_xlfn.LET( _xlpm.score,AB46:AP46, _xlpm.limit,$AB$6:$AP$6, IF(OR(D46="",COUNTA(_xlpm.score)=0),"", IF(COUNTA(_xlpm.score,_xlpm.limit)=0,"", IF( OR( SUM((_xlpm.limit="")*(_xlpm.score<>""))>0, SUM(ISTEXT(_xlpm.limit)*1)>0, SUM(ISTEXT(_xlpm.score)*1)>0, SUM(ISLOGICAL(_xlpm.limit)*1)>0, SUM(ISLOGICAL(_xlpm.score)*1)>0, SUM(ISERROR(_xlpm.limit)*1)>0, SUM(ISERROR(_xlpm.score)*1)>0 ), "Error", IF( SUM((ISNUMBER(_xlpm.limit)*ISNUMBER(_xlpm.score)*(_xlpm.score>_xlpm.limit))*1)>0, "Error", IF(SUM(_xlpm.score)>$AQ$6, "Error", SUM(_xlpm.score) ))))))} | AR46: =IF(D46="","",IF(AQ46="Error","Error",IFERROR((AQ46/$AQ$6*$AR$6),""))) | AS46: =IFERROR(IF(D46="","",IF(AR46="Error","Error",(AR46*$AS$6))),"") | AW46: =IF(OR(D46="",AT46=""),"", IF($AT$6=0,"Error", IF(OR(AND($AT$6="",AT46<>""), ISTEXT($AT$6), ISTEXT(AT46), ISLOGICAL($AT$6), ISLOGICAL(AT46), ISERROR($AT$6), ISERROR(AT46)),"Error", IF(AT46>$AT$6,"Error", IF($AT$6=0,"",AT46/$AT$6*$AZ$7*$AW$7))))) | AX46: =IF(OR(D46="",AU46=""),"", IF($AU$6=0,"Error", IF(OR(AND($AU$6="",AU46<>""), ISTEXT($AU$6), ISTEXT(AU46), ISLOGICAL($AU$6), ISLOGICAL(AU46), ISERROR($AU$6), ISERROR(AU46)),"Error", IF(AU46>$AU$6,"Error", IF($AU$6=0,"",AU46/$AU$6*$AZ$7*$AX$7))))) | AY46: =IF(OR(D46="",AV46=""),"", IF($AV$6=0,"Error", IF(OR(AND($AV$6="",AV46<>""), ISTEXT($AV$6), ISTEXT(AV46), ISLOGICAL($AV$6), ISLOGICAL(AV46), ISERROR($AV$6), ISERROR(AV46)),"Error", IF(AV46>$AV$6,"Error", IF($AV$6=0,"",AV46/$AV$6*$AZ$7*$AY$7))))) | AZ46: =IF(D46="","",IF(COUNTIF(AW46:AY46,"Error")>0,"Error",IFERROR(IF(COUNT(AW46:AY46)=0,"",SUM(AW46:AY46)),""))) | BA46: =IFERROR(IF(D46="","",IF(AZ46="Error","Error",(AZ46*$BA$7))),"") | BC46: =IF(OR(D46="",BB46=""),"",IF(BB46="Error","Error",IFERROR((BB46/$BB$6*$BC$6),""))) | BD46: =IF(AND(AY46="",BB46<>""),"Error",IF(BB46="","",IF(BB46>$BB$6,"Error",IF(BC46>=75,"Passed","Failed")))) | BE46: =_xlfn.LET( _xlpm.total,ROUND((N(AA46)+N(AS46)+N(BA46)),2), IF(OR(AA46="Error",AS46="Error",BA46="Error",BD46="Error"),"Error", IF(AND(AA46="",AS46="",BA46=""),"", IF(_xlpm.total>=70,_xlpm.total,IF(BD46="Passed",70,_xlpm.total))))) | BF46: =IF(OR(AA46="Error",AS46="Error",BA46="Error",BD46="Error"),"Error", IF(D46="","", IF(AND(N($AA$6)+N($AS$6)+N($BA$7)=100%, OR(N($AA$6)=0,AA46<>""),OR(N($AS$6)=0,AS46<>""),OR(N($BA$7)=0,BA46<>""),BE46<>""), _xlfn.XLOOKUP(BE46,'Helper 1'!$B$3:$B$43,'Helper 1'!$D$3:$D$43,,-1),""))) | BG46: {=_xlfn.LET( _xlpm.wWorks,$AA$6,_xlpm.pTask,$AS$6,_xlpm.examination,$BA$7, _xlpm.initialgrade,BE46,_xlpm.transmutedgrade,BF46,_xlpm.termExam,AY46, _xlpm.wWorkScore,AA46,_xlpm.pTaskScore,AS46,_xlpm.st1Score,AW46,_xlpm.st2Score,AX46,_xlpm.examScore,BA46,_xlpm.re,BD46, _xlpm.benchmark, _xlpm.wWorks*70*(_xlpm.wWorkScore<>"")+ _xlpm.pTask*70*(_xlpm.pTaskScore<>"")+ IF(_xlpm.wWorks+_xlpm.pTask<>100%, _xlpm.examination*21*((_xlpm.st1Score<>"")+(_xlpm.st2Score<>"")),0), _xlpm.remarks, _xlfn.IFS( N(_xlpm.transmutedgrade)>=90,"Passed [A]", N(_xlpm.transmutedgrade)>=80,"Passed [B]", N(_xlpm.transmutedgrade)>=75,"Passed [C]", N(_xlpm.transmutedgrade)>=65,"Failed [D]",TRUE,"Failed [E]"), IFERROR( IF(OR(_xlpm.wWorkScore="Error",_xlpm.pTaskScore="Error",_xlpm.examScore="Error",_xlpm.re="Error"),"Error", IF(_xlpm.transmutedgrade<>"", IF(_xlpm.wWorks+_xlpm.pTask=100%,_xlpm.remarks, IF(_xlpm.termExam="",IF(_xlpm.st2Score="", IF(_xlpm.initialgrade>=_xlpm.benchmark,"","At-Risk"), IF(N(_xlpm.transmutedgrade)<75,"At-Risk","")),_xlpm.remarks)), IF(_xlpm.initialgrade>=_xlpm.benchmark,"","At-Risk"))),""))}
B47: 39 | C47: =IF('Data Input'!M45="","",'Data Input'!M45) | D47: =IF(ISBLANK('Data Input'!N45),"",PROPER('Data Input'!N45)) | Y47: {=_xlfn.LET( _xlpm.score,E47:X47, _xlpm.limit,$E$6:$X$6, IF(OR(D47="",COUNTA(_xlpm.score)=0),"", IF(COUNTA(_xlpm.score,_xlpm.limit)=0,"", IF( OR( SUM((_xlpm.limit="")*(_xlpm.score<>""))>0, SUM(ISTEXT(_xlpm.limit)*1)>0, SUM(ISTEXT(_xlpm.score)*1)>0, SUM(ISLOGICAL(_xlpm.limit)*1)>0, SUM(ISLOGICAL(_xlpm.score)*1)>0, SUM(ISERROR(_xlpm.limit)*1)>0, SUM(ISERROR(_xlpm.score)*1)>0 ), "Error", IF( SUM((ISNUMBER(_xlpm.limit)*ISNUMBER(_xlpm.score)*(_xlpm.score>_xlpm.limit))*1)>0, "Error", IF(SUM(_xlpm.score)>$Y$6, "Error", SUM(_xlpm.score) ))))))} | Z47: =IF(D47="","",IF(Y47="Error","Error",IFERROR((Y47/$Y$6*$Z$6),""))) | AA47: =IFERROR(IF(D47="","",IF(Z47="Error","Error",(Z47*$AA$6))),"") | AQ47: {=_xlfn.LET( _xlpm.score,AB47:AP47, _xlpm.limit,$AB$6:$AP$6, IF(OR(D47="",COUNTA(_xlpm.score)=0),"", IF(COUNTA(_xlpm.score,_xlpm.limit)=0,"", IF( OR( SUM((_xlpm.limit="")*(_xlpm.score<>""))>0, SUM(ISTEXT(_xlpm.limit)*1)>0, SUM(ISTEXT(_xlpm.score)*1)>0, SUM(ISLOGICAL(_xlpm.limit)*1)>0, SUM(ISLOGICAL(_xlpm.score)*1)>0, SUM(ISERROR(_xlpm.limit)*1)>0, SUM(ISERROR(_xlpm.score)*1)>0 ), "Error", IF( SUM((ISNUMBER(_xlpm.limit)*ISNUMBER(_xlpm.score)*(_xlpm.score>_xlpm.limit))*1)>0, "Error", IF(SUM(_xlpm.score)>$AQ$6, "Error", SUM(_xlpm.score) ))))))} | AR47: =IF(D47="","",IF(AQ47="Error","Error",IFERROR((AQ47/$AQ$6*$AR$6),""))) | AS47: =IFERROR(IF(D47="","",IF(AR47="Error","Error",(AR47*$AS$6))),"") | AW47: =IF(OR(D47="",AT47=""),"", IF($AT$6=0,"Error", IF(OR(AND($AT$6="",AT47<>""), ISTEXT($AT$6), ISTEXT(AT47), ISLOGICAL($AT$6), ISLOGICAL(AT47), ISERROR($AT$6), ISERROR(AT47)),"Error", IF(AT47>$AT$6,"Error", IF($AT$6=0,"",AT47/$AT$6*$AZ$7*$AW$7))))) | AX47: =IF(OR(D47="",AU47=""),"", IF($AU$6=0,"Error", IF(OR(AND($AU$6="",AU47<>""), ISTEXT($AU$6), ISTEXT(AU47), ISLOGICAL($AU$6), ISLOGICAL(AU47), ISERROR($AU$6), ISERROR(AU47)),"Error", IF(AU47>$AU$6,"Error", IF($AU$6=0,"",AU47/$AU$6*$AZ$7*$AX$7))))) | AY47: =IF(OR(D47="",AV47=""),"", IF($AV$6=0,"Error", IF(OR(AND($AV$6="",AV47<>""), ISTEXT($AV$6), ISTEXT(AV47), ISLOGICAL($AV$6), ISLOGICAL(AV47), ISERROR($AV$6), ISERROR(AV47)),"Error", IF(AV47>$AV$6,"Error", IF($AV$6=0,"",AV47/$AV$6*$AZ$7*$AY$7))))) | AZ47: =IF(D47="","",IF(COUNTIF(AW47:AY47,"Error")>0,"Error",IFERROR(IF(COUNT(AW47:AY47)=0,"",SUM(AW47:AY47)),""))) | BA47: =IFERROR(IF(D47="","",IF(AZ47="Error","Error",(AZ47*$BA$7))),"") | BC47: =IF(OR(D47="",BB47=""),"",IF(BB47="Error","Error",IFERROR((BB47/$BB$6*$BC$6),""))) | BD47: =IF(AND(AY47="",BB47<>""),"Error",IF(BB47="","",IF(BB47>$BB$6,"Error",IF(BC47>=75,"Passed","Failed")))) | BE47: =_xlfn.LET( _xlpm.total,ROUND((N(AA47)+N(AS47)+N(BA47)),2), IF(OR(AA47="Error",AS47="Error",BA47="Error",BD47="Error"),"Error", IF(AND(AA47="",AS47="",BA47=""),"", IF(_xlpm.total>=70,_xlpm.total,IF(BD47="Passed",70,_xlpm.total))))) | BF47: =IF(OR(AA47="Error",AS47="Error",BA47="Error",BD47="Error"),"Error", IF(D47="","", IF(AND(N($AA$6)+N($AS$6)+N($BA$7)=100%, OR(N($AA$6)=0,AA47<>""),OR(N($AS$6)=0,AS47<>""),OR(N($BA$7)=0,BA47<>""),BE47<>""), _xlfn.XLOOKUP(BE47,'Helper 1'!$B$3:$B$43,'Helper 1'!$D$3:$D$43,,-1),""))) | BG47: {=_xlfn.LET( _xlpm.wWorks,$AA$6,_xlpm.pTask,$AS$6,_xlpm.examination,$BA$7, _xlpm.initialgrade,BE47,_xlpm.transmutedgrade,BF47,_xlpm.termExam,AY47, _xlpm.wWorkScore,AA47,_xlpm.pTaskScore,AS47,_xlpm.st1Score,AW47,_xlpm.st2Score,AX47,_xlpm.examScore,BA47,_xlpm.re,BD47, _xlpm.benchmark, _xlpm.wWorks*70*(_xlpm.wWorkScore<>"")+ _xlpm.pTask*70*(_xlpm.pTaskScore<>"")+ IF(_xlpm.wWorks+_xlpm.pTask<>100%, _xlpm.examination*21*((_xlpm.st1Score<>"")+(_xlpm.st2Score<>"")),0), _xlpm.remarks, _xlfn.IFS( N(_xlpm.transmutedgrade)>=90,"Passed [A]", N(_xlpm.transmutedgrade)>=80,"Passed [B]", N(_xlpm.transmutedgrade)>=75,"Passed [C]", N(_xlpm.transmutedgrade)>=65,"Failed [D]",TRUE,"Failed [E]"), IFERROR( IF(OR(_xlpm.wWorkScore="Error",_xlpm.pTaskScore="Error",_xlpm.examScore="Error",_xlpm.re="Error"),"Error", IF(_xlpm.transmutedgrade<>"", IF(_xlpm.wWorks+_xlpm.pTask=100%,_xlpm.remarks, IF(_xlpm.termExam="",IF(_xlpm.st2Score="", IF(_xlpm.initialgrade>=_xlpm.benchmark,"","At-Risk"), IF(N(_xlpm.transmutedgrade)<75,"At-Risk","")),_xlpm.remarks)), IF(_xlpm.initialgrade>=_xlpm.benchmark,"","At-Risk"))),""))}
B48: 40 | C48: =IF('Data Input'!M46="","",'Data Input'!M46) | D48: =IF(ISBLANK('Data Input'!N46),"",PROPER('Data Input'!N46)) | Y48: {=_xlfn.LET( _xlpm.score,E48:X48, _xlpm.limit,$E$6:$X$6, IF(OR(D48="",COUNTA(_xlpm.score)=0),"", IF(COUNTA(_xlpm.score,_xlpm.limit)=0,"", IF( OR( SUM((_xlpm.limit="")*(_xlpm.score<>""))>0, SUM(ISTEXT(_xlpm.limit)*1)>0, SUM(ISTEXT(_xlpm.score)*1)>0, SUM(ISLOGICAL(_xlpm.limit)*1)>0, SUM(ISLOGICAL(_xlpm.score)*1)>0, SUM(ISERROR(_xlpm.limit)*1)>0, SUM(ISERROR(_xlpm.score)*1)>0 ), "Error", IF( SUM((ISNUMBER(_xlpm.limit)*ISNUMBER(_xlpm.score)*(_xlpm.score>_xlpm.limit))*1)>0, "Error", IF(SUM(_xlpm.score)>$Y$6, "Error", SUM(_xlpm.score) ))))))} | Z48: =IF(D48="","",IF(Y48="Error","Error",IFERROR((Y48/$Y$6*$Z$6),""))) | AA48: =IFERROR(IF(D48="","",IF(Z48="Error","Error",(Z48*$AA$6))),"") | AQ48: {=_xlfn.LET( _xlpm.score,AB48:AP48, _xlpm.limit,$AB$6:$AP$6, IF(OR(D48="",COUNTA(_xlpm.score)=0),"", IF(COUNTA(_xlpm.score,_xlpm.limit)=0,"", IF( OR( SUM((_xlpm.limit="")*(_xlpm.score<>""))>0, SUM(ISTEXT(_xlpm.limit)*1)>0, SUM(ISTEXT(_xlpm.score)*1)>0, SUM(ISLOGICAL(_xlpm.limit)*1)>0, SUM(ISLOGICAL(_xlpm.score)*1)>0, SUM(ISERROR(_xlpm.limit)*1)>0, SUM(ISERROR(_xlpm.score)*1)>0 ), "Error", IF( SUM((ISNUMBER(_xlpm.limit)*ISNUMBER(_xlpm.score)*(_xlpm.score>_xlpm.limit))*1)>0, "Error", IF(SUM(_xlpm.score)>$AQ$6, "Error", SUM(_xlpm.score) ))))))} | AR48: =IF(D48="","",IF(AQ48="Error","Error",IFERROR((AQ48/$AQ$6*$AR$6),""))) | AS48: =IFERROR(IF(D48="","",IF(AR48="Error","Error",(AR48*$AS$6))),"") | AW48: =IF(OR(D48="",AT48=""),"", IF($AT$6=0,"Error", IF(OR(AND($AT$6="",AT48<>""), ISTEXT($AT$6), ISTEXT(AT48), ISLOGICAL($AT$6), ISLOGICAL(AT48), ISERROR($AT$6), ISERROR(AT48)),"Error", IF(AT48>$AT$6,"Error", IF($AT$6=0,"",AT48/$AT$6*$AZ$7*$AW$7))))) | AX48: =IF(OR(D48="",AU48=""),"", IF($AU$6=0,"Error", IF(OR(AND($AU$6="",AU48<>""), ISTEXT($AU$6), ISTEXT(AU48), ISLOGICAL($AU$6), ISLOGICAL(AU48), ISERROR($AU$6), ISERROR(AU48)),"Error", IF(AU48>$AU$6,"Error", IF($AU$6=0,"",AU48/$AU$6*$AZ$7*$AX$7))))) | AY48: =IF(OR(D48="",AV48=""),"", IF($AV$6=0,"Error", IF(OR(AND($AV$6="",AV48<>""), ISTEXT($AV$6), ISTEXT(AV48), ISLOGICAL($AV$6), ISLOGICAL(AV48), ISERROR($AV$6), ISERROR(AV48)),"Error", IF(AV48>$AV$6,"Error", IF($AV$6=0,"",AV48/$AV$6*$AZ$7*$AY$7))))) | AZ48: =IF(D48="","",IF(COUNTIF(AW48:AY48,"Error")>0,"Error",IFERROR(IF(COUNT(AW48:AY48)=0,"",SUM(AW48:AY48)),""))) | BA48: =IFERROR(IF(D48="","",IF(AZ48="Error","Error",(AZ48*$BA$7))),"") | BC48: =IF(OR(D48="",BB48=""),"",IF(BB48="Error","Error",IFERROR((BB48/$BB$6*$BC$6),""))) | BD48: =IF(AND(AY48="",BB48<>""),"Error",IF(BB48="","",IF(BB48>$BB$6,"Error",IF(BC48>=75,"Passed","Failed")))) | BE48: =_xlfn.LET( _xlpm.total,ROUND((N(AA48)+N(AS48)+N(BA48)),2), IF(OR(AA48="Error",AS48="Error",BA48="Error",BD48="Error"),"Error", IF(AND(AA48="",AS48="",BA48=""),"", IF(_xlpm.total>=70,_xlpm.total,IF(BD48="Passed",70,_xlpm.total))))) | BF48: =IF(OR(AA48="Error",AS48="Error",BA48="Error",BD48="Error"),"Error", IF(D48="","", IF(AND(N($AA$6)+N($AS$6)+N($BA$7)=100%, OR(N($AA$6)=0,AA48<>""),OR(N($AS$6)=0,AS48<>""),OR(N($BA$7)=0,BA48<>""),BE48<>""), _xlfn.XLOOKUP(BE48,'Helper 1'!$B$3:$B$43,'Helper 1'!$D$3:$D$43,,-1),""))) | BG48: {=_xlfn.LET( _xlpm.wWorks,$AA$6,_xlpm.pTask,$AS$6,_xlpm.examination,$BA$7, _xlpm.initialgrade,BE48,_xlpm.transmutedgrade,BF48,_xlpm.termExam,AY48, _xlpm.wWorkScore,AA48,_xlpm.pTaskScore,AS48,_xlpm.st1Score,AW48,_xlpm.st2Score,AX48,_xlpm.examScore,BA48,_xlpm.re,BD48, _xlpm.benchmark, _xlpm.wWorks*70*(_xlpm.wWorkScore<>"")+ _xlpm.pTask*70*(_xlpm.pTaskScore<>"")+ IF(_xlpm.wWorks+_xlpm.pTask<>100%, _xlpm.examination*21*((_xlpm.st1Score<>"")+(_xlpm.st2Score<>"")),0), _xlpm.remarks, _xlfn.IFS( N(_xlpm.transmutedgrade)>=90,"Passed [A]", N(_xlpm.transmutedgrade)>=80,"Passed [B]", N(_xlpm.transmutedgrade)>=75,"Passed [C]", N(_xlpm.transmutedgrade)>=65,"Failed [D]",TRUE,"Failed [E]"), IFERROR( IF(OR(_xlpm.wWorkScore="Error",_xlpm.pTaskScore="Error",_xlpm.examScore="Error",_xlpm.re="Error"),"Error", IF(_xlpm.transmutedgrade<>"", IF(_xlpm.wWorks+_xlpm.pTask=100%,_xlpm.remarks, IF(_xlpm.termExam="",IF(_xlpm.st2Score="", IF(_xlpm.initialgrade>=_xlpm.benchmark,"","At-Risk"), IF(N(_xlpm.transmutedgrade)<75,"At-Risk","")),_xlpm.remarks)), IF(_xlpm.initialgrade>=_xlpm.benchmark,"","At-Risk"))),""))}
... B68: 60 | C68: =IF('Data Input'!M66="","",'Data Input'!M66) | D68: =IF(ISBLANK('Data Input'!N66),"",PROPER('Data Input'!N66)) | Y68: {=_xlfn.LET( _xlpm.score,E68:X68, _xlpm.limit,$E$6:$X$6, IF(OR(D68="",COUNTA(_xlpm.score)=0),"", IF(COUNTA(_xlpm.score,_xlpm.limit)=0,"", IF( OR( SUM((_xlpm.limit="")*(_xlpm.score<>""))>0, SUM(ISTEXT(_xlpm.limit)*1)>0, SUM(ISTEXT(_xlpm.score)*1)>0, SUM(ISLOGICAL(_xlpm.limit)*1)>0, SUM(ISLOGICAL(_xlpm.score)*1)>0, SUM(ISERROR(_xlpm.limit)*1)>0, SUM(ISERROR(_xlpm.score)*1)>0 ), "Error", IF( SUM((ISNUMBER(_xlpm.limit)*ISNUMBER(_xlpm.score)*(_xlpm.score>_xlpm.limit))*1)>0, "Error", IF(SUM(_xlpm.score)>$Y$6, "Error", SUM(_xlpm.score) ))))))} | Z68: =IF(D68="","",IF(Y68="Error","Error",IFERROR((Y68/$Y$6*$Z$6),""))) | AA68: =IFERROR(IF(D68="","",IF(Z68="Error","Error",(Z68*$AA$6))),"") | AQ68: {=_xlfn.LET( _xlpm.score,AB68:AP68, _xlpm.limit,$AB$6:$AP$6, IF(OR(D68="",COUNTA(_xlpm.score)=0),"", IF(COUNTA(_xlpm.score,_xlpm.limit)=0,"", IF( OR( SUM((_xlpm.limit="")*(_xlpm.score<>""))>0, SUM(ISTEXT(_xlpm.limit)*1)>0, SUM(ISTEXT(_xlpm.score)*1)>0, SUM(ISLOGICAL(_xlpm.limit)*1)>0, SUM(ISLOGICAL(_xlpm.score)*1)>0, SUM(ISERROR(_xlpm.limit)*1)>0, SUM(ISERROR(_xlpm.score)*1)>0 ), "Error", IF( SUM((ISNUMBER(_xlpm.limit)*ISNUMBER(_xlpm.score)*(_xlpm.score>_xlpm.limit))*1)>0, "Error", IF(SUM(_xlpm.score)>$AQ$6, "Error", SUM(_xlpm.score) ))))))} | AR68: =IF(D68="","",IF(AQ68="Error","Error",IFERROR((AQ68/$AQ$6*$AR$6),""))) | AS68: =IFERROR(IF(D68="","",IF(AR68="Error","Error",(AR68*$AS$6))),"") | AW68: =IF(OR(D68="",AT68=""),"", IF($AT$6=0,"Error", IF(OR(AND($AT$6="",AT68<>""), ISTEXT($AT$6), ISTEXT(AT68), ISLOGICAL($AT$6), ISLOGICAL(AT68), ISERROR($AT$6), ISERROR(AT68)),"Error", IF(AT68>$AT$6,"Error", IF($AT$6=0,"",AT68/$AT$6*$AZ$7*$AW$7))))) | AX68: =IF(OR(D68="",AU68=""),"", IF($AU$6=0,"Error", IF(OR(AND($AU$6="",AU68<>""), ISTEXT($AU$6), ISTEXT(AU68), ISLOGICAL($AU$6), ISLOGICAL(AU68), ISERROR($AU$6), ISERROR(AU68)),"Error", IF(AU68>$AU$6,"Error", IF($AU$6=0,"",AU68/$AU$6*$AZ$7*$AX$7))))) | AY68: =IF(OR(D68="",AV68=""),"", IF($AV$6=0,"Error", IF(OR(AND($AV$6="",AV68<>""), ISTEXT($AV$6), ISTEXT(AV68), ISLOGICAL($AV$6), ISLOGICAL(AV68), ISERROR($AV$6), ISERROR(AV68)),"Error", IF(AV68>$AV$6,"Error", IF($AV$6=0,"",AV68/$AV$6*$AZ$7*$AY$7))))) | AZ68: =IF(D68="","",IF(COUNTIF(AW68:AY68,"Error")>0,"Error",IFERROR(IF(COUNT(AW68:AY68)=0,"",SUM(AW68:AY68)),""))) | BA68: =IFERROR(IF(D68="","",IF(AZ68="Error","Error",(AZ68*$BA$7))),"") | BC68: =IF(OR(D68="",BB68=""),"",IF(BB68="Error","Error",IFERROR((BB68/$BB$6*$BC$6),""))) | BD68: =IF(AND(AY68="",BB68<>""),"Error",IF(BB68="","",IF(BB68>$BB$6,"Error",IF(BC68>=75,"Passed","Failed")))) | BE68: =_xlfn.LET( _xlpm.total,ROUND((N(AA68)+N(AS68)+N(BA68)),2), IF(OR(AA68="Error",AS68="Error",BA68="Error",BD68="Error"),"Error", IF(AND(AA68="",AS68="",BA68=""),"", IF(_xlpm.total>=70,_xlpm.total,IF(BD68="Passed",70,_xlpm.total))))) | BF68: =IF(OR(AA68="Error",AS68="Error",BA68="Error",BD68="Error"),"Error", IF(D68="","", IF(AND(N($AA$6)+N($AS$6)+N($BA$7)=100%, OR(N($AA$6)=0,AA68<>""),OR(N($AS$6)=0,AS68<>""),OR(N($BA$7)=0,BA68<>""),BE68<>""), _xlfn.XLOOKUP(BE68,'Helper 1'!$B$3:$B$43,'Helper 1'!$D$3:$D$43,,-1),""))) | BG68: {=_xlfn.LET( _xlpm.wWorks,$AA$6,_xlpm.pTask,$AS$6,_xlpm.examination,$BA$7, _xlpm.initialgrade,BE68,_xlpm.transmutedgrade,BF68,_xlpm.termExam,AY68, _xlpm.wWorkScore,AA68,_xlpm.pTaskScore,AS68,_xlpm.st1Score,AW68,_xlpm.st2Score,AX68,_xlpm.examScore,BA68,_xlpm.re,BD68, _xlpm.benchmark, _xlpm.wWorks*70*(_xlpm.wWorkScore<>"")+ _xlpm.pTask*70*(_xlpm.pTaskScore<>"")+ IF(_xlpm.wWorks+_xlpm.pTask<>100%, _xlpm.examination*21*((_xlpm.st1Score<>"")+(_xlpm.st2Score<>"")),0), _xlpm.remarks, _xlfn.IFS( N(_xlpm.transmutedgrade)>=90,"Passed [A]", N(_xlpm.transmutedgrade)>=80,"Passed [B]", N(_xlpm.transmutedgrade)>=75,"Passed [C]", N(_xlpm.transmutedgrade)>=65,"Failed [D]",TRUE,"Failed [E]"), IFERROR( IF(OR(_xlpm.wWorkScore="Error",_xlpm.pTaskScore="Error",_xlpm.examScore="Error",_xlpm.re="Error"),"Error", IF(_xlpm.transmutedgrade<>"", IF(_xlpm.wWorks+_xlpm.pTask=100%,_xlpm.remarks, IF(_xlpm.termExam="",IF(_xlpm.st2Score="", IF(_xlpm.initialgrade>=_xlpm.benchmark,"","At-Risk"), IF(N(_xlpm.transmutedgrade)<75,"At-Risk","")),_xlpm.remarks)), IF(_xlpm.initialgrade>=_xlpm.benchmark,"","At-Risk"))),""))}

Sheet Term 2
B2: =IF('Data Input'!$G$6="","",'Data Input'!$G$6) -> Naga | D2: =IF('Data Input'!$G$7="","",('Data Input'!$G$7)) -> Senior High School (SHS) | E2: =IF('Data Input'!$G$12="","",PROPER('Data Input'!$G$12)) -> General Mathematics | Y2: =IF('Data Input'!$G$14="","",UPPER('Data Input'!$G$14)) | AB2: =IF('Data Input'!$G$8="","",'Data Input'!$G$8) -> 2026 - 2027 | AE2: =IF(OR('Data Input'!$G$11="",'Data Input'!$G$16=""),"",UPPER('Data Input'!$G$11&" - "&'Data Input'!$G$16)) -> 11 - BE/ICT | AI2: =IF('Data Input'!$G$10="","",PROPER('Data Input'!$G$10)) -> John Marq E. Ramos | AR2: =IF('Data Input'!$G$17="","",'Data Input'!$G$17) -> 201 | AT2: =IF('Data Input'!$G$18="","",PROPER('Data Input'!$G$18)) -> Mon & Fri | AX2: =IF('Data Input'!$G$19="","",'Data Input'!$G$19) -> 09:00 to 10:30 AM | BB2: REMOVAL EXAM | BE2: SUMMARY
B3: Campus | D3: Department | E3: Subject | Y3: Code | AB3: School Year | AE3: Grade Level and Section | AI3: Instructor | AR3: Room | AT3: Schedule (Day) | AX3: Time
B4: TERM 2 | E4: WRITTEN/ORAL WORKS | AB4: PRODUCT/PERFORMANCE TASKS | AT4: EXAMINATION | BE4: Initial Grade | BF4: Transmuted Grade | BG4: Status & Description
