Workbook
Name StudentNames: Input!$F$8:$F$57
Name TRANSMUTATION: TRANSMUTATION!$A$2:$B$13

Sheet Instructions
C3: P60 Class Record Instructions
C5: Settings Tab
C7: 1. Kindly input your class details as indicated in the row fields. A sample is shown below.
C15: 2. Grading components, such as major examinations and quizzes, are listed in each row along with their corresponding codes. Please enter the appropriate percentage for each component based on your course syllabus. Also, include the date in its designated column and indicate the highest possible score in the # of POINTS column. These details will reflect in the Input tab. A sample is shown below.
C35: Input Tab
C37: 1. Once the percentages and highest possible scores have been entered in the Settings tab, you may proceed to encode the grades in the Input tab. The information previously entered should now appear in the Input tab, as shown below.
C48: 2. Enter the student number and name in their respective columns. Once completed, begin entering the students’ actual scores in the appropriate columns. The table should appear as shown.
C60: 3. If the encoded score exceeds the highest possible score, the entry will be highlighted in red, as shown in the image below. Please correct the score to avoid errors in the computation at the end of each component. Once corrected, the grades will be computed as intended.
C73: Summary Tab
C75: 1. The Summary tab displays the computed grade for each grading period: Prelims, Midterms, Pre-Finals, and Finals.
C76: 2. At the end of each period, you are required to enter the percentage equivalent obtained by each student. Refer to the image below.

Sheet Settings
C3: STI Class Record P60 | D3: Branch | E3: Naga | O3: Class No. | P3: 1798
D4: Dept | E4: Hospitality Management | O4: Code | P4: GEDC1005
D5: SY | E5: 2026-2027 | O5: Section | P5: BSHM1A
D6: Sem | E6: 1st | O6: Room | P6: RM302
D7: Instructor | E7: John Marq E. Ramos | O7: Day | P7: MTh
D8: Subject | E8: Mathematics in the Modern World | O8: Time | P8: 1:00pm - 2:30pm
G11: PRELIMS | K11: MIDTERM | O11: PRE-FINALS | S11: FINALS
G12: % | H12: DATE | I12: # of POINTS | K12: % | L12: DATE | M12: # of POINTS | O12: % | P12: DATE | Q12: # of POINTS | S12: % | T12: DATE | U12: # of POINTS
C14: CLASS PARTICIPATION | G14: =G15+G20+G25 -> 0 | K14: =K15+K20+K25 -> 0 | O14: =SUM(O15,O20,O25) -> 0 | S14: =S15+S20+S25 -> 0
C15: Seatwork 1 | E15: SW1 | G15: 0 | K15: 0 | O15: 0 | S15: 0
C16: Seatwork 2 | E16: SW2
C17: Seatwork 3 | E17: SW3
C18: Seatwork 4 | E18: SW4
C19: Seatwork 5 | E19: SW5
C20: Homework 1 | E20: HW1
C21: Homework 2 | E21: HW2
C22: Homework 3 | E22: HW3
C23: Homework 4 | E23: HW4
C24: Homework 5 | E24: HW5
C25: Recitation 1 | E25: RC1 | G25: 0 | K25: 0 | O25: 0 | S25: 0
C26: Recitation 2 | E26: RC2
C27: Recitation 3 | E27: RC3
C28: PERFORMANCE TASKS
C29: Performance Task/Lab 1 | E29: PRC1 | G29: 0.3 | I29: 100 | K29: 0.3 | M29: 50 | O29: 0.3 | S29: 0.3
C30: Performance Task/Lab 2 | E30: PRC2 | I30: 100 | M30: 50
C31: Performance Task/Lab 3 | E31: PRC3 | I31: 50
C32: Performance Task/Lab 4 | E32: PRC4
C33: QUIZZES
C34: Quiz 1 | E34: Q1 | G34: 0.2 | I34: 100 | K34: 0.2 | M34: 10 | O34: 0.2 | S34: 0.2
C35: Quiz 2 | E35: Q2 | I35: 100 | M35: 20
C36: Quiz 3 | E36: Q3 | I36: 100 | M36: 35
C37: Quiz 4 | E37: Q4
C38: MAJOR EXAMINATION
C39: Exam | E39: EX | G39: 0.5 | H39: 46279 | I39: 70 | K39: 0.5 | M39: 70 | O39: 0.5 | S39: 0.5
G41: =SUM(G14,G29,G34,G39) -> 1 | K41: =SUM(K14,K29,K34,K39) -> 1 | O41: =SUM(O14,O29,O34,O39) -> 1 | S41: =SUM(S14,S29,S34,S39) -> 1

Sheet Input
D3: =Settings!E8&" - "&Settings!P5 -> Mathematics in the Modern World - BSHM1A | G3: PRELIMS | T3: MIDTERM | AG3: PRE-FINALS | AT3: FINALS
D4: =IF(Settings!P4="","",Settings!P4) -> GEDC1005 | G4: PT/LAB EXERCISES | K4: =Settings!G29 -> 0.3 | L4: QUIZZES | P4: =Settings!$G$34 -> 0.2 | Q4: EXAM | R4: =Settings!$G$39 -> 0.5 | T4: PT/LAB EXERCISES | X4: =Settings!K29 -> 0.3 | Y4: QUIZZES | AC4: =Settings!K34 -> 0.2 | AD4: EXAM | AE4: =Settings!K39 -> 0.5 | AG4: PT/LAB EXERCISES | AK4: =Settings!O29 -> 0.3 | AL4: QUIZZES | AP4: =Settings!O34 -> 0.2 | AQ4: EXAM | AR4: =Settings!O39 -> 0.5 | AT4: PT/LAB EXERCISES | AX4: =Settings!S29 -> 0.3 | AY4: QUIZZES | BC4: =Settings!S34 -> 0.2 | BD4: EXAM | BE4: =Settings!S39 -> 0.5
D5: A highlighted cell, as shown in the figure on the left, indicates that the score has exceeded the limit. | G5: =IF(Settings!$E29="","",Settings!$E29) -> PRC1 | H5: =IF(Settings!$E30="","",Settings!$E30) -> PRC2 | I5: =IF(Settings!$E31="","",Settings!$E31) -> PRC3 | J5: =IF(Settings!$E32="","",Settings!$E32) -> PRC4 | K5: TTL | L5: Q1 | M5: Q2 | N5: Q3 | O5: Q4 | P5: TTL | Q5: EX | R5: EQV | T5: =IF(Settings!$E29="","",Settings!$E29) -> PRC1 | U5: =IF(Settings!$E30="","",Settings!$E30) -> PRC2 | V5: =IF(Settings!$E31="","",Settings!$E31) -> PRC3 | W5: =IF(Settings!$E32="","",Settings!$E32) -> PRC4 | X5: TTL | Y5: Q1 | Z5: Q2 | AA5: Q3 | AB5: Q4 | AC5: TTL | AD5: EX | AE5: EQV | AG5: =IF(Settings!$E29="","",Settings!$E29) -> PRC1 | AH5: =IF(Settings!$E30="","",Settings!$E30) -> PRC2 | AI5: =IF(Settings!$E31="","",Settings!$E31) -> PRC3 | AJ5: =IF(Settings!$E32="","",Settings!$E32) -> PRC4 | AK5: TTL | AL5: Q1 | AM5: Q2 | AN5: Q3 | AO5: Q4 | AP5: TTL | AQ5: EX | AR5: EQV | AT5: =IF(Settings!$E29="","",Settings!$E29) -> PRC1 | AU5: =IF(Settings!$E30="","",Settings!$E30) -> PRC2 | AV5: =IF(Settings!$E31="","",Settings!$E31) -> PRC3 | AW5: =IF(Settings!$E32="","",Settings!$E32) -> PRC4 | AX5: TTL | AY5: Q1 | AZ5: Q2 | BA5: Q3 | BB5: Q4 | BC5: TTL | BD5: EX | BE5: EQV
G6: =IF(Settings!I29="","",Settings!I29) -> 100 | H6: =IF(Settings!I30="","",Settings!I30) -> 100 | I6: =IF(Settings!I31="","",Settings!I31) -> 50 | J6: =IF(Settings!I32="","",Settings!I32) | L6: =IF(Settings!I34="","",Settings!I34) -> 100 | M6: =IF(Settings!I35="","",Settings!I35) -> 100 | N6: =IF(Settings!I36="","",Settings!I36) -> 100 | O6: =IF(Settings!I37="","",Settings!I37) | Q6: =IF(Settings!I39="","",Settings!I39) -> 70 | T6: =IF(Settings!M29="","",Settings!M29) -> 50 | U6: =IF(Settings!M30="","",Settings!M30) -> 50 | V6: =IF(Settings!M31="","",Settings!M31) | W6: =IF(Settings!M32="","",Settings!M32) | Y6: =IF(Settings!M34="","",Settings!M34) -> 10 | Z6: =IF(Settings!M35="","",Settings!M35) -> 20 | AA6: =IF(Settings!M36="","",Settings!M36) -> 35 | AB6: =IF(Settings!M37="","",Settings!M37) | AD6: =IF(Settings!M39="","",Settings!M39) -> 70 | AG6: =IF(Settings!Q29="","",Settings!Q29) | AH6: =IF(Settings!Q30="","",Settings!Q30) | AI6: =IF(Settings!Q31="","",Settings!Q31) | AJ6: =IF(Settings!Q32="","",Settings!Q32) | AL6: =IF(Settings!Q34="","",Settings!Q34) | AM6: =IF(Settings!Q35="","",Settings!Q35) | AN6: =IF(Settings!Q36="","",Settings!Q36) | AO6: =IF(Settings!Q37="","",Settings!Q37) | AQ6: =IF(Settings!Q39="","",Settings!Q39) | AT6: =IF(Settings!U29="","",Settings!U29) | AU6: =IF(Settings!U30="","",Settings!U30) | AV6: =IF(Settings!U31="","",Settings!U31) | AW6: =IF(Settings!U32="","",Settings!U32) | AY6: =IF(Settings!U34="","",Settings!U34) | AZ6: =IF(Settings!U35="","",Settings!U35) | BA6: =IF(Settings!U36="","",Settings!U36) | BB6: =IF(Settings!U37="","",Settings!U37) | BD6: =IF(Settings!U39="","",Settings!U39)
D7: Student No. | F7: Student Name | G7: =IF(Settings!H29="","",Settings!H29) | H7: =IF(Settings!H30="","",Settings!H30) | I7: =IF(Settings!H31="","",Settings!H31) | J7: =IF(Settings!H32="","",Settings!H32) | K7: =SUM(G6:J6) -> 250 | L7: =IF(Settings!H34="","",Settings!H34) | M7: =IF(Settings!$H35="","",Settings!$H35) | N7: =IF(Settings!$H36="","",Settings!$H36) | O7: =IF(Settings!H37="","",Settings!H37) | P7: =SUM(L6:O6) -> 300 | Q7: =IF(Settings!H39="","",Settings!H39) -> 46279 | T7: =IF(Settings!L29="","",Settings!L29) | U7: =IF(Settings!L30="","",Settings!L30) | V7: =IF(Settings!L31="","",Settings!L31) | W7: =IF(Settings!L32="","",Settings!L32) | X7: =SUM(T6:W6) -> 100 | Y7: =IF(Settings!L34="","",Settings!L34) | Z7: =IF(Settings!L35="","",Settings!L35) | AA7: =IF(Settings!L36="","",Settings!L36) | AB7: =IF(Settings!L37="","",Settings!L37) | AC7: =SUM(Y6:AB6) -> 65 | AD7: =IF(Settings!L39="","",Settings!L39) | AG7: =IF(Settings!P29="","",Settings!P29) | AH7: =IF(Settings!P30="","",Settings!P30) | AI7: =IF(Settings!P31="","",Settings!P31) | AJ7: =IF(Settings!P32="","",Settings!P32) | AK7: =SUM(AG6:AJ6) -> 0 | AL7: =IF(Settings!P34="","",Settings!P34) | AM7: =IF(Settings!P35="","",Settings!P35) | AN7: =IF(Settings!P36="","",Settings!P36) | AO7: =IF(Settings!P37="","",Settings!P37) | AP7: =SUM(AL6:AO6) -> 0 | AQ7: =IF(Settings!P39="","",Settings!P39) | AT7: =IF(Settings!T29="","",Settings!T29) | AU7: =IF(Settings!T30="","",Settings!T30) | AV7: =IF(Settings!T31="","",Settings!T31) | AW7: =IF(Settings!T32="","",Settings!T32) | AX7: =SUM(AT6:AW6) -> 0 | AY7: =IF(Settings!T34="","",Settings!T34) | AZ7: =IF(Settings!T35="","",Settings!T35) | BA7: =IF(Settings!T36="","",Settings!T36) | BB7: =IF(Settings!T37="","",Settings!T37) | BC7: =SUM(AY6:BB6) -> 0 | BD7: =IF(Settings!T39="","",Settings!T39)
C8: =C7+1 -> 1 | D8: 02000500651 | F8: ADAO,ANGELICA MAE BAAL | G8: 100 | H8: 100 | I8: 48 | K8: =IF(OR(F8="",COUNTA(G8:J8)=0),"", IF(COUNTA(G8:J8,$G$6:$J$6)=0,"", IF(OR( AND($G$6="",G8<>""),AND(ISTEXT($G$6),$G$6<>""),AND(ISTEXT(G8),G8<>""), AND($H$6="",H8<>""),AND(ISTEXT($H$6),$H$6<>""),AND(ISTEXT(H8),H8<>""), AND($I$6="",I8<>""),AND(ISTEXT($I$6),$I$6<>""),AND(ISTEXT(I8),I8<>""), AND($J$6="",J8<>""),AND(ISTEXT($J$6),$J$6<>""),AND(ISTEXT(J8),J8<>"")),"Error", IF(OR( AND(ISNUMBER($G$6),ISNUMBER(G8),G8>$G$6), AND(ISNUMBER($H$6),ISNUMBER(H8),H8>$H$6), AND(ISNUMBER($I$6),ISNUMBER(I8),I8>$I$6), AND(ISNUMBER($J$6),ISNUMBER(J8),J8>$J$6)),"Error", IF(SUM(G8:J8)>$K$7,"Error", SUM(G8:J8)))))) -> 248 | L8: 100 | M8: 100 | N8: 100 | P8: =IF(OR(F8="",COUNTA(L8:O8)=0),"", IF(COUNTA(L8:O8,$L$6:$O$6)=0,"", IF(OR( AND($L$6="",L8<>""),AND(ISTEXT($L$6),$L$6<>""),AND(ISTEXT(L8),L8<>""), AND($M$6="",M8<>""),AND(ISTEXT($M$6),$M$6<>""),AND(ISTEXT(M8),M8<>""), AND($N$6="",N8<>""),AND(ISTEXT($N$6),$N$6<>""),AND(ISTEXT(N8),N8<>""), AND($O$6="",O8<>""),AND(ISTEXT($O$6),$O$6<>""),AND(ISTEXT(O8),O8<>"")),"Error", IF(OR( AND(ISNUMBER($L$6),ISNUMBER(L8),L8>$L$6), AND(ISNUMBER($M$6),ISNUMBER(M8),M8>$M$6), AND(ISNUMBER($N$6),ISNUMBER(N8),N8>$N$6), AND(ISNUMBER($O$6),ISNUMBER(O8),O8>$O$6)),"Error", IF(SUM(L8:O8)>$P$7,"Error", SUM(L8:O8)))))) -> 300 | Q8: 30 | R8: =IF(F8="","", IF(AND(Q8="",$Q$6=""),"", IF($Q$6="","Error", IF(OR(AND(ISTEXT(Q8),Q8<>""),AND(ISTEXT($Q$6),$Q$6<>"")),"Error", IF(AND(ISNUMBER(Q8),ISNUMBER($Q$6),Q8>$Q$6),"Error", IFERROR(IF(Q8="","",(Q8/$Q$6)*100),0)))))) -> 42.857143 | T8: 50 | U8: 50 | X8: =IF(OR(F8="",COUNTA(T8:W8)=0),"", IF(COUNTA(T8:W8,$T$6:$W$6)=0,"", IF(OR( AND($T$6="",T8<>""),AND(ISTEXT($T$6),$T$6<>""),AND(ISTEXT(T8),T8<>""), AND($U$6="",U8<>""),AND(ISTEXT($U$6),$U$6<>""),AND(ISTEXT(U8),U8<>""), AND($V$6="",V8<>""),AND(ISTEXT($V$6),$V$6<>""),AND(ISTEXT(V8),V8<>""), AND($W$6="",W8<>""),AND(ISTEXT($W$6),$W$6<>""),AND(ISTEXT(W8),W8<>"")),"Error", IF(OR( AND(ISNUMBER($T$6),ISNUMBER(T8),T8>$T$6), AND(ISNUMBER($U$6),ISNUMBER(U8),U8>$U$6), AND(ISNUMBER($V$6),ISNUMBER(V8),V8>$V$6), AND(ISNUMBER($W$6),ISNUMBER(W8),W8>$W$6)),"Error", IF(SUM(T8:W8)>$X$7,"Error", SUM(T8:W8)))))) -> 100 | Y8: 5 | Z8: 18 | AA8: 15 | AC8: =IF(OR(F8="",COUNTA(Y8:AB8)=0),"", IF(COUNTA(Y8:AB8,$Y$6:$AB$6)=0,"", IF(OR( AND($Y$6="",Y8<>""),AND(ISTEXT($Y$6),$Y$6<>""),AND(ISTEXT(Y8),Y8<>""), AND($Z$6="",Z8<>""),AND(ISTEXT($Z$6),$Z$6<>""),AND(ISTEXT(Z8),Z8<>""), AND($AA$6="",AA8<>""),AND(ISTEXT($AA$6),$AA$6<>""),AND(ISTEXT(AA8),AA8<>""), AND($AB$6="",AB8<>""),AND(ISTEXT($AB$6),$AB$6<>""),AND(ISTEXT(AB8),AB8<>"")),"Error", IF(OR( AND(ISNUMBER($Y$6),ISNUMBER(Y8),Y8>$Y$6), AND(ISNUMBER($Z$6),ISNUMBER(Z8),Z8>$Z$6), AND(ISNUMBER($AA$6),ISNUMBER(AA8),AA8>$AA$6), AND(ISNUMBER($AB$6),ISNUMBER(AB8),AB8>$AB$6)),"Error", IF(SUM(Y8:AB8)>$AC$7,"Error", SUM(Y8:AB8)))))) -> 38 | AD8: 34 | AE8: =IF(F8="","", IF(AND(AD8="",$AD$6=""),"", IF($AD$6="","Error", IF(OR(AND(ISTEXT(AD8),AD8<>""),AND(ISTEXT($AD$6),$AD$6<>"")),"Error", IF(AND(ISNUMBER(AD8),ISNUMBER($AD$6),AD8>$AD$6),"Error", IFERROR(IF(AD8="","",(AD8/$AD$6)*100),0)))))) -> 48.571429 | AK8: =IF(OR(F8="",COUNTA(AG8:AJ8)=0),"", IF(COUNTA(AG8:AJ8,$AG$6:$AJ$6)=0,"", IF(OR( AND($AG$6="",AG8<>""),AND(ISTEXT($AG$6),$AG$6<>""),AND(ISTEXT(AG8),AG8<>""), AND($AH$6="",AH8<>""),AND(ISTEXT($AH$6),$AH$6<>""),AND(ISTEXT(AH8),AH8<>""), AND($AI$6="",AI8<>""),AND(ISTEXT($AI$6),$AI$6<>""),AND(ISTEXT(AI8),AI8<>""), AND($AJ$6="",AJ8<>""),AND(ISTEXT($AJ$6),$AJ$6<>""),AND(ISTEXT(AJ8),AJ8<>"")),"Error", IF(OR( AND(ISNUMBER($AG$6),ISNUMBER(AG8),AG8>$AG$6), AND(ISNUMBER($AH$6),ISNUMBER(AH8),AH8>$AH$6), AND(ISNUMBER($AI$6),ISNUMBER(AI8),AI8>$AI$6), AND(ISNUMBER($AJ$6),ISNUMBER(AJ8),AJ8>$AJ$6)),"Error", IF(SUM(AG8:AJ8)>$AK$7,"Error", SUM(AG8:AJ8)))))) | AP8: =IF(OR(F8="",COUNTA(AL8:AO8)=0),"", IF(COUNTA(AL8:AO8,$AL$6:$AO$6)=0,"", IF(OR( AND($AL$6="",AL8<>""),AND(ISTEXT($AL$6),$AL$6<>""),AND(ISTEXT(AL8),AL8<>""), AND($AM$6="",AM8<>""),AND(ISTEXT($AM$6),$AM$6<>""),AND(ISTEXT(AM8),AM8<>""), AND($AN$6="",AN8<>""),AND(ISTEXT($AN$6),$AN$6<>""),AND(ISTEXT(AN8),AN8<>""), AND($AO$6="",AO8<>""),AND(ISTEXT($AO$6),$AO$6<>""),AND(ISTEXT(AO8),AO8<>"")),"Error", IF(OR( AND(ISNUMBER($AL$6),ISNUMBER(AL8),AL8>$AL$6), AND(ISNUMBER($AM$6),ISNUMBER(AM8),AM8>$AM$6), AND(ISNUMBER($AN$6),ISNUMBER(AN8),AN8>$AN$6), AND(ISNUMBER($AO$6),ISNUMBER(AO8),AO8>$AO$6)),"Error", IF(SUM(AL8:AO8)>$AP$7,"Error", SUM(AL8:AO8)))))) | AR8: =IF(F8="","", IF(AND(AQ8="",$AQ$6=""),"", IF($AQ$6="","Error", IF(OR(AND(ISTEXT(AQ8),AQ8<>""),AND(ISTEXT($AQ$6),$AQ$6<>"")),"Error", IF(AND(ISNUMBER(AQ8),ISNUMBER($AQ$6),AD8>$AQ$6),"Error", IFERROR(IF(AQ8="","",(AQ8/$AQ$6)*100),0)))))) | AX8: =IF(OR(F8="",COUNTA(AT8:AW8)=0),"", IF(COUNTA(AT8:AW8,$AT$6:$AW$6)=0,"", IF(OR( AND($AT$6="",AT8<>""),AND(ISTEXT($AT$6),$AT$6<>""),AND(ISTEXT(AT8),AT8<>""), AND($AU$6="",AU8<>""),AND(ISTEXT($AU$6),$AU$6<>""),AND(ISTEXT(AU8),AU8<>""), AND($AV$6="",AV8<>""),AND(ISTEXT($AV$6),$AV$6<>""),AND(ISTEXT(AV8),AV8<>""), AND($AW$6="",AW8<>""),AND(ISTEXT($AW$6),$AW$6<>""),AND(ISTEXT(AW8),AW8<>"")),"Error", IF(OR( AND(ISNUMBER($AT$6),ISNUMBER(AT8),AT8>$AT$6), AND(ISNUMBER($AU$6),ISNUMBER(AU8),AU8>$AU$6), AND(ISNUMBER($AV$6),ISNUMBER(AV8),AV8>$AV$6), AND(ISNUMBER($AW$6),ISNUMBER(AW8),AW8>$AW$6)),"Error", IF(SUM(AT8:AW8)>$AX$7,"Error", SUM(AT8:AW8)))))) | BC8: =IF(OR(F8="",COUNTA(AY8:BB8)=0),"", IF(COUNTA(AY8:BB8,$AY$6:$BB$6)=0,"", IF(OR( AND($AY$6="",AY8<>""),AND(ISTEXT($AY$6),$AY$6<>""),AND(ISTEXT(AY8),AY8<>""), AND($AZ$6="",AZ8<>""),AND(ISTEXT($AZ$6),$AZ$6<>""),AND(ISTEXT(AZ8),AZ8<>""), AND($BA$6="",BA8<>""),AND(ISTEXT($BA$6),$BA$6<>""),AND(ISTEXT(BA8),BA8<>""), AND($BB$6="",BB8<>""),AND(ISTEXT($BB$6),$BB$6<>""),AND(ISTEXT(BB8),BB8<>"")),"Error", IF(OR( AND(ISNUMBER($AY$6),ISNUMBER(AY8),AY8>$AY$6), AND(ISNUMBER($AZ$6),ISNUMBER(AZ8),AZ8>$AZ$6), AND(ISNUMBER($BA$6),ISNUMBER(BA8),BA8>$BA$6), AND(ISNUMBER($BB$6),ISNUMBER(BB8),BB8>$BB$6)),"Error", IF(SUM(AY8:BB8)>$BC$7,"Error", SUM(AY8:BB8)))))) | BE8: =IF(F8="","", IF(AND(BD8="",$BD$6=""),"", IF($BD$6="","Error", IF(OR(AND(ISTEXT(BD8),BD8<>""),AND(ISTEXT($BD$6),$BD$6<>"")),"Error", IF(AND(ISNUMBER(BD8),ISNUMBER($BD$6),BD8>$BD$6),"Error", IFERROR(IF(BD8="","",(BD8/$BD$6)*100),0))))))
C9: =C8+1 -> 2 | D9: 02000508012 | F9: AMELANO,EUNICE MAE LUMBRE | G9: 98 | H9: 98 | I9: 47 | K9: =IF(OR(F9="",COUNTA(G9:J9)=0),"", IF(COUNTA(G9:J9,$G$6:$J$6)=0,"", IF(OR( AND($G$6="",G9<>""),AND(ISTEXT($G$6),$G$6<>""),AND(ISTEXT(G9),G9<>""), AND($H$6="",H9<>""),AND(ISTEXT($H$6),$H$6<>""),AND(ISTEXT(H9),H9<>""), AND($I$6="",I9<>""),AND(ISTEXT($I$6),$I$6<>""),AND(ISTEXT(I9),I9<>""), AND($J$6="",J9<>""),AND(ISTEXT($J$6),$J$6<>""),AND(ISTEXT(J9),J9<>"")),"Error", IF(OR( AND(ISNUMBER($G$6),ISNUMBER(G9),G9>$G$6), AND(ISNUMBER($H$6),ISNUMBER(H9),H9>$H$6), AND(ISNUMBER($I$6),ISNUMBER(I9),I9>$I$6), AND(ISNUMBER($J$6),ISNUMBER(J9),J9>$J$6)),"Error", IF(SUM(G9:J9)>$K$7,"Error", SUM(G9:J9)))))) -> 243 | L9: 98 | M9: 98 | N9: 98 | P9: =IF(OR(F9="",COUNTA(L9:O9)=0),"", IF(COUNTA(L9:O9,$L$6:$O$6)=0,"", IF(OR( AND($L$6="",L9<>""),AND(ISTEXT($L$6),$L$6<>""),AND(ISTEXT(L9),L9<>""), AND($M$6="",M9<>""),AND(ISTEXT($M$6),$M$6<>""),AND(ISTEXT(M9),M9<>""), AND($N$6="",N9<>""),AND(ISTEXT($N$6),$N$6<>""),AND(ISTEXT(N9),N9<>""), AND($O$6="",O9<>""),AND(ISTEXT($O$6),$O$6<>""),AND(ISTEXT(O9),O9<>"")),"Error", IF(OR( AND(ISNUMBER($L$6),ISNUMBER(L9),L9>$L$6), AND(ISNUMBER($M$6),ISNUMBER(M9),M9>$M$6), AND(ISNUMBER($N$6),ISNUMBER(N9),N9>$N$6), AND(ISNUMBER($O$6),ISNUMBER(O9),O9>$O$6)),"Error", IF(SUM(L9:O9)>$P$7,"Error", SUM(L9:O9)))))) -> 294 | Q9: 58 | R9: =IF(F9="","", IF(AND(Q9="",$Q$6=""),"", IF($Q$6="","Error", IF(OR(AND(ISTEXT(Q9),Q9<>""),AND(ISTEXT($Q$6),$Q$6<>"")),"Error", IF(AND(ISNUMBER(Q9),ISNUMBER($Q$6),Q9>$Q$6),"Error", IFERROR(IF(Q9="","",(Q9/$Q$6)*100),0)))))) -> 82.857143 | T9: 50 | U9: 50 | X9: =IF(OR(F9="",COUNTA(T9:W9)=0),"", IF(COUNTA(T9:W9,$T$6:$W$6)=0,"", IF(OR( AND($T$6="",T9<>""),AND(ISTEXT($T$6),$T$6<>""),AND(ISTEXT(T9),T9<>""), AND($U$6="",U9<>""),AND(ISTEXT($U$6),$U$6<>""),AND(ISTEXT(U9),U9<>""), AND($V$6="",V9<>""),AND(ISTEXT($V$6),$V$6<>""),AND(ISTEXT(V9),V9<>""), AND($W$6="",W9<>""),AND(ISTEXT($W$6),$W$6<>""),AND(ISTEXT(W9),W9<>"")),"Error", IF(OR( AND(ISNUMBER($T$6),ISNUMBER(T9),T9>$T$6), AND(ISNUMBER($U$6),ISNUMBER(U9),U9>$U$6), AND(ISNUMBER($V$6),ISNUMBER(V9),V9>$V$6), AND(ISNUMBER($W$6),ISNUMBER(W9),W9>$W$6)),"Error", IF(SUM(T9:W9)>$X$7,"Error", SUM(T9:W9)))))) -> 100 | Y9: 8 | Z9: 18 | AA9: 26 | AC9: =IF(OR(F9="",COUNTA(Y9:AB9)=0),"", IF(COUNTA(Y9:AB9,$Y$6:$AB$6)=0,"", IF(OR( AND($Y$6="",Y9<>""),AND(ISTEXT($Y$6),$Y$6<>""),AND(ISTEXT(Y9),Y9<>""), AND($Z$6="",Z9<>""),AND(ISTEXT($Z$6),$Z$6<>""),AND(ISTEXT(Z9),Z9<>""), AND($AA$6="",AA9<>""),AND(ISTEXT($AA$6),$AA$6<>""),AND(ISTEXT(AA9),AA9<>""), AND($AB$6="",AB9<>""),AND(ISTEXT($AB$6),$AB$6<>""),AND(ISTEXT(AB9),AB9<>"")),"Error", IF(OR( AND(ISNUMBER($Y$6),ISNUMBER(Y9),Y9>$Y$6), AND(ISNUMBER($Z$6),ISNUMBER(Z9),Z9>$Z$6), AND(ISNUMBER($AA$6),ISNUMBER(AA9),AA9>$AA$6), AND(ISNUMBER($AB$6),ISNUMBER(AB9),AB9>$AB$6)),"Error", IF(SUM(Y9:AB9)>$AC$7,"Error", SUM(Y9:AB9)))))) -> 52 | AD9: 48 | AE9: =IF(F9="","", IF(AND(AD9="",$AD$6=""),"", IF($AD$6="","Error", IF(OR(AND(ISTEXT(AD9),AD9<>""),AND(ISTEXT($AD$6),$AD$6<>"")),"Error", IF(AND(ISNUMBER(AD9),ISNUMBER($AD$6),AD9>$AD$6),"Error", IFERROR(IF(AD9="","",(AD9/$AD$6)*100),0)))))) -> 68.571429 | AK9: =IF(OR(F9="",COUNTA(AG9:AJ9)=0),"", IF(COUNTA(AG9:AJ9,$AG$6:$AJ$6)=0,"", IF(OR( AND($AG$6="",AG9<>""),AND(ISTEXT($AG$6),$AG$6<>""),AND(ISTEXT(AG9),AG9<>""), AND($AH$6="",AH9<>""),AND(ISTEXT($AH$6),$AH$6<>""),AND(ISTEXT(AH9),AH9<>""), AND($AI$6="",AI9<>""),AND(ISTEXT($AI$6),$AI$6<>""),AND(ISTEXT(AI9),AI9<>""), AND($AJ$6="",AJ9<>""),AND(ISTEXT($AJ$6),$AJ$6<>""),AND(ISTEXT(AJ9),AJ9<>"")),"Error", IF(OR( AND(ISNUMBER($AG$6),ISNUMBER(AG9),AG9>$AG$6), AND(ISNUMBER($AH$6),ISNUMBER(AH9),AH9>$AH$6), AND(ISNUMBER($AI$6),ISNUMBER(AI9),AI9>$AI$6), AND(ISNUMBER($AJ$6),ISNUMBER(AJ9),AJ9>$AJ$6)),"Error", IF(SUM(AG9:AJ9)>$AK$7,"Error", SUM(AG9:AJ9)))))) | AP9: =IF(OR(F9="",COUNTA(AL9:AO9)=0),"", IF(COUNTA(AL9:AO9,$AL$6:$AO$6)=0,"", IF(OR( AND($AL$6="",AL9<>""),AND(ISTEXT($AL$6),$AL$6<>""),AND(ISTEXT(AL9),AL9<>""), AND($AM$6="",AM9<>""),AND(ISTEXT($AM$6),$AM$6<>""),AND(ISTEXT(AM9),AM9<>""), AND($AN$6="",AN9<>""),AND(ISTEXT($AN$6),$AN$6<>""),AND(ISTEXT(AN9),AN9<>""), AND($AO$6="",AO9<>""),AND(ISTEXT($AO$6),$AO$6<>""),AND(ISTEXT(AO9),AO9<>"")),"Error", IF(OR( AND(ISNUMBER($AL$6),ISNUMBER(AL9),AL9>$AL$6), AND(ISNUMBER($AM$6),ISNUMBER(AM9),AM9>$AM$6), AND(ISNUMBER($AN$6),ISNUMBER(AN9),AN9>$AN$6), AND(ISNUMBER($AO$6),ISNUMBER(AO9),AO9>$AO$6)),"Error", IF(SUM(AL9:AO9)>$AP$7,"Error", SUM(AL9:AO9)))))) | AR9: =IF(F9="","", IF(AND(AQ9="",$AQ$6=""),"", IF($AQ$6="","Error", IF(OR(AND(ISTEXT(AQ9),AQ9<>""),AND(ISTEXT($AQ$6),$AQ$6<>"")),"Error", IF(AND(ISNUMBER(AQ9),ISNUMBER($AQ$6),AD9>$AQ$6),"Error", IFERROR(IF(AQ9="","",(AQ9/$AQ$6)*100),0)))))) | AX9: =IF(OR(F9="",COUNTA(AT9:AW9)=0),"", IF(COUNTA(AT9:AW9,$AT$6:$AW$6)=0,"", IF(OR( AND($AT$6="",AT9<>""),AND(ISTEXT($AT$6),$AT$6<>""),AND(ISTEXT(AT9),AT9<>""), AND($AU$6="",AU9<>""),AND(ISTEXT($AU$6),$AU$6<>""),AND(ISTEXT(AU9),AU9<>""), AND($AV$6="",AV9<>""),AND(ISTEXT($AV$6),$AV$6<>""),AND(ISTEXT(AV9),AV9<>""), AND($AW$6="",AW9<>""),AND(ISTEXT($AW$6),$AW$6<>""),AND(ISTEXT(AW9),AW9<>"")),"Error", IF(OR( AND(ISNUMBER($AT$6),ISNUMBER(AT9),AT9>$AT$6), AND(ISNUMBER($AU$6),ISNUMBER(AU9),AU9>$AU$6), AND(ISNUMBER($AV$6),ISNUMBER(AV9),AV9>$AV$6), AND(ISNUMBER($AW$6),ISNUMBER(AW9),AW9>$AW$6)),"Error", IF(SUM(AT9:AW9)>$AX$7,"Error", SUM(AT9:AW9)))))) | BC9: =IF(OR(F9="",COUNTA(AY9:BB9)=0),"", IF(COUNTA(AY9:BB9,$AY$6:$BB$6)=0,"", IF(OR( AND($AY$6="",AY9<>""),AND(ISTEXT($AY$6),$AY$6<>""),AND(ISTEXT(AY9),AY9<>""), AND($AZ$6="",AZ9<>""),AND(ISTEXT($AZ$6),$AZ$6<>""),AND(ISTEXT(AZ9),AZ9<>""), AND($BA$6="",BA9<>""),AND(ISTEXT($BA$6),$BA$6<>""),AND(ISTEXT(BA9),BA9<>""), AND($BB$6="",BB9<>""),AND(ISTEXT($BB$6),$BB$6<>""),AND(ISTEXT(BB9),BB9<>"")),"Error", IF(OR( AND(ISNUMBER($AY$6),ISNUMBER(AY9),AY9>$AY$6), AND(ISNUMBER($AZ$6),ISNUMBER(AZ9),AZ9>$AZ$6), AND(ISNUMBER($BA$6),ISNUMBER(BA9),BA9>$BA$6), AND(ISNUMBER($BB$6),ISNUMBER(BB9),BB9>$BB$6)),"Error", IF(SUM(AY9:BB9)>$BC$7,"Error", SUM(AY9:BB9)))))) | BE9: =IF(F9="","", IF(AND(BD9="",$BD$6=""),"", IF($BD$6="","Error", IF(OR(AND(ISTEXT(BD9),BD9<>""),AND(ISTEXT($BD$6),$BD$6<>"")),"Error", IF(AND(ISNUMBER(BD9),ISNUMBER($BD$6),BD9>$BD$6),"Error", IFERROR(IF(BD9="","",(BD9/$BD$6)*100),0))))))
C10: =C9+1 -> 3 | D10: 02000510545 | F10: ANDAYA,RICO BRON | G10: 100 | H10: 100 | I10: 48 | K10: =IF(OR(F10="",COUNTA(G10:J10)=0),"", IF(COUNTA(G10:J10,$G$6:$J$6)=0,"", IF(OR( AND($G$6="",G10<>""),AND(ISTEXT($G$6),$G$6<>""),AND(ISTEXT(G10),G10<>""), AND($H$6="",H10<>""),AND(ISTEXT($H$6),$H$6<>""),AND(ISTEXT(H10),H10<>""), AND($I$6="",I10<>""),AND(ISTEXT($I$6),$I$6<>""),AND(ISTEXT(I10),I10<>""), AND($J$6="",J10<>""),AND(ISTEXT($J$6),$J$6<>""),AND(ISTEXT(J10),J10<>"")),"Error", IF(OR( AND(ISNUMBER($G$6),ISNUMBER(G10),G10>$G$6), AND(ISNUMBER($H$6),ISNUMBER(H10),H10>$H$6), AND(ISNUMBER($I$6),ISNUMBER(I10),I10>$I$6), AND(ISNUMBER($J$6),ISNUMBER(J10),J10>$J$6)),"Error", IF(SUM(G10:J10)>$K$7,"Error", SUM(G10:J10)))))) -> 248 | L10: 100 | M10: 100 | N10: 100 | P10: =IF(OR(F10="",COUNTA(L10:O10)=0),"", IF(COUNTA(L10:O10,$L$6:$O$6)=0,"", IF(OR( AND($L$6="",L10<>""),AND(ISTEXT($L$6),$L$6<>""),AND(ISTEXT(L10),L10<>""), AND($M$6="",M10<>""),AND(ISTEXT($M$6),$M$6<>""),AND(ISTEXT(M10),M10<>""), AND($N$6="",N10<>""),AND(ISTEXT($N$6),$N$6<>""),AND(ISTEXT(N10),N10<>""), AND($O$6="",O10<>""),AND(ISTEXT($O$6),$O$6<>""),AND(ISTEXT(O10),O10<>"")),"Error", IF(OR( AND(ISNUMBER($L$6),ISNUMBER(L10),L10>$L$6), AND(ISNUMBER($M$6),ISNUMBER(M10),M10>$M$6), AND(ISNUMBER($N$6),ISNUMBER(N10),N10>$N$6), AND(ISNUMBER($O$6),ISNUMBER(O10),O10>$O$6)),"Error", IF(SUM(L10:O10)>$P$7,"Error", SUM(L10:O10)))))) -> 300 | Q10: 46 | R10: =IF(F10="","", IF(AND(Q10="",$Q$6=""),"", IF($Q$6="","Error", IF(OR(AND(ISTEXT(Q10),Q10<>""),AND(ISTEXT($Q$6),$Q$6<>"")),"Error", IF(AND(ISNUMBER(Q10),ISNUMBER($Q$6),Q10>$Q$6),"Error", IFERROR(IF(Q10="","",(Q10/$Q$6)*100),0)))))) -> 65.714286 | T10: 45 | U10: 50 | X10: =IF(OR(F10="",COUNTA(T10:W10)=0),"", IF(COUNTA(T10:W10,$T$6:$W$6)=0,"", IF(OR( AND($T$6="",T10<>""),AND(ISTEXT($T$6),$T$6<>""),AND(ISTEXT(T10),T10<>""), AND($U$6="",U10<>""),AND(ISTEXT($U$6),$U$6<>""),AND(ISTEXT(U10),U10<>""), AND($V$6="",V10<>""),AND(ISTEXT($V$6),$V$6<>""),AND(ISTEXT(V10),V10<>""), AND($W$6="",W10<>""),AND(ISTEXT($W$6),$W$6<>""),AND(ISTEXT(W10),W10<>"")),"Error", IF(OR( AND(ISNUMBER($T$6),ISNUMBER(T10),T10>$T$6), AND(ISNUMBER($U$6),ISNUMBER(U10),U10>$U$6), AND(ISNUMBER($V$6),ISNUMBER(V10),V10>$V$6), AND(ISNUMBER($W$6),ISNUMBER(W10),W10>$W$6)),"Error", IF(SUM(T10:W10)>$X$7,"Error", SUM(T10:W10)))))) -> 95 | Y10: 0 | Z10: 19 | AA10: 14 | AC10: =IF(OR(F10="",COUNTA(Y10:AB10)=0),"", IF(COUNTA(Y10:AB10,$Y$6:$AB$6)=0,"", IF(OR( AND($Y$6="",Y10<>""),AND(ISTEXT($Y$6),$Y$6<>""),AND(ISTEXT(Y10),Y10<>""), AND($Z$6="",Z10<>""),AND(ISTEXT($Z$6),$Z$6<>""),AND(ISTEXT(Z10),Z10<>""), AND($AA$6="",AA10<>""),AND(ISTEXT($AA$6),$AA$6<>""),AND(ISTEXT(AA10),AA10<>""), AND($AB$6="",AB10<>""),AND(ISTEXT($AB$6),$AB$6<>""),AND(ISTEXT(AB10),AB10<>"")),"Error", IF(OR( AND(ISNUMBER($Y$6),ISNUMBER(Y10),Y10>$Y$6), AND(ISNUMBER($Z$6),ISNUMBER(Z10),Z10>$Z$6), AND(ISNUMBER($AA$6),ISNUMBER(AA10),AA10>$AA$6), AND(ISNUMBER($AB$6),ISNUMBER(AB10),AB10>$AB$6)),"Error", IF(SUM(Y10:AB10)>$AC$7,"Error", SUM(Y10:AB10)))))) -> 33 | AD10: 44 | AE10: =IF(F10="","", IF(AND(AD10="",$AD$6=""),"", IF($AD$6="","Error", IF(OR(AND(ISTEXT(AD10),AD10<>""),AND(ISTEXT($AD$6),$AD$6<>"")),"Error", IF(AND(ISNUMBER(AD10),ISNUMBER($AD$6),AD10>$AD$6),"Error", IFERROR(IF(AD10="","",(AD10/$AD$6)*100),0)))))) -> 62.857143 | AK10: =IF(OR(F10="",COUNTA(AG10:AJ10)=0),"", IF(COUNTA(AG10:AJ10,$AG$6:$AJ$6)=0,"", IF(OR( AND($AG$6="",AG10<>""),AND(ISTEXT($AG$6),$AG$6<>""),AND(ISTEXT(AG10),AG10<>""), AND($AH$6="",AH10<>""),AND(ISTEXT($AH$6),$AH$6<>""),AND(ISTEXT(AH10),AH10<>""), AND($AI$6="",AI10<>""),AND(ISTEXT($AI$6),$AI$6<>""),AND(ISTEXT(AI10),AI10<>""), AND($AJ$6="",AJ10<>""),AND(ISTEXT($AJ$6),$AJ$6<>""),AND(ISTEXT(AJ10),AJ10<>"")),"Error", IF(OR( AND(ISNUMBER($AG$6),ISNUMBER(AG10),AG10>$AG$6), AND(ISNUMBER($AH$6),ISNUMBER(AH10),AH10>$AH$6), AND(ISNUMBER($AI$6),ISNUMBER(AI10),AI10>$AI$6), AND(ISNUMBER($AJ$6),ISNUMBER(AJ10),AJ10>$AJ$6)),"Error", IF(SUM(AG10:AJ10)>$AK$7,"Error", SUM(AG10:AJ10)))))) | AP10: =IF(OR(F10="",COUNTA(AL10:AO10)=0),"", IF(COUNTA(AL10:AO10,$AL$6:$AO$6)=0,"", IF(OR( AND($AL$6="",AL10<>""),AND(ISTEXT($AL$6),$AL$6<>""),AND(ISTEXT(AL10),AL10<>""), AND($AM$6="",AM10<>""),AND(ISTEXT($AM$6),$AM$6<>""),AND(ISTEXT(AM10),AM10<>""), AND($AN$6="",AN10<>""),AND(ISTEXT($AN$6),$AN$6<>""),AND(ISTEXT(AN10),AN10<>""), AND($AO$6="",AO10<>""),AND(ISTEXT($AO$6),$AO$6<>""),AND(ISTEXT(AO10),AO10<>"")),"Error", IF(OR( AND(ISNUMBER($AL$6),ISNUMBER(AL10),AL10>$AL$6), AND(ISNUMBER($AM$6),ISNUMBER(AM10),AM10>$AM$6), AND(ISNUMBER($AN$6),ISNUMBER(AN10),AN10>$AN$6), AND(ISNUMBER($AO$6),ISNUMBER(AO10),AO10>$AO$6)),"Error", IF(SUM(AL10:AO10)>$AP$7,"Error", SUM(AL10:AO10)))))) | AR10: =IF(F10="","", IF(AND(AQ10="",$AQ$6=""),"", IF($AQ$6="","Error", IF(OR(AND(ISTEXT(AQ10),AQ10<>""),AND(ISTEXT($AQ$6),$AQ$6<>"")),"Error", IF(AND(ISNUMBER(AQ10),ISNUMBER($AQ$6),AD10>$AQ$6),"Error", IFERROR(IF(AQ10="","",(AQ10/$AQ$6)*100),0)))))) | AX10: =IF(OR(F10="",COUNTA(AT10:AW10)=0),"", IF(COUNTA(AT10:AW10,$AT$6:$AW$6)=0,"", IF(OR( AND($AT$6="",AT10<>""),AND(ISTEXT($AT$6),$AT$6<>""),AND(ISTEXT(AT10),AT10<>""), AND($AU$6="",AU10<>""),AND(ISTEXT($AU$6),$AU$6<>""),AND(ISTEXT(AU10),AU10<>""), AND($AV$6="",AV10<>""),AND(ISTEXT($AV$6),$AV$6<>""),AND(ISTEXT(AV10),AV10<>""), AND($AW$6="",AW10<>""),AND(ISTEXT($AW$6),$AW$6<>""),AND(ISTEXT(AW10),AW10<>"")),"Error", IF(OR( AND(ISNUMBER($AT$6),ISNUMBER(AT10),AT10>$AT$6), AND(ISNUMBER($AU$6),ISNUMBER(AU10),AU10>$AU$6), AND(ISNUMBER($AV$6),ISNUMBER(AV10),AV10>$AV$6), AND(ISNUMBER($AW$6),ISNUMBER(AW10),AW10>$AW$6)),"Error", IF(SUM(AT10:AW10)>$AX$7,"Error", SUM(AT10:AW10)))))) | BC10: =IF(OR(F10="",COUNTA(AY10:BB10)=0),"", IF(COUNTA(AY10:BB10,$AY$6:$BB$6)=0,"", IF(OR( AND($AY$6="",AY10<>""),AND(ISTEXT($AY$6),$AY$6<>""),AND(ISTEXT(AY10),AY10<>""), AND($AZ$6="",AZ10<>""),AND(ISTEXT($AZ$6),$AZ$6<>""),AND(ISTEXT(AZ10),AZ10<>""), AND($BA$6="",BA10<>""),AND(ISTEXT($BA$6),$BA$6<>""),AND(ISTEXT(BA10),BA10<>""), AND($BB$6="",BB10<>""),AND(ISTEXT($BB$6),$BB$6<>""),AND(ISTEXT(BB10),BB10<>"")),"Error", IF(OR( AND(ISNUMBER($AY$6),ISNUMBER(AY10),AY10>$AY$6), AND(ISNUMBER($AZ$6),ISNUMBER(AZ10),AZ10>$AZ$6), AND(ISNUMBER($BA$6),ISNUMBER(BA10),BA10>$BA$6), AND(ISNUMBER($BB$6),ISNUMBER(BB10),BB10>$BB$6)),"Error", IF(SUM(AY10:BB10)>$BC$7,"Error", SUM(AY10:BB10)))))) | BE10: =IF(F10="","", IF(AND(BD10="",$BD$6=""),"", IF($BD$6="","Error", IF(OR(AND(ISTEXT(BD10),BD10<>""),AND(ISTEXT($BD$6),$BD$6<>"")),"Error", IF(AND(ISNUMBER(BD10),ISNUMBER($BD$6),BD10>$BD$6),"Error", IFERROR(IF(BD10="","",(BD10/$BD$6)*100),0))))))
C11: =C10+1 -> 4 | D11: 02000500688 | F11: AREJOLA,JESSICA SELPO | G11: 100 | H11: 100 | I11: 48 | K11: =IF(OR(F11="",COUNTA(G11:J11)=0),"", IF(COUNTA(G11:J11,$G$6:$J$6)=0,"", IF(OR( AND($G$6="",G11<>""),AND(ISTEXT($G$6),$G$6<>""),AND(ISTEXT(G11),G11<>""), AND($H$6="",H11<>""),AND(ISTEXT($H$6),$H$6<>""),AND(ISTEXT(H11),H11<>""), AND($I$6="",I11<>""),AND(ISTEXT($I$6),$I$6<>""),AND(ISTEXT(I11),I11<>""), AND($J$6="",J11<>""),AND(ISTEXT($J$6),$J$6<>""),AND(ISTEXT(J11),J11<>"")),"Error", IF(OR( AND(ISNUMBER($G$6),ISNUMBER(G11),G11>$G$6), AND(ISNUMBER($H$6),ISNUMBER(H11),H11>$H$6), AND(ISNUMBER($I$6),ISNUMBER(I11),I11>$I$6), AND(ISNUMBER($J$6),ISNUMBER(J11),J11>$J$6)),"Error", IF(SUM(G11:J11)>$K$7,"Error", SUM(G11:J11)))))) -> 248 | L11: 100 | M11: 100 | N11: 100 | P11: =IF(OR(F11="",COUNTA(L11:O11)=0),"", IF(COUNTA(L11:O11,$L$6:$O$6)=0,"", IF(OR( AND($L$6="",L11<>""),AND(ISTEXT($L$6),$L$6<>""),AND(ISTEXT(L11),L11<>""), AND($M$6="",M11<>""),AND(ISTEXT($M$6),$M$6<>""),AND(ISTEXT(M11),M11<>""), AND($N$6="",N11<>""),AND(ISTEXT($N$6),$N$6<>""),AND(ISTEXT(N11),N11<>""), AND($O$6="",O11<>""),AND(ISTEXT($O$6),$O$6<>""),AND(ISTEXT(O11),O11<>"")),"Error", IF(OR( AND(ISNUMBER($L$6),ISNUMBER(L11),L11>$L$6), AND(ISNUMBER($M$6),ISNUMBER(M11),M11>$M$6), AND(ISNUMBER($N$6),ISNUMBER(N11),N11>$N$6), AND(ISNUMBER($O$6),ISNUMBER(O11),O11>$O$6)),"Error", IF(SUM(L11:O11)>$P$7,"Error", SUM(L11:O11)))))) -> 300 | Q11: 24 | R11: =IF(F11="","", IF(AND(Q11="",$Q$6=""),"", IF($Q$6="","Error", IF(OR(AND(ISTEXT(Q11),Q11<>""),AND(ISTEXT($Q$6),$Q$6<>"")),"Error", IF(AND(ISNUMBER(Q11),ISNUMBER($Q$6),Q11>$Q$6),"Error", IFERROR(IF(Q11="","",(Q11/$Q$6)*100),0)))))) -> 34.285714 | T11: 0 | U11: 50 | X11: =IF(OR(F11="",COUNTA(T11:W11)=0),"", IF(COUNTA(T11:W11,$T$6:$W$6)=0,"", IF(OR( AND($T$6="",T11<>""),AND(ISTEXT($T$6),$T$6<>""),AND(ISTEXT(T11),T11<>""), AND($U$6="",U11<>""),AND(ISTEXT($U$6),$U$6<>""),AND(ISTEXT(U11),U11<>""), AND($V$6="",V11<>""),AND(ISTEXT($V$6),$V$6<>""),AND(ISTEXT(V11),V11<>""), AND($W$6="",W11<>""),AND(ISTEXT($W$6),$W$6<>""),AND(ISTEXT(W11),W11<>"")),"Error", IF(OR( AND(ISNUMBER($T$6),ISNUMBER(T11),T11>$T$6), AND(ISNUMBER($U$6),ISNUMBER(U11),U11>$U$6), AND(ISNUMBER($V$6),ISNUMBER(V11),V11>$V$6), AND(ISNUMBER($W$6),ISNUMBER(W11),W11>$W$6)),"Error", IF(SUM(T11:W11)>$X$7,"Error", SUM(T11:W11)))))) -> 50 | Y11: 4 | Z11: 0 | AA11: 9 | AC11: =IF(OR(F11="",COUNTA(Y11:AB11)=0),"", IF(COUNTA(Y11:AB11,$Y$6:$AB$6)=0,"", IF(OR( AND($Y$6="",Y11<>""),AND(ISTEXT($Y$6),$Y$6<>""),AND(ISTEXT(Y11),Y11<>""), AND($Z$6="",Z11<>""),AND(ISTEXT($Z$6),$Z$6<>""),AND(ISTEXT(Z11),Z11<>""), AND($AA$6="",AA11<>""),AND(ISTEXT($AA$6),$AA$6<>""),AND(ISTEXT(AA11),AA11<>""), AND($AB$6="",AB11<>""),AND(ISTEXT($AB$6),$AB$6<>""),AND(ISTEXT(AB11),AB11<>"")),"Error", IF(OR( AND(ISNUMBER($Y$6),ISNUMBER(Y11),Y11>$Y$6), AND(ISNUMBER($Z$6),ISNUMBER(Z11),Z11>$Z$6), AND(ISNUMBER($AA$6),ISNUMBER(AA11),AA11>$AA$6), AND(ISNUMBER($AB$6),ISNUMBER(AB11),AB11>$AB$6)),"Error", IF(SUM(Y11:AB11)>$AC$7,"Error", SUM(Y11:AB11)))))) -> 13 | AD11: 20 | AE11: =IF(F11="","", IF(AND(AD11="",$AD$6=""),"", IF($AD$6="","Error", IF(OR(AND(ISTEXT(AD11),AD11<>""),AND(ISTEXT($AD$6),$AD$6<>"")),"Error", IF(AND(ISNUMBER(AD11),ISNUMBER($AD$6),AD11>$AD$6),"Error", IFERROR(IF(AD11="","",(AD11/$AD$6)*100),0)))))) -> 28.571429 | AK11: =IF(OR(F11="",COUNTA(AG11:AJ11)=0),"", IF(COUNTA(AG11:AJ11,$AG$6:$AJ$6)=0,"", IF(OR( AND($AG$6="",AG11<>""),AND(ISTEXT($AG$6),$AG$6<>""),AND(ISTEXT(AG11),AG11<>""), AND($AH$6="",AH11<>""),AND(ISTEXT($AH$6),$AH$6<>""),AND(ISTEXT(AH11),AH11<>""), AND($AI$6="",AI11<>""),AND(ISTEXT($AI$6),$AI$6<>""),AND(ISTEXT(AI11),AI11<>""), AND($AJ$6="",AJ11<>""),AND(ISTEXT($AJ$6),$AJ$6<>""),AND(ISTEXT(AJ11),AJ11<>"")),"Error", IF(OR( AND(ISNUMBER($AG$6),ISNUMBER(AG11),AG11>$AG$6), AND(ISNUMBER($AH$6),ISNUMBER(AH11),AH11>$AH$6), AND(ISNUMBER($AI$6),ISNUMBER(AI11),AI11>$AI$6), AND(ISNUMBER($AJ$6),ISNUMBER(AJ11),AJ11>$AJ$6)),"Error", IF(SUM(AG11:AJ11)>$AK$7,"Error", SUM(AG11:AJ11)))))) | AP11: =IF(OR(F11="",COUNTA(AL11:AO11)=0),"", IF(COUNTA(AL11:AO11,$AL$6:$AO$6)=0,"", IF(OR( AND($AL$6="",AL11<>""),AND(ISTEXT($AL$6),$AL$6<>""),AND(ISTEXT(AL11),AL11<>""), AND($AM$6="",AM11<>""),AND(ISTEXT($AM$6),$AM$6<>""),AND(ISTEXT(AM11),AM11<>""), AND($AN$6="",AN11<>""),AND(ISTEXT($AN$6),$AN$6<>""),AND(ISTEXT(AN11),AN11<>""), AND($AO$6="",AO11<>""),AND(ISTEXT($AO$6),$AO$6<>""),AND(ISTEXT(AO11),AO11<>"")),"Error", IF(OR( AND(ISNUMBER($AL$6),ISNUMBER(AL11),AL11>$AL$6), AND(ISNUMBER($AM$6),ISNUMBER(AM11),AM11>$AM$6), AND(ISNUMBER($AN$6),ISNUMBER(AN11),AN11>$AN$6), AND(ISNUMBER($AO$6),ISNUMBER(AO11),AO11>$AO$6)),"Error", IF(SUM(AL11:AO11)>$AP$7,"Error", SUM(AL11:AO11)))))) | AR11: =IF(F11="","", IF(AND(AQ11="",$AQ$6=""),"", IF($AQ$6="","Error", IF(OR(AND(ISTEXT(AQ11),AQ11<>""),AND(ISTEXT($AQ$6),$AQ$6<>"")),"Error", IF(AND(ISNUMBER(AQ11),ISNUMBER($AQ$6),AD11>$AQ$6),"Error", IFERROR(IF(AQ11="","",(AQ11/$AQ$6)*100),0)))))) | AX11: =IF(OR(F11="",COUNTA(AT11:AW11)=0),"", IF(COUNTA(AT11:AW11,$AT$6:$AW$6)=0,"", IF(OR( AND($AT$6="",AT11<>""),AND(ISTEXT($AT$6),$AT$6<>""),AND(ISTEXT(AT11),AT11<>""), AND($AU$6="",AU11<>""),AND(ISTEXT($AU$6),$AU$6<>""),AND(ISTEXT(AU11),AU11<>""), AND($AV$6="",AV11<>""),AND(ISTEXT($AV$6),$AV$6<>""),AND(ISTEXT(AV11),AV11<>""), AND($AW$6="",AW11<>""),AND(ISTEXT($AW$6),$AW$6<>""),AND(ISTEXT(AW11),AW11<>"")),"Error", IF(OR( AND(ISNUMBER($AT$6),ISNUMBER(AT11),AT11>$AT$6), AND(ISNUMBER($AU$6),ISNUMBER(AU11),AU11>$AU$6), AND(ISNUMBER($AV$6),ISNUMBER(AV11),AV11>$AV$6), AND(ISNUMBER($AW$6),ISNUMBER(AW11),AW11>$AW$6)),"Error", IF(SUM(AT11:AW11)>$AX$7,"Error", SUM(AT11:AW11)))))) | BC11: =IF(OR(F11="",COUNTA(AY11:BB11)=0),"", IF(COUNTA(AY11:BB11,$AY$6:$BB$6)=0,"", IF(OR( AND($AY$6="",AY11<>""),AND(ISTEXT($AY$6),$AY$6<>""),AND(ISTEXT(AY11),AY11<>""), AND($AZ$6="",AZ11<>""),AND(ISTEXT($AZ$6),$AZ$6<>""),AND(ISTEXT(AZ11),AZ11<>""), AND($BA$6="",BA11<>""),AND(ISTEXT($BA$6),$BA$6<>""),AND(ISTEXT(BA11),BA11<>""), AND($BB$6="",BB11<>""),AND(ISTEXT($BB$6),$BB$6<>""),AND(ISTEXT(BB11),BB11<>"")),"Error", IF(OR( AND(ISNUMBER($AY$6),ISNUMBER(AY11),AY11>$AY$6), AND(ISNUMBER($AZ$6),ISNUMBER(AZ11),AZ11>$AZ$6), AND(ISNUMBER($BA$6),ISNUMBER(BA11),BA11>$BA$6), AND(ISNUMBER($BB$6),ISNUMBER(BB11),BB11>$BB$6)),"Error", IF(SUM(AY11:BB11)>$BC$7,"Error", SUM(AY11:BB11)))))) | BE11: =IF(F11="","", IF(AND(BD11="",$BD$6=""),"", IF($BD$6="","Error", IF(OR(AND(ISTEXT(BD11),BD11<>""),AND(ISTEXT($BD$6),$BD$6<>"")),"Error", IF(AND(ISNUMBER(BD11),ISNUMBER($BD$6),BD11>$BD$6),"Error", IFERROR(IF(BD11="","",(BD11/$BD$6)*100),0))))))
C12: =C11+1 -> 5 | D12: 02000491309 | F12: BAGAMASBAD,KYLA ANGELICA | G12: 100 | H12: 100 | I12: 48 | K12: =IF(OR(F12="",COUNTA(G12:J12)=0),"", IF(COUNTA(G12:J12,$G$6:$J$6)=0,"", IF(OR( AND($G$6="",G12<>""),AND(ISTEXT($G$6),$G$6<>""),AND(ISTEXT(G12),G12<>""), AND($H$6="",H12<>""),AND(ISTEXT($H$6),$H$6<>""),AND(ISTEXT(H12),H12<>""), AND($I$6="",I12<>""),AND(ISTEXT($I$6),$I$6<>""),AND(ISTEXT(I12),I12<>""), AND($J$6="",J12<>""),AND(ISTEXT($J$6),$J$6<>""),AND(ISTEXT(J12),J12<>"")),"Error", IF(OR( AND(ISNUMBER($G$6),ISNUMBER(G12),G12>$G$6), AND(ISNUMBER($H$6),ISNUMBER(H12),H12>$H$6), AND(ISNUMBER($I$6),ISNUMBER(I12),I12>$I$6), AND(ISNUMBER($J$6),ISNUMBER(J12),J12>$J$6)),"Error", IF(SUM(G12:J12)>$K$7,"Error", SUM(G12:J12)))))) -> 248 | L12: 100 | M12: 100 | N12: 100 | P12: =IF(OR(F12="",COUNTA(L12:O12)=0),"", IF(COUNTA(L12:O12,$L$6:$O$6)=0,"", IF(OR( AND($L$6="",L12<>""),AND(ISTEXT($L$6),$L$6<>""),AND(ISTEXT(L12),L12<>""), AND($M$6="",M12<>""),AND(ISTEXT($M$6),$M$6<>""),AND(ISTEXT(M12),M12<>""), AND($N$6="",N12<>""),AND(ISTEXT($N$6),$N$6<>""),AND(ISTEXT(N12),N12<>""), AND($O$6="",O12<>""),AND(ISTEXT($O$6),$O$6<>""),AND(ISTEXT(O12),O12<>"")),"Error", IF(OR( AND(ISNUMBER($L$6),ISNUMBER(L12),L12>$L$6), AND(ISNUMBER($M$6),ISNUMBER(M12),M12>$M$6), AND(ISNUMBER($N$6),ISNUMBER(N12),N12>$N$6), AND(ISNUMBER($O$6),ISNUMBER(O12),O12>$O$6)),"Error", IF(SUM(L12:O12)>$P$7,"Error", SUM(L12:O12)))))) -> 300 | Q12: 54 | R12: =IF(F12="","", IF(AND(Q12="",$Q$6=""),"", IF($Q$6="","Error", IF(OR(AND(ISTEXT(Q12),Q12<>""),AND(ISTEXT($Q$6),$Q$6<>"")),"Error", IF(AND(ISNUMBER(Q12),ISNUMBER($Q$6),Q12>$Q$6),"Error", IFERROR(IF(Q12="","",(Q12/$Q$6)*100),0)))))) -> 77.142857 | T12: 43 | U12: 50 | X12: =IF(OR(F12="",COUNTA(T12:W12)=0),"", IF(COUNTA(T12:W12,$T$6:$W$6)=0,"", IF(OR( AND($T$6="",T12<>""),AND(ISTEXT($T$6),$T$6<>""),AND(ISTEXT(T12),T12<>""), AND($U$6="",U12<>""),AND(ISTEXT($U$6),$U$6<>""),AND(ISTEXT(U12),U12<>""), AND($V$6="",V12<>""),AND(ISTEXT($V$6),$V$6<>""),AND(ISTEXT(V12),V12<>""), AND($W$6="",W12<>""),AND(ISTEXT($W$6),$W$6<>""),AND(ISTEXT(W12),W12<>"")),"Error", IF(OR( AND(ISNUMBER($T$6),ISNUMBER(T12),T12>$T$6), AND(ISNUMBER($U$6),ISNUMBER(U12),U12>$U$6), AND(ISNUMBER($V$6),ISNUMBER(V12),V12>$V$6), AND(ISNUMBER($W$6),ISNUMBER(W12),W12>$W$6)),"Error", IF(SUM(T12:W12)>$X$7,"Error", SUM(T12:W12)))))) -> 93 | Y12: 0 | Z12: 20 | AA12: 17 | AC12: =IF(OR(F12="",COUNTA(Y12:AB12)=0),"", IF(COUNTA(Y12:AB12,$Y$6:$AB$6)=0,"", IF(OR( AND($Y$6="",Y12<>""),AND(ISTEXT($Y$6),$Y$6<>""),AND(ISTEXT(Y12),Y12<>""), AND($Z$6="",Z12<>""),AND(ISTEXT($Z$6),$Z$6<>""),AND(ISTEXT(Z12),Z12<>""), AND($AA$6="",AA12<>""),AND(ISTEXT($AA$6),$AA$6<>""),AND(ISTEXT(AA12),AA12<>""), AND($AB$6="",AB12<>""),AND(ISTEXT($AB$6),$AB$6<>""),AND(ISTEXT(AB12),AB12<>"")),"Error", IF(OR( AND(ISNUMBER($Y$6),ISNUMBER(Y12),Y12>$Y$6), AND(ISNUMBER($Z$6),ISNUMBER(Z12),Z12>$Z$6), AND(ISNUMBER($AA$6),ISNUMBER(AA12),AA12>$AA$6), AND(ISNUMBER($AB$6),ISNUMBER(AB12),AB12>$AB$6)),"Error", IF(SUM(Y12:AB12)>$AC$7,"Error", SUM(Y12:AB12)))))) -> 37 | AD12: 44 | AE12: =IF(F12="","", IF(AND(AD12="",$AD$6=""),"", IF($AD$6="","Error", IF(OR(AND(ISTEXT(AD12),AD12<>""),AND(ISTEXT($AD$6),$AD$6<>"")),"Error", IF(AND(ISNUMBER(AD12),ISNUMBER($AD$6),AD12>$AD$6),"Error", IFERROR(IF(AD12="","",(AD12/$AD$6)*100),0)))))) -> 62.857143 | AK12: =IF(OR(F12="",COUNTA(AG12:AJ12)=0),"", IF(COUNTA(AG12:AJ12,$AG$6:$AJ$6)=0,"", IF(OR( AND($AG$6="",AG12<>""),AND(ISTEXT($AG$6),$AG$6<>""),AND(ISTEXT(AG12),AG12<>""), AND($AH$6="",AH12<>""),AND(ISTEXT($AH$6),$AH$6<>""),AND(ISTEXT(AH12),AH12<>""), AND($AI$6="",AI12<>""),AND(ISTEXT($AI$6),$AI$6<>""),AND(ISTEXT(AI12),AI12<>""), AND($AJ$6="",AJ12<>""),AND(ISTEXT($AJ$6),$AJ$6<>""),AND(ISTEXT(AJ12),AJ12<>"")),"Error", IF(OR( AND(ISNUMBER($AG$6),ISNUMBER(AG12),AG12>$AG$6), AND(ISNUMBER($AH$6),ISNUMBER(AH12),AH12>$AH$6), AND(ISNUMBER($AI$6),ISNUMBER(AI12),AI12>$AI$6), AND(ISNUMBER($AJ$6),ISNUMBER(AJ12),AJ12>$AJ$6)),"Error", IF(SUM(AG12:AJ12)>$AK$7,"Error", SUM(AG12:AJ12)))))) | AP12: =IF(OR(F12="",COUNTA(AL12:AO12)=0),"", IF(COUNTA(AL12:AO12,$AL$6:$AO$6)=0,"", IF(OR( AND($AL$6="",AL12<>""),AND(ISTEXT($AL$6),$AL$6<>""),AND(ISTEXT(AL12),AL12<>""), AND($AM$6="",AM12<>""),AND(ISTEXT($AM$6),$AM$6<>""),AND(ISTEXT(AM12),AM12<>""), AND($AN$6="",AN12<>""),AND(ISTEXT($AN$6),$AN$6<>""),AND(ISTEXT(AN12),AN12<>""), AND($AO$6="",AO12<>""),AND(ISTEXT($AO$6),$AO$6<>""),AND(ISTEXT(AO12),AO12<>"")),"Error", IF(OR( AND(ISNUMBER($AL$6),ISNUMBER(AL12),AL12>$AL$6), AND(ISNUMBER($AM$6),ISNUMBER(AM12),AM12>$AM$6), AND(ISNUMBER($AN$6),ISNUMBER(AN12),AN12>$AN$6), AND(ISNUMBER($AO$6),ISNUMBER(AO12),AO12>$AO$6)),"Error", IF(SUM(AL12:AO12)>$AP$7,"Error", SUM(AL12:AO12)))))) | AR12: =IF(F12="","", IF(AND(AQ12="",$AQ$6=""),"", IF($AQ$6="","Error", IF(OR(AND(ISTEXT(AQ12),AQ12<>""),AND(ISTEXT($AQ$6),$AQ$6<>"")),"Error", IF(AND(ISNUMBER(AQ12),ISNUMBER($AQ$6),AD12>$AQ$6),"Error", IFERROR(IF(AQ12="","",(AQ12/$AQ$6)*100),0)))))) | AX12: =IF(OR(F12="",COUNTA(AT12:AW12)=0),"", IF(COUNTA(AT12:AW12,$AT$6:$AW$6)=0,"", IF(OR( AND($AT$6="",AT12<>""),AND(ISTEXT($AT$6),$AT$6<>""),AND(ISTEXT(AT12),AT12<>""), AND($AU$6="",AU12<>""),AND(ISTEXT($AU$6),$AU$6<>""),AND(ISTEXT(AU12),AU12<>""), AND($AV$6="",AV12<>""),AND(ISTEXT($AV$6),$AV$6<>""),AND(ISTEXT(AV12),AV12<>""), AND($AW$6="",AW12<>""),AND(ISTEXT($AW$6),$AW$6<>""),AND(ISTEXT(AW12),AW12<>"")),"Error", IF(OR( AND(ISNUMBER($AT$6),ISNUMBER(AT12),AT12>$AT$6), AND(ISNUMBER($AU$6),ISNUMBER(AU12),AU12>$AU$6), AND(ISNUMBER($AV$6),ISNUMBER(AV12),AV12>$AV$6), AND(ISNUMBER($AW$6),ISNUMBER(AW12),AW12>$AW$6)),"Error", IF(SUM(AT12:AW12)>$AX$7,"Error", SUM(AT12:AW12)))))) | BC12: =IF(OR(F12="",COUNTA(AY12:BB12)=0),"", IF(COUNTA(AY12:BB12,$AY$6:$BB$6)=0,"", IF(OR( AND($AY$6="",AY12<>""),AND(ISTEXT($AY$6),$AY$6<>""),AND(ISTEXT(AY12),AY12<>""), AND($AZ$6="",AZ12<>""),AND(ISTEXT($AZ$6),$AZ$6<>""),AND(ISTEXT(AZ12),AZ12<>""), AND($BA$6="",BA12<>""),AND(ISTEXT($BA$6),$BA$6<>""),AND(ISTEXT(BA12),BA12<>""), AND($BB$6="",BB12<>""),AND(ISTEXT($BB$6),$BB$6<>""),AND(ISTEXT(BB12),BB12<>"")),"Error", IF(OR( AND(ISNUMBER($AY$6),ISNUMBER(AY12),AY12>$AY$6), AND(ISNUMBER($AZ$6),ISNUMBER(AZ12),AZ12>$AZ$6), AND(ISNUMBER($BA$6),ISNUMBER(BA12),BA12>$BA$6), AND(ISNUMBER($BB$6),ISNUMBER(BB12),BB12>$BB$6)),"Error", IF(SUM(AY12:BB12)>$BC$7,"Error", SUM(AY12:BB12)))))) | BE12: =IF(F12="","", IF(AND(BD12="",$BD$6=""),"", IF($BD$6="","Error", IF(OR(AND(ISTEXT(BD12),BD12<>""),AND(ISTEXT($BD$6),$BD$6<>"")),"Error", IF(AND(ISNUMBER(BD12),ISNUMBER($BD$6),BD12>$BD$6),"Error", IFERROR(IF(BD12="","",(BD12/$BD$6)*100),0))))))
C13: =C12+1 -> 6 | D13: 02000496750 | F13: BALTE,LYZA MAE LOMA | G13: 90 | H13: 90 | I13: 47 | K13: =IF(OR(F13="",COUNTA(G13:J13)=0),"", IF(COUNTA(G13:J13,$G$6:$J$6)=0,"", IF(OR( AND($G$6="",G13<>""),AND(ISTEXT($G$6),$G$6<>""),AND(ISTEXT(G13),G13<>""), AND($H$6="",H13<>""),AND(ISTEXT($H$6),$H$6<>""),AND(ISTEXT(H13),H13<>""), AND($I$6="",I13<>""),AND(ISTEXT($I$6),$I$6<>""),AND(ISTEXT(I13),I13<>""), AND($J$6="",J13<>""),AND(ISTEXT($J$6),$J$6<>""),AND(ISTEXT(J13),J13<>"")),"Error", IF(OR( AND(ISNUMBER($G$6),ISNUMBER(G13),G13>$G$6), AND(ISNUMBER($H$6),ISNUMBER(H13),H13>$H$6), AND(ISNUMBER($I$6),ISNUMBER(I13),I13>$I$6), AND(ISNUMBER($J$6),ISNUMBER(J13),J13>$J$6)),"Error", IF(SUM(G13:J13)>$K$7,"Error", SUM(G13:J13)))))) -> 227 | L13: 98 | M13: 98 | N13: 98 | P13: =IF(OR(F13="",COUNTA(L13:O13)=0),"", IF(COUNTA(L13:O13,$L$6:$O$6)=0,"", IF(OR( AND($L$6="",L13<>""),AND(ISTEXT($L$6),$L$6<>""),AND(ISTEXT(L13),L13<>""), AND($M$6="",M13<>""),AND(ISTEXT($M$6),$M$6<>""),AND(ISTEXT(M13),M13<>""), AND($N$6="",N13<>""),AND(ISTEXT($N$6),$N$6<>""),AND(ISTEXT(N13),N13<>""), AND($O$6="",O13<>""),AND(ISTEXT($O$6),$O$6<>""),AND(ISTEXT(O13),O13<>"")),"Error", IF(OR( AND(ISNUMBER($L$6),ISNUMBER(L13),L13>$L$6), AND(ISNUMBER($M$6),ISNUMBER(M13),M13>$M$6), AND(ISNUMBER($N$6),ISNUMBER(N13),N13>$N$6), AND(ISNUMBER($O$6),ISNUMBER(O13),O13>$O$6)),"Error", IF(SUM(L13:O13)>$P$7,"Error", SUM(L13:O13)))))) -> 294 | Q13: 64 | R13: =IF(F13="","", IF(AND(Q13="",$Q$6=""),"", IF($Q$6="","Error", IF(OR(AND(ISTEXT(Q13),Q13<>""),AND(ISTEXT($Q$6),$Q$6<>"")),"Error", IF(AND(ISNUMBER(Q13),ISNUMBER($Q$6),Q13>$Q$6),"Error", IFERROR(IF(Q13="","",(Q13/$Q$6)*100),0)))))) -> 91.428571 | T13: 50 | U13: 50 | X13: =IF(OR(F13="",COUNTA(T13:W13)=0),"", IF(COUNTA(T13:W13,$T$6:$W$6)=0,"", IF(OR( AND($T$6="",T13<>""),AND(ISTEXT($T$6),$T$6<>""),AND(ISTEXT(T13),T13<>""), AND($U$6="",U13<>""),AND(ISTEXT($U$6),$U$6<>""),AND(ISTEXT(U13),U13<>""), AND($V$6="",V13<>""),AND(ISTEXT($V$6),$V$6<>""),AND(ISTEXT(V13),V13<>""), AND($W$6="",W13<>""),AND(ISTEXT($W$6),$W$6<>""),AND(ISTEXT(W13),W13<>"")),"Error", IF(OR( AND(ISNUMBER($T$6),ISNUMBER(T13),T13>$T$6), AND(ISNUMBER($U$6),ISNUMBER(U13),U13>$U$6), AND(ISNUMBER($V$6),ISNUMBER(V13),V13>$V$6), AND(ISNUMBER($W$6),ISNUMBER(W13),W13>$W$6)),"Error", IF(SUM(T13:W13)>$X$7,"Error", SUM(T13:W13)))))) -> 100 | Y13: 2 | Z13: 8 | AA13: 17 | AC13: =IF(OR(F13="",COUNTA(Y13:AB13)=0),"", IF(COUNTA(Y13:AB13,$Y$6:$AB$6)=0,"", IF(OR( AND($Y$6="",Y13<>""),AND(ISTEXT($Y$6),$Y$6<>""),AND(ISTEXT(Y13),Y13<>""), AND($Z$6="",Z13<>""),AND(ISTEXT($Z$6),$Z$6<>""),AND(ISTEXT(Z13),Z13<>""), AND($AA$6="",AA13<>""),AND(ISTEXT($AA$6),$AA$6<>""),AND(ISTEXT(AA13),AA13<>""), AND($AB$6="",AB13<>""),AND(ISTEXT($AB$6),$AB$6<>""),AND(ISTEXT(AB13),AB13<>"")),"Error", IF(OR( AND(ISNUMBER($Y$6),ISNUMBER(Y13),Y13>$Y$6), AND(ISNUMBER($Z$6),ISNUMBER(Z13),Z13>$Z$6), AND(ISNUMBER($AA$6),ISNUMBER(AA13),AA13>$AA$6), AND(ISNUMBER($AB$6),ISNUMBER(AB13),AB13>$AB$6)),"Error", IF(SUM(Y13:AB13)>$AC$7,"Error", SUM(Y13:AB13)))))) -> 27 | AD13: 44 | AE13: =IF(F13="","", IF(AND(AD13="",$AD$6=""),"", IF($AD$6="","Error", IF(OR(AND(ISTEXT(AD13),AD13<>""),AND(ISTEXT($AD$6),$AD$6<>"")),"Error", IF(AND(ISNUMBER(AD13),ISNUMBER($AD$6),AD13>$AD$6),"Error", IFERROR(IF(AD13="","",(AD13/$AD$6)*100),0)))))) -> 62.857143 | AK13: =IF(OR(F13="",COUNTA(AG13:AJ13)=0),"", IF(COUNTA(AG13:AJ13,$AG$6:$AJ$6)=0,"", IF(OR( AND($AG$6="",AG13<>""),AND(ISTEXT($AG$6),$AG$6<>""),AND(ISTEXT(AG13),AG13<>""), AND($AH$6="",AH13<>""),AND(ISTEXT($AH$6),$AH$6<>""),AND(ISTEXT(AH13),AH13<>""), AND($AI$6="",AI13<>""),AND(ISTEXT($AI$6),$AI$6<>""),AND(ISTEXT(AI13),AI13<>""), AND($AJ$6="",AJ13<>""),AND(ISTEXT($AJ$6),$AJ$6<>""),AND(ISTEXT(AJ13),AJ13<>"")),"Error", IF(OR( AND(ISNUMBER($AG$6),ISNUMBER(AG13),AG13>$AG$6), AND(ISNUMBER($AH$6),ISNUMBER(AH13),AH13>$AH$6), AND(ISNUMBER($AI$6),ISNUMBER(AI13),AI13>$AI$6), AND(ISNUMBER($AJ$6),ISNUMBER(AJ13),AJ13>$AJ$6)),"Error", IF(SUM(AG13:AJ13)>$AK$7,"Error", SUM(AG13:AJ13)))))) | AP13: =IF(OR(F13="",COUNTA(AL13:AO13)=0),"", IF(COUNTA(AL13:AO13,$AL$6:$AO$6)=0,"", IF(OR( AND($AL$6="",AL13<>""),AND(ISTEXT($AL$6),$AL$6<>""),AND(ISTEXT(AL13),AL13<>""), AND($AM$6="",AM13<>""),AND(ISTEXT($AM$6),$AM$6<>""),AND(ISTEXT(AM13),AM13<>""), AND($AN$6="",AN13<>""),AND(ISTEXT($AN$6),$AN$6<>""),AND(ISTEXT(AN13),AN13<>""), AND($AO$6="",AO13<>""),AND(ISTEXT($AO$6),$AO$6<>""),AND(ISTEXT(AO13),AO13<>"")),"Error", IF(OR( AND(ISNUMBER($AL$6),ISNUMBER(AL13),AL13>$AL$6), AND(ISNUMBER($AM$6),ISNUMBER(AM13),AM13>$AM$6), AND(ISNUMBER($AN$6),ISNUMBER(AN13),AN13>$AN$6), AND(ISNUMBER($AO$6),ISNUMBER(AO13),AO13>$AO$6)),"Error", IF(SUM(AL13:AO13)>$AP$7,"Error", SUM(AL13:AO13)))))) | AR13: =IF(F13="","", IF(AND(AQ13="",$AQ$6=""),"", IF($AQ$6="","Error", IF(OR(AND(ISTEXT(AQ13),AQ13<>""),AND(ISTEXT($AQ$6),$AQ$6<>"")),"Error", IF(AND(ISNUMBER(AQ13),ISNUMBER($AQ$6),AD13>$AQ$6),"Error", IFERROR(IF(AQ13="","",(AQ13/$AQ$6)*100),0)))))) | AX13: =IF(OR(F13="",COUNTA(AT13:AW13)=0),"", IF(COUNTA(AT13:AW13,$AT$6:$AW$6)=0,"", IF(OR( AND($AT$6="",AT13<>""),AND(ISTEXT($AT$6),$AT$6<>""),AND(ISTEXT(AT13),AT13<>""), AND($AU$6="",AU13<>""),AND(ISTEXT($AU$6),$AU$6<>""),AND(ISTEXT(AU13),AU13<>""), AND($AV$6="",AV13<>""),AND(ISTEXT($AV$6),$AV$6<>""),AND(ISTEXT(AV13),AV13<>""), AND($AW$6="",AW13<>""),AND(ISTEXT($AW$6),$AW$6<>""),AND(ISTEXT(AW13),AW13<>"")),"Error", IF(OR( AND(ISNUMBER($AT$6),ISNUMBER(AT13),AT13>$AT$6), AND(ISNUMBER($AU$6),ISNUMBER(AU13),AU13>$AU$6), AND(ISNUMBER($AV$6),ISNUMBER(AV13),AV13>$AV$6), AND(ISNUMBER($AW$6),ISNUMBER(AW13),AW13>$AW$6)),"Error", IF(SUM(AT13:AW13)>$AX$7,"Error", SUM(AT13:AW13)))))) | BC13: =IF(OR(F13="",COUNTA(AY13:BB13)=0),"", IF(COUNTA(AY13:BB13,$AY$6:$BB$6)=0,"", IF(OR( AND($AY$6="",AY13<>""),AND(ISTEXT($AY$6),$AY$6<>""),AND(ISTEXT(AY13),AY13<>""), AND($AZ$6="",AZ13<>""),AND(ISTEXT($AZ$6),$AZ$6<>""),AND(ISTEXT(AZ13),AZ13<>""), AND($BA$6="",BA13<>""),AND(ISTEXT($BA$6),$BA$6<>""),AND(ISTEXT(BA13),BA13<>""), AND($BB$6="",BB13<>""),AND(ISTEXT($BB$6),$BB$6<>""),AND(ISTEXT(BB13),BB13<>"")),"Error", IF(OR( AND(ISNUMBER($AY$6),ISNUMBER(AY13),AY13>$AY$6), AND(ISNUMBER($AZ$6),ISNUMBER(AZ13),AZ13>$AZ$6), AND(ISNUMBER($BA$6),ISNUMBER(BA13),BA13>$BA$6), AND(ISNUMBER($BB$6),ISNUMBER(BB13),BB13>$BB$6)),"Error", IF(SUM(AY13:BB13)>$BC$7,"Error", SUM(AY13:BB13)))))) | BE13: =IF(F13="","", IF(AND(BD13="",$BD$6=""),"", IF($BD$6="","Error", IF(OR(AND(ISTEXT(BD13),BD13<>""),AND(ISTEXT($BD$6),$BD$6<>"")),"Error", IF(AND(ISNUMBER(BD13),ISNUMBER($BD$6),BD13>$BD$6),"Error", IFERROR(IF(BD13="","",(BD13/$BD$6)*100),0))))))
C14: =C13+1 -> 7 | D14: 02000486779 | F14: BUENAAGUA,AIRA ALANA AMPARADO | G14: 100 | H14: 100 | I14: 48 | K14: =IF(OR(F14="",COUNTA(G14:J14)=0),"", IF(COUNTA(G14:J14,$G$6:$J$6)=0,"", IF(OR( AND($G$6="",G14<>""),AND(ISTEXT($G$6),$G$6<>""),AND(ISTEXT(G14),G14<>""), AND($H$6="",H14<>""),AND(ISTEXT($H$6),$H$6<>""),AND(ISTEXT(H14),H14<>""), AND($I$6="",I14<>""),AND(ISTEXT($I$6),$I$6<>""),AND(ISTEXT(I14),I14<>""), AND($J$6="",J14<>""),AND(ISTEXT($J$6),$J$6<>""),AND(ISTEXT(J14),J14<>"")),"Error", IF(OR( AND(ISNUMBER($G$6),ISNUMBER(G14),G14>$G$6), AND(ISNUMBER($H$6),ISNUMBER(H14),H14>$H$6), AND(ISNUMBER($I$6),ISNUMBER(I14),I14>$I$6), AND(ISNUMBER($J$6),ISNUMBER(J14),J14>$J$6)),"Error", IF(SUM(G14:J14)>$K$7,"Error", SUM(G14:J14)))))) -> 248 | L14: 100 | M14: 100 | N14: 100 | P14: =IF(OR(F14="",COUNTA(L14:O14)=0),"", IF(COUNTA(L14:O14,$L$6:$O$6)=0,"", IF(OR( AND($L$6="",L14<>""),AND(ISTEXT($L$6),$L$6<>""),AND(ISTEXT(L14),L14<>""), AND($M$6="",M14<>""),AND(ISTEXT($M$6),$M$6<>""),AND(ISTEXT(M14),M14<>""), AND($N$6="",N14<>""),AND(ISTEXT($N$6),$N$6<>""),AND(ISTEXT(N14),N14<>""), AND($O$6="",O14<>""),AND(ISTEXT($O$6),$O$6<>""),AND(ISTEXT(O14),O14<>"")),"Error", IF(OR( AND(ISNUMBER($L$6),ISNUMBER(L14),L14>$L$6), AND(ISNUMBER($M$6),ISNUMBER(M14),M14>$M$6), AND(ISNUMBER($N$6),ISNUMBER(N14),N14>$N$6), AND(ISNUMBER($O$6),ISNUMBER(O14),O14>$O$6)),"Error", IF(SUM(L14:O14)>$P$7,"Error", SUM(L14:O14)))))) -> 300 | Q14: 48 | R14: =IF(F14="","", IF(AND(Q14="",$Q$6=""),"", IF($Q$6="","Error", IF(OR(AND(ISTEXT(Q14),Q14<>""),AND(ISTEXT($Q$6),$Q$6<>"")),"Error", IF(AND(ISNUMBER(Q14),ISNUMBER($Q$6),Q14>$Q$6),"Error", IFERROR(IF(Q14="","",(Q14/$Q$6)*100),0)))))) -> 68.571429 | T14: 45 | U14: 50 | X14: =IF(OR(F14="",COUNTA(T14:W14)=0),"", IF(COUNTA(T14:W14,$T$6:$W$6)=0,"", IF(OR( AND($T$6="",T14<>""),AND(ISTEXT($T$6),$T$6<>""),AND(ISTEXT(T14),T14<>""), AND($U$6="",U14<>""),AND(ISTEXT($U$6),$U$6<>""),AND(ISTEXT(U14),U14<>""), AND($V$6="",V14<>""),AND(ISTEXT($V$6),$V$6<>""),AND(ISTEXT(V14),V14<>""), AND($W$6="",W14<>""),AND(ISTEXT($W$6),$W$6<>""),AND(ISTEXT(W14),W14<>"")),"Error", IF(OR( AND(ISNUMBER($T$6),ISNUMBER(T14),T14>$T$6), AND(ISNUMBER($U$6),ISNUMBER(U14),U14>$U$6), AND(ISNUMBER($V$6),ISNUMBER(V14),V14>$V$6), AND(ISNUMBER($W$6),ISNUMBER(W14),W14>$W$6)),"Error", IF(SUM(T14:W14)>$X$7,"Error", SUM(T14:W14)))))) -> 95 | Y14: 10 | Z14: 0 | AA14: 16 | AC14: =IF(OR(F14="",COUNTA(Y14:AB14)=0),"", IF(COUNTA(Y14:AB14,$Y$6:$AB$6)=0,"", IF(OR( AND($Y$6="",Y14<>""),AND(ISTEXT($Y$6),$Y$6<>""),AND(ISTEXT(Y14),Y14<>""), AND($Z$6="",Z14<>""),AND(ISTEXT($Z$6),$Z$6<>""),AND(ISTEXT(Z14),Z14<>""), AND($AA$6="",AA14<>""),AND(ISTEXT($AA$6),$AA$6<>""),AND(ISTEXT(AA14),AA14<>""), AND($AB$6="",AB14<>""),AND(ISTEXT($AB$6),$AB$6<>""),AND(ISTEXT(AB14),AB14<>"")),"Error", IF(OR( AND(ISNUMBER($Y$6),ISNUMBER(Y14),Y14>$Y$6), AND(ISNUMBER($Z$6),ISNUMBER(Z14),Z14>$Z$6), AND(ISNUMBER($AA$6),ISNUMBER(AA14),AA14>$AA$6), AND(ISNUMBER($AB$6),ISNUMBER(AB14),AB14>$AB$6)),"Error", IF(SUM(Y14:AB14)>$AC$7,"Error", SUM(Y14:AB14)))))) -> 26 | AD14: 28 | AE14: =IF(F14="","", IF(AND(AD14="",$AD$6=""),"", IF($AD$6="","Error", IF(OR(AND(ISTEXT(AD14),AD14<>""),AND(ISTEXT($AD$6),$AD$6<>"")),"Error", IF(AND(ISNUMBER(AD14),ISNUMBER($AD$6),AD14>$AD$6),"Error", IFERROR(IF(AD14="","",(AD14/$AD$6)*100),0)))))) -> 40 | AK14: =IF(OR(F14="",COUNTA(AG14:AJ14)=0),"", IF(COUNTA(AG14:AJ14,$AG$6:$AJ$6)=0,"", IF(OR( AND($AG$6="",AG14<>""),AND(ISTEXT($AG$6),$AG$6<>""),AND(ISTEXT(AG14),AG14<>""), AND($AH$6="",AH14<>""),AND(ISTEXT($AH$6),$AH$6<>""),AND(ISTEXT(AH14),AH14<>""), AND($AI$6="",AI14<>""),AND(ISTEXT($AI$6),$AI$6<>""),AND(ISTEXT(AI14),AI14<>""), AND($AJ$6="",AJ14<>""),AND(ISTEXT($AJ$6),$AJ$6<>""),AND(ISTEXT(AJ14),AJ14<>"")),"Error", IF(OR( AND(ISNUMBER($AG$6),ISNUMBER(AG14),AG14>$AG$6), AND(ISNUMBER($AH$6),ISNUMBER(AH14),AH14>$AH$6), AND(ISNUMBER($AI$6),ISNUMBER(AI14),AI14>$AI$6), AND(ISNUMBER($AJ$6),ISNUMBER(AJ14),AJ14>$AJ$6)),"Error", IF(SUM(AG14:AJ14)>$AK$7,"Error", SUM(AG14:AJ14)))))) | AP14: =IF(OR(F14="",COUNTA(AL14:AO14)=0),"", IF(COUNTA(AL14:AO14,$AL$6:$AO$6)=0,"", IF(OR( AND($AL$6="",AL14<>""),AND(ISTEXT($AL$6),$AL$6<>""),AND(ISTEXT(AL14),AL14<>""), AND($AM$6="",AM14<>""),AND(ISTEXT($AM$6),$AM$6<>""),AND(ISTEXT(AM14),AM14<>""), AND($AN$6="",AN14<>""),AND(ISTEXT($AN$6),$AN$6<>""),AND(ISTEXT(AN14),AN14<>""), AND($AO$6="",AO14<>""),AND(ISTEXT($AO$6),$AO$6<>""),AND(ISTEXT(AO14),AO14<>"")),"Error", IF(OR( AND(ISNUMBER($AL$6),ISNUMBER(AL14),AL14>$AL$6), AND(ISNUMBER($AM$6),ISNUMBER(AM14),AM14>$AM$6), AND(ISNUMBER($AN$6),ISNUMBER(AN14),AN14>$AN$6), AND(ISNUMBER($AO$6),ISNUMBER(AO14),AO14>$AO$6)),"Error", IF(SUM(AL14:AO14)>$AP$7,"Error", SUM(AL14:AO14)))))) | AR14: =IF(F14="","", IF(AND(AQ14="",$AQ$6=""),"", IF($AQ$6="","Error", IF(OR(AND(ISTEXT(AQ14),AQ14<>""),AND(ISTEXT($AQ$6),$AQ$6<>"")),"Error", IF(AND(ISNUMBER(AQ14),ISNUMBER($AQ$6),AD14>$AQ$6),"Error", IFERROR(IF(AQ14="","",(AQ14/$AQ$6)*100),0)))))) | AX14: =IF(OR(F14="",COUNTA(AT14:AW14)=0),"", IF(COUNTA(AT14:AW14,$AT$6:$AW$6)=0,"", IF(OR( AND($AT$6="",AT14<>""),AND(ISTEXT($AT$6),$AT$6<>""),AND(ISTEXT(AT14),AT14<>""), AND($AU$6="",AU14<>""),AND(ISTEXT($AU$6),$AU$6<>""),AND(ISTEXT(AU14),AU14<>""), AND($AV$6="",AV14<>""),AND(ISTEXT($AV$6),$AV$6<>""),AND(ISTEXT(AV14),AV14<>""), AND($AW$6="",AW14<>""),AND(ISTEXT($AW$6),$AW$6<>""),AND(ISTEXT(AW14),AW14<>"")),"Error", IF(OR( AND(ISNUMBER($AT$6),ISNUMBER(AT14),AT14>$AT$6), AND(ISNUMBER($AU$6),ISNUMBER(AU14),AU14>$AU$6), AND(ISNUMBER($AV$6),ISNUMBER(AV14),AV14>$AV$6), AND(ISNUMBER($AW$6),ISNUMBER(AW14),AW14>$AW$6)),"Error", IF(SUM(AT14:AW14)>$AX$7,"Error", SUM(AT14:AW14)))))) | BC14: =IF(OR(F14="",COUNTA(AY14:BB14)=0),"", IF(COUNTA(AY14:BB14,$AY$6:$BB$6)=0,"", IF(OR( AND($AY$6="",AY14<>""),AND(ISTEXT($AY$6),$AY$6<>""),AND(ISTEXT(AY14),AY14<>""), AND($AZ$6="",AZ14<>""),AND(ISTEXT($AZ$6),$AZ$6<>""),AND(ISTEXT(AZ14),AZ14<>""), AND($BA$6="",BA14<>""),AND(ISTEXT($BA$6),$BA$6<>""),AND(ISTEXT(BA14),BA14<>""), AND($BB$6="",BB14<>""),AND(ISTEXT($BB$6),$BB$6<>""),AND(ISTEXT(BB14),BB14<>"")),"Error", IF(OR( AND(ISNUMBER($AY$6),ISNUMBER(AY14),AY14>$AY$6), AND(ISNUMBER($AZ$6),ISNUMBER(AZ14),AZ14>$AZ$6), AND(ISNUMBER($BA$6),ISNUMBER(BA14),BA14>$BA$6), AND(ISNUMBER($BB$6),ISNUMBER(BB14),BB14>$BB$6)),"Error", IF(SUM(AY14:BB14)>$BC$7,"Error", SUM(AY14:BB14)))))) | BE14: =IF(F14="","", IF(AND(BD14="",$BD$6=""),"", IF($BD$6="","Error", IF(OR(AND(ISTEXT(BD14),BD14<>""),AND(ISTEXT($BD$6),$BD$6<>"")),"Error", IF(AND(ISNUMBER(BD14),ISNUMBER($BD$6),BD14>$BD$6),"Error", IFERROR(IF(BD14="","",(BD14/$BD$6)*100),0))))))
C15: =C14+1 -> 8 | D15: 02000483633 | F15: BULAO,JANNA MAE CUSTODIO | G15: 90 | H15: 90 | I15: 47 | K15: =IF(OR(F15="",COUNTA(G15:J15)=0),"", IF(COUNTA(G15:J15,$G$6:$J$6)=0,"", IF(OR( AND($G$6="",G15<>""),AND(ISTEXT($G$6),$G$6<>""),AND(ISTEXT(G15),G15<>""), AND($H$6="",H15<>""),AND(ISTEXT($H$6),$H$6<>""),AND(ISTEXT(H15),H15<>""), AND($I$6="",I15<>""),AND(ISTEXT($I$6),$I$6<>""),AND(ISTEXT(I15),I15<>""), AND($J$6="",J15<>""),AND(ISTEXT($J$6),$J$6<>""),AND(ISTEXT(J15),J15<>"")),"Error", IF(OR( AND(ISNUMBER($G$6),ISNUMBER(G15),G15>$G$6), AND(ISNUMBER($H$6),ISNUMBER(H15),H15>$H$6), AND(ISNUMBER($I$6),ISNUMBER(I15),I15>$I$6), AND(ISNUMBER($J$6),ISNUMBER(J15),J15>$J$6)),"Error", IF(SUM(G15:J15)>$K$7,"Error", SUM(G15:J15)))))) -> 227 | L15: 90 | M15: 90 | N15: 90 | P15: =IF(OR(F15="",COUNTA(L15:O15)=0),"", IF(COUNTA(L15:O15,$L$6:$O$6)=0,"", IF(OR( AND($L$6="",L15<>""),AND(ISTEXT($L$6),$L$6<>""),AND(ISTEXT(L15),L15<>""), AND($M$6="",M15<>""),AND(ISTEXT($M$6),$M$6<>""),AND(ISTEXT(M15),M15<>""), AND($N$6="",N15<>""),AND(ISTEXT($N$6),$N$6<>""),AND(ISTEXT(N15),N15<>""), AND($O$6="",O15<>""),AND(ISTEXT($O$6),$O$6<>""),AND(ISTEXT(O15),O15<>"")),"Error", IF(OR( AND(ISNUMBER($L$6),ISNUMBER(L15),L15>$L$6), AND(ISNUMBER($M$6),ISNUMBER(M15),M15>$M$6), AND(ISNUMBER($N$6),ISNUMBER(N15),N15>$N$6), AND(ISNUMBER($O$6),ISNUMBER(O15),O15>$O$6)),"Error", IF(SUM(L15:O15)>$P$7,"Error", SUM(L15:O15)))))) -> 270 | Q15: 68 | R15: =IF(F15="","", IF(AND(Q15="",$Q$6=""),"", IF($Q$6="","Error", IF(OR(AND(ISTEXT(Q15),Q15<>""),AND(ISTEXT($Q$6),$Q$6<>"")),"Error", IF(AND(ISNUMBER(Q15),ISNUMBER($Q$6),Q15>$Q$6),"Error", IFERROR(IF(Q15="","",(Q15/$Q$6)*100),0)))))) -> 97.142857 | T15: 50 | U15: 50 | X15: =IF(OR(F15="",COUNTA(T15:W15)=0),"", IF(COUNTA(T15:W15,$T$6:$W$6)=0,"", IF(OR( AND($T$6="",T15<>""),AND(ISTEXT($T$6),$T$6<>""),AND(ISTEXT(T15),T15<>""), AND($U$6="",U15<>""),AND(ISTEXT($U$6),$U$6<>""),AND(ISTEXT(U15),U15<>""), AND($V$6="",V15<>""),AND(ISTEXT($V$6),$V$6<>""),AND(ISTEXT(V15),V15<>""), AND($W$6="",W15<>""),AND(ISTEXT($W$6),$W$6<>""),AND(ISTEXT(W15),W15<>"")),"Error", IF(OR( AND(ISNUMBER($T$6),ISNUMBER(T15),T15>$T$6), AND(ISNUMBER($U$6),ISNUMBER(U15),U15>$U$6), AND(ISNUMBER($V$6),ISNUMBER(V15),V15>$V$6), AND(ISNUMBER($W$6),ISNUMBER(W15),W15>$W$6)),"Error", IF(SUM(T15:W15)>$X$7,"Error", SUM(T15:W15)))))) -> 100 | Y15: 10 | Z15: 15 | AA15: 23 | AC15: =IF(OR(F15="",COUNTA(Y15:AB15)=0),"", IF(COUNTA(Y15:AB15,$Y$6:$AB$6)=0,"", IF(OR( AND($Y$6="",Y15<>""),AND(ISTEXT($Y$6),$Y$6<>""),AND(ISTEXT(Y15),Y15<>""), AND($Z$6="",Z15<>""),AND(ISTEXT($Z$6),$Z$6<>""),AND(ISTEXT(Z15),Z15<>""), AND($AA$6="",AA15<>""),AND(ISTEXT($AA$6),$AA$6<>""),AND(ISTEXT(AA15),AA15<>""), AND($AB$6="",AB15<>""),AND(ISTEXT($AB$6),$AB$6<>""),AND(ISTEXT(AB15),AB15<>"")),"Error", IF(OR( AND(ISNUMBER($Y$6),ISNUMBER(Y15),Y15>$Y$6), AND(ISNUMBER($Z$6),ISNUMBER(Z15),Z15>$Z$6), AND(ISNUMBER($AA$6),ISNUMBER(AA15),AA15>$AA$6), AND(ISNUMBER($AB$6),ISNUMBER(AB15),AB15>$AB$6)),"Error", IF(SUM(Y15:AB15)>$AC$7,"Error", SUM(Y15:AB15)))))) -> 48 | AD15: 62 | AE15: =IF(F15="","", IF(AND(AD15="",$AD$6=""),"", IF($AD$6="","Error", IF(OR(AND(ISTEXT(AD15),AD15<>""),AND(ISTEXT($AD$6),$AD$6<>"")),"Error", IF(AND(ISNUMBER(AD15),ISNUMBER($AD$6),AD15>$AD$6),"Error", IFERROR(IF(AD15="","",(AD15/$AD$6)*100),0)))))) -> 88.571429 | AK15: =IF(OR(F15="",COUNTA(AG15:AJ15)=0),"", IF(COUNTA(AG15:AJ15,$AG$6:$AJ$6)=0,"", IF(OR( AND($AG$6="",AG15<>""),AND(ISTEXT($AG$6),$AG$6<>""),AND(ISTEXT(AG15),AG15<>""), AND($AH$6="",AH15<>""),AND(ISTEXT($AH$6),$AH$6<>""),AND(ISTEXT(AH15),AH15<>""), AND($AI$6="",AI15<>""),AND(ISTEXT($AI$6),$AI$6<>""),AND(ISTEXT(AI15),AI15<>""), AND($AJ$6="",AJ15<>""),AND(ISTEXT($AJ$6),$AJ$6<>""),AND(ISTEXT(AJ15),AJ15<>"")),"Error", IF(OR( AND(ISNUMBER($AG$6),ISNUMBER(AG15),AG15>$AG$6), AND(ISNUMBER($AH$6),ISNUMBER(AH15),AH15>$AH$6), AND(ISNUMBER($AI$6),ISNUMBER(AI15),AI15>$AI$6), AND(ISNUMBER($AJ$6),ISNUMBER(AJ15),AJ15>$AJ$6)),"Error", IF(SUM(AG15:AJ15)>$AK$7,"Error", SUM(AG15:AJ15)))))) | AP15: =IF(OR(F15="",COUNTA(AL15:AO15)=0),"", IF(COUNTA(AL15:AO15,$AL$6:$AO$6)=0,"", IF(OR( AND($AL$6="",AL15<>""),AND(ISTEXT($AL$6),$AL$6<>""),AND(ISTEXT(AL15),AL15<>""), AND($AM$6="",AM15<>""),AND(ISTEXT($AM$6),$AM$6<>""),AND(ISTEXT(AM15),AM15<>""), AND($AN$6="",AN15<>""),AND(ISTEXT($AN$6),$AN$6<>""),AND(ISTEXT(AN15),AN15<>""), AND($AO$6="",AO15<>""),AND(ISTEXT($AO$6),$AO$6<>""),AND(ISTEXT(AO15),AO15<>"")),"Error", IF(OR( AND(ISNUMBER($AL$6),ISNUMBER(AL15),AL15>$AL$6), AND(ISNUMBER($AM$6),ISNUMBER(AM15),AM15>$AM$6), AND(ISNUMBER($AN$6),ISNUMBER(AN15),AN15>$AN$6), AND(ISNUMBER($AO$6),ISNUMBER(AO15),AO15>$AO$6)),"Error", IF(SUM(AL15:AO15)>$AP$7,"Error", SUM(AL15:AO15)))))) | AR15: =IF(F15="","", IF(AND(AQ15="",$AQ$6=""),"", IF($AQ$6="","Error", IF(OR(AND(ISTEXT(AQ15),AQ15<>""),AND(ISTEXT($AQ$6),$AQ$6<>"")),"Error", IF(AND(ISNUMBER(AQ15),ISNUMBER($AQ$6),AD15>$AQ$6),"Error", IFERROR(IF(AQ15="","",(AQ15/$AQ$6)*100),0)))))) | AX15: =IF(OR(F15="",COUNTA(AT15:AW15)=0),"", IF(COUNTA(AT15:AW15,$AT$6:$AW$6)=0,"", IF(OR( AND($AT$6="",AT15<>""),AND(ISTEXT($AT$6),$AT$6<>""),AND(ISTEXT(AT15),AT15<>""), AND($AU$6="",AU15<>""),AND(ISTEXT($AU$6),$AU$6<>""),AND(ISTEXT(AU15),AU15<>""), AND($AV$6="",AV15<>""),AND(ISTEXT($AV$6),$AV$6<>""),AND(ISTEXT(AV15),AV15<>""), AND($AW$6="",AW15<>""),AND(ISTEXT($AW$6),$AW$6<>""),AND(ISTEXT(AW15),AW15<>"")),"Error", IF(OR( AND(ISNUMBER($AT$6),ISNUMBER(AT15),AT15>$AT$6), AND(ISNUMBER($AU$6),ISNUMBER(AU15),AU15>$AU$6), AND(ISNUMBER($AV$6),ISNUMBER(AV15),AV15>$AV$6), AND(ISNUMBER($AW$6),ISNUMBER(AW15),AW15>$AW$6)),"Error", IF(SUM(AT15:AW15)>$AX$7,"Error", SUM(AT15:AW15)))))) | BC15: =IF(OR(F15="",COUNTA(AY15:BB15)=0),"", IF(COUNTA(AY15:BB15,$AY$6:$BB$6)=0,"", IF(OR( AND($AY$6="",AY15<>""),AND(ISTEXT($AY$6),$AY$6<>""),AND(ISTEXT(AY15),AY15<>""), AND($AZ$6="",AZ15<>""),AND(ISTEXT($AZ$6),$AZ$6<>""),AND(ISTEXT(AZ15),AZ15<>""), AND($BA$6="",BA15<>""),AND(ISTEXT($BA$6),$BA$6<>""),AND(ISTEXT(BA15),BA15<>""), AND($BB$6="",BB15<>""),AND(ISTEXT($BB$6),$BB$6<>""),AND(ISTEXT(BB15),BB15<>"")),"Error", IF(OR( AND(ISNUMBER($AY$6),ISNUMBER(AY15),AY15>$AY$6), AND(ISNUMBER($AZ$6),ISNUMBER(AZ15),AZ15>$AZ$6), AND(ISNUMBER($BA$6),ISNUMBER(BA15),BA15>$BA$6), AND(ISNUMBER($BB$6),ISNUMBER(BB15),BB15>$BB$6)),"Error", IF(SUM(AY15:BB15)>$BC$7,"Error", SUM(AY15:BB15)))))) | BE15: =IF(F15="","", IF(AND(BD15="",$BD$6=""),"", IF($BD$6="","Error", IF(OR(AND(ISTEXT(BD15),BD15<>""),AND(ISTEXT($BD$6),$BD$6<>"")),"Error", IF(AND(ISNUMBER(BD15),ISNUMBER($BD$6),BD15>$BD$6),"Error", IFERROR(IF(BD15="","",(BD15/$BD$6)*100),0))))))
C16: =C15+1 -> 9 | D16: 02000500732 | F16: CLAUDIO,JAMES YUAN BURCE | G16: 95 | H16: 95 | I16: 47 | K16: =IF(OR(F16="",COUNTA(G16:J16)=0),"", IF(COUNTA(G16:J16,$G$6:$J$6)=0,"", IF(OR( AND($G$6="",G16<>""),AND(ISTEXT($G$6),$G$6<>""),AND(ISTEXT(G16),G16<>""), AND($H$6="",H16<>""),AND(ISTEXT($H$6),$H$6<>""),AND(ISTEXT(H16),H16<>""), AND($I$6="",I16<>""),AND(ISTEXT($I$6),$I$6<>""),AND(ISTEXT(I16),I16<>""), AND($J$6="",J16<>""),AND(ISTEXT($J$6),$J$6<>""),AND(ISTEXT(J16),J16<>"")),"Error", IF(OR( AND(ISNUMBER($G$6),ISNUMBER(G16),G16>$G$6), AND(ISNUMBER($H$6),ISNUMBER(H16),H16>$H$6), AND(ISNUMBER($I$6),ISNUMBER(I16),I16>$I$6), AND(ISNUMBER($J$6),ISNUMBER(J16),J16>$J$6)),"Error", IF(SUM(G16:J16)>$K$7,"Error", SUM(G16:J16)))))) -> 237 | L16: 92 | M16: 92 | N16: 92 | P16: =IF(OR(F16="",COUNTA(L16:O16)=0),"", IF(COUNTA(L16:O16,$L$6:$O$6)=0,"", IF(OR( AND($L$6="",L16<>""),AND(ISTEXT($L$6),$L$6<>""),AND(ISTEXT(L16),L16<>""), AND($M$6="",M16<>""),AND(ISTEXT($M$6),$M$6<>""),AND(ISTEXT(M16),M16<>""), AND($N$6="",N16<>""),AND(ISTEXT($N$6),$N$6<>""),AND(ISTEXT(N16),N16<>""), AND($O$6="",O16<>""),AND(ISTEXT($O$6),$O$6<>""),AND(ISTEXT(O16),O16<>"")),"Error", IF(OR( AND(ISNUMBER($L$6),ISNUMBER(L16),L16>$L$6), AND(ISNUMBER($M$6),ISNUMBER(M16),M16>$M$6), AND(ISNUMBER($N$6),ISNUMBER(N16),N16>$N$6), AND(ISNUMBER($O$6),ISNUMBER(O16),O16>$O$6)),"Error", IF(SUM(L16:O16)>$P$7,"Error", SUM(L16:O16)))))) -> 276 | Q16: 62 | R16: =IF(F16="","", IF(AND(Q16="",$Q$6=""),"", IF($Q$6="","Error", IF(OR(AND(ISTEXT(Q16),Q16<>""),AND(ISTEXT($Q$6),$Q$6<>"")),"Error", IF(AND(ISNUMBER(Q16),ISNUMBER($Q$6),Q16>$Q$6),"Error", IFERROR(IF(Q16="","",(Q16/$Q$6)*100),0)))))) -> 88.571429 | T16: 45 | U16: 50 | X16: =IF(OR(F16="",COUNTA(T16:W16)=0),"", IF(COUNTA(T16:W16,$T$6:$W$6)=0,"", IF(OR( AND($T$6="",T16<>""),AND(ISTEXT($T$6),$T$6<>""),AND(ISTEXT(T16),T16<>""), AND($U$6="",U16<>""),AND(ISTEXT($U$6),$U$6<>""),AND(ISTEXT(U16),U16<>""), AND($V$6="",V16<>""),AND(ISTEXT($V$6),$V$6<>""),AND(ISTEXT(V16),V16<>""), AND($W$6="",W16<>""),AND(ISTEXT($W$6),$W$6<>""),AND(ISTEXT(W16),W16<>"")),"Error", IF(OR( AND(ISNUMBER($T$6),ISNUMBER(T16),T16>$T$6), AND(ISNUMBER($U$6),ISNUMBER(U16),U16>$U$6), AND(ISNUMBER($V$6),ISNUMBER(V16),V16>$V$6), AND(ISNUMBER($W$6),ISNUMBER(W16),W16>$W$6)),"Error", IF(SUM(T16:W16)>$X$7,"Error", SUM(T16:W16)))))) -> 95 | Y16: 9 | Z16: 14 | AA16: 24 | AC16: =IF(OR(F16="",COUNTA(Y16:AB16)=0),"", IF(COUNTA(Y16:AB16,$Y$6:$AB$6)=0,"", IF(OR( AND($Y$6="",Y16<>""),AND(ISTEXT($Y$6),$Y$6<>""),AND(ISTEXT(Y16),Y16<>""), AND($Z$6="",Z16<>""),AND(ISTEXT($Z$6),$Z$6<>""),AND(ISTEXT(Z16),Z16<>""), AND($AA$6="",AA16<>""),AND(ISTEXT($AA$6),$AA$6<>""),AND(ISTEXT(AA16),AA16<>""), AND($AB$6="",AB16<>""),AND(ISTEXT($AB$6),$AB$6<>""),AND(ISTEXT(AB16),AB16<>"")),"Error", IF(OR( AND(ISNUMBER($Y$6),ISNUMBER(Y16),Y16>$Y$6), AND(ISNUMBER($Z$6),ISNUMBER(Z16),Z16>$Z$6), AND(ISNUMBER($AA$6),ISNUMBER(AA16),AA16>$AA$6), AND(ISNUMBER($AB$6),ISNUMBER(AB16),AB16>$AB$6)),"Error", IF(SUM(Y16:AB16)>$AC$7,"Error", SUM(Y16:AB16)))))) -> 47 | AD16: 66 | AE16: =IF(F16="","", IF(AND(AD16="",$AD$6=""),"", IF($AD$6="","Error", IF(OR(AND(ISTEXT(AD16),AD16<>""),AND(ISTEXT($AD$6),$AD$6<>"")),"Error", IF(AND(ISNUMBER(AD16),ISNUMBER($AD$6),AD16>$AD$6),"Error", IFERROR(IF(AD16="","",(AD16/$AD$6)*100),0)))))) -> 94.285714 | AK16: =IF(OR(F16="",COUNTA(AG16:AJ16)=0),"", IF(COUNTA(AG16:AJ16,$AG$6:$AJ$6)=0,"", IF(OR( AND($AG$6="",AG16<>""),AND(ISTEXT($AG$6),$AG$6<>""),AND(ISTEXT(AG16),AG16<>""), AND($AH$6="",AH16<>""),AND(ISTEXT($AH$6),$AH$6<>""),AND(ISTEXT(AH16),AH16<>""), AND($AI$6="",AI16<>""),AND(ISTEXT($AI$6),$AI$6<>""),AND(ISTEXT(AI16),AI16<>""), AND($AJ$6="",AJ16<>""),AND(ISTEXT($AJ$6),$AJ$6<>""),AND(ISTEXT(AJ16),AJ16<>"")),"Error", IF(OR( AND(ISNUMBER($AG$6),ISNUMBER(AG16),AG16>$AG$6), AND(ISNUMBER($AH$6),ISNUMBER(AH16),AH16>$AH$6), AND(ISNUMBER($AI$6),ISNUMBER(AI16),AI16>$AI$6), AND(ISNUMBER($AJ$6),ISNUMBER(AJ16),AJ16>$AJ$6)),"Error", IF(SUM(AG16:AJ16)>$AK$7,"Error", SUM(AG16:AJ16)))))) | AP16: =IF(OR(F16="",COUNTA(AL16:AO16)=0),"", IF(COUNTA(AL16:AO16,$AL$6:$AO$6)=0,"", IF(OR( AND($AL$6="",AL16<>""),AND(ISTEXT($AL$6),$AL$6<>""),AND(ISTEXT(AL16),AL16<>""), AND($AM$6="",AM16<>""),AND(ISTEXT($AM$6),$AM$6<>""),AND(ISTEXT(AM16),AM16<>""), AND($AN$6="",AN16<>""),AND(ISTEXT($AN$6),$AN$6<>""),AND(ISTEXT(AN16),AN16<>""), AND($AO$6="",AO16<>""),AND(ISTEXT($AO$6),$AO$6<>""),AND(ISTEXT(AO16),AO16<>"")),"Error", IF(OR( AND(ISNUMBER($AL$6),ISNUMBER(AL16),AL16>$AL$6), AND(ISNUMBER($AM$6),ISNUMBER(AM16),AM16>$AM$6), AND(ISNUMBER($AN$6),ISNUMBER(AN16),AN16>$AN$6), AND(ISNUMBER($AO$6),ISNUMBER(AO16),AO16>$AO$6)),"Error", IF(SUM(AL16:AO16)>$AP$7,"Error", SUM(AL16:AO16)))))) | AR16: =IF(F16="","", IF(AND(AQ16="",$AQ$6=""),"", IF($AQ$6="","Error", IF(OR(AND(ISTEXT(AQ16),AQ16<>""),AND(ISTEXT($AQ$6),$AQ$6<>"")),"Error", IF(AND(ISNUMBER(AQ16),ISNUMBER($AQ$6),AD16>$AQ$6),"Error", IFERROR(IF(AQ16="","",(AQ16/$AQ$6)*100),0)))))) | AX16: =IF(OR(F16="",COUNTA(AT16:AW16)=0),"", IF(COUNTA(AT16:AW16,$AT$6:$AW$6)=0,"", IF(OR( AND($AT$6="",AT16<>""),AND(ISTEXT($AT$6),$AT$6<>""),AND(ISTEXT(AT16),AT16<>""), AND($AU$6="",AU16<>""),AND(ISTEXT($AU$6),$AU$6<>""),AND(ISTEXT(AU16),AU16<>""), AND($AV$6="",AV16<>""),AND(ISTEXT($AV$6),$AV$6<>""),AND(ISTEXT(AV16),AV16<>""), AND($AW$6="",AW16<>""),AND(ISTEXT($AW$6),$AW$6<>""),AND(ISTEXT(AW16),AW16<>"")),"Error", IF(OR( AND(ISNUMBER($AT$6),ISNUMBER(AT16),AT16>$AT$6), AND(ISNUMBER($AU$6),ISNUMBER(AU16),AU16>$AU$6), AND(ISNUMBER($AV$6),ISNUMBER(AV16),AV16>$AV$6), AND(ISNUMBER($AW$6),ISNUMBER(AW16),AW16>$AW$6)),"Error", IF(SUM(AT16:AW16)>$AX$7,"Error", SUM(AT16:AW16)))))) | BC16: =IF(OR(F16="",COUNTA(AY16:BB16)=0),"", IF(COUNTA(AY16:BB16,$AY$6:$BB$6)=0,"", IF(OR( AND($AY$6="",AY16<>""),AND(ISTEXT($AY$6),$AY$6<>""),AND(ISTEXT(AY16),AY16<>""), AND($AZ$6="",AZ16<>""),AND(ISTEXT($AZ$6),$AZ$6<>""),AND(ISTEXT(AZ16),AZ16<>""), AND($BA$6="",BA16<>""),AND(ISTEXT($BA$6),$BA$6<>""),AND(ISTEXT(BA16),BA16<>""), AND($BB$6="",BB16<>""),AND(ISTEXT($BB$6),$BB$6<>""),AND(ISTEXT(BB16),BB16<>"")),"Error", IF(OR( AND(ISNUMBER($AY$6),ISNUMBER(AY16),AY16>$AY$6), AND(ISNUMBER($AZ$6),ISNUMBER(AZ16),AZ16>$AZ$6), AND(ISNUMBER($BA$6),ISNUMBER(BA16),BA16>$BA$6), AND(ISNUMBER($BB$6),ISNUMBER(BB16),BB16>$BB$6)),"Error", IF(SUM(AY16:BB16)>$BC$7,"Error", SUM(AY16:BB16)))))) | BE16: =IF(F16="","", IF(AND(BD16="",$BD$6=""),"", IF($BD$6="","Error", IF(OR(AND(ISTEXT(BD16),BD16<>""),AND(ISTEXT($BD$6),$BD$6<>"")),"Error", IF(AND(ISNUMBER(BD16),ISNUMBER($BD$6),BD16>$BD$6),"Error", IFERROR(IF(BD16="","",(BD16/$BD$6)*100),0))))))
C17: =C16+1 -> 10 | D17: 02000491156 | F17: DACUBA,ANNEZA MAYE DANCIL | G17: 98 | H17: 98 | I17: 47 | K17: =IF(OR(F17="",COUNTA(G17:J17)=0),"", IF(COUNTA(G17:J17,$G$6:$J$6)=0,"", IF(OR( AND($G$6="",G17<>""),AND(ISTEXT($G$6),$G$6<>""),AND(ISTEXT(G17),G17<>""), AND($H$6="",H17<>""),AND(ISTEXT($H$6),$H$6<>""),AND(ISTEXT(H17),H17<>""), AND($I$6="",I17<>""),AND(ISTEXT($I$6),$I$6<>""),AND(ISTEXT(I17),I17<>""), AND($J$6="",J17<>""),AND(ISTEXT($J$6),$J$6<>""),AND(ISTEXT(J17),J17<>"")),"Error", IF(OR( AND(ISNUMBER($G$6),ISNUMBER(G17),G17>$G$6), AND(ISNUMBER($H$6),ISNUMBER(H17),H17>$H$6), AND(ISNUMBER($I$6),ISNUMBER(I17),I17>$I$6), AND(ISNUMBER($J$6),ISNUMBER(J17),J17>$J$6)),"Error", IF(SUM(G17:J17)>$K$7,"Error", SUM(G17:J17)))))) -> 243 | L17: 98 | M17: 98 | N17: 98 | P17: =IF(OR(F17="",COUNTA(L17:O17)=0),"", IF(COUNTA(L17:O17,$L$6:$O$6)=0,"", IF(OR( AND($L$6="",L17<>""),AND(ISTEXT($L$6),$L$6<>""),AND(ISTEXT(L17),L17<>""), AND($M$6="",M17<>""),AND(ISTEXT($M$6),$M$6<>""),AND(ISTEXT(M17),M17<>""), AND($N$6="",N17<>""),AND(ISTEXT($N$6),$N$6<>""),AND(ISTEXT(N17),N17<>""), AND($O$6="",O17<>""),AND(ISTEXT($O$6),$O$6<>""),AND(ISTEXT(O17),O17<>"")),"Error", IF(OR( AND(ISNUMBER($L$6),ISNUMBER(L17),L17>$L$6), AND(ISNUMBER($M$6),ISNUMBER(M17),M17>$M$6), AND(ISNUMBER($N$6),ISNUMBER(N17),N17>$N$6), AND(ISNUMBER($O$6),ISNUMBER(O17),O17>$O$6)),"Error", IF(SUM(L17:O17)>$P$7,"Error", SUM(L17:O17)))))) -> 294 | Q17: 58 | R17: =IF(F17="","", IF(AND(Q17="",$Q$6=""),"", IF($Q$6="","Error", IF(OR(AND(ISTEXT(Q17),Q17<>""),AND(ISTEXT($Q$6),$Q$6<>"")),"Error", IF(AND(ISNUMBER(Q17),ISNUMBER($Q$6),Q17>$Q$6),"Error", IFERROR(IF(Q17="","",(Q17/$Q$6)*100),0)))))) -> 82.857143 | T17: 0 | U17: 50 | X17: =IF(OR(F17="",COUNTA(T17:W17)=0),"", IF(COUNTA(T17:W17,$T$6:$W$6)=0,"", IF(OR( AND($T$6="",T17<>""),AND(ISTEXT($T$6),$T$6<>""),AND(ISTEXT(T17),T17<>""), AND($U$6="",U17<>""),AND(ISTEXT($U$6),$U$6<>""),AND(ISTEXT(U17),U17<>""), AND($V$6="",V17<>""),AND(ISTEXT($V$6),$V$6<>""),AND(ISTEXT(V17),V17<>""), AND($W$6="",W17<>""),AND(ISTEXT($W$6),$W$6<>""),AND(ISTEXT(W17),W17<>"")),"Error", IF(OR( AND(ISNUMBER($T$6),ISNUMBER(T17),T17>$T$6), AND(ISNUMBER($U$6),ISNUMBER(U17),U17>$U$6), AND(ISNUMBER($V$6),ISNUMBER(V17),V17>$V$6), AND(ISNUMBER($W$6),ISNUMBER(W17),W17>$W$6)),"Error", IF(SUM(T17:W17)>$X$7,"Error", SUM(T17:W17)))))) -> 50 | Y17: 0 | Z17: 0 | AA17: 19 | AC17: =IF(OR(F17="",COUNTA(Y17:AB17)=0),"", IF(COUNTA(Y17:AB17,$Y$6:$AB$6)=0,"", IF(OR( AND($Y$6="",Y17<>""),AND(ISTEXT($Y$6),$Y$6<>""),AND(ISTEXT(Y17),Y17<>""), AND($Z$6="",Z17<>""),AND(ISTEXT($Z$6),$Z$6<>""),AND(ISTEXT(Z17),Z17<>""), AND($AA$6="",AA17<>""),AND(ISTEXT($AA$6),$AA$6<>""),AND(ISTEXT(AA17),AA17<>""), AND($AB$6="",AB17<>""),AND(ISTEXT($AB$6),$AB$6<>""),AND(ISTEXT(AB17),AB17<>"")),"Error", IF(OR( AND(ISNUMBER($Y$6),ISNUMBER(Y17),Y17>$Y$6), AND(ISNUMBER($Z$6),ISNUMBER(Z17),Z17>$Z$6), AND(ISNUMBER($AA$6),ISNUMBER(AA17),AA17>$AA$6), AND(ISNUMBER($AB$6),ISNUMBER(AB17),AB17>$AB$6)),"Error", IF(SUM(Y17:AB17)>$AC$7,"Error", SUM(Y17:AB17)))))) -> 19 | AD17: 32 | AE17: =IF(F17="","", IF(AND(AD17="",$AD$6=""),"", IF($AD$6="","Error", IF(OR(AND(ISTEXT(AD17),AD17<>""),AND(ISTEXT($AD$6),$AD$6<>"")),"Error", IF(AND(ISNUMBER(AD17),ISNUMBER($AD$6),AD17>$AD$6),"Error", IFERROR(IF(AD17="","",(AD17/$AD$6)*100),0)))))) -> 45.714286 | AK17: =IF(OR(F17="",COUNTA(AG17:AJ17)=0),"", IF(COUNTA(AG17:AJ17,$AG$6:$AJ$6)=0,"", IF(OR( AND($AG$6="",AG17<>""),AND(ISTEXT($AG$6),$AG$6<>""),AND(ISTEXT(AG17),AG17<>""), AND($AH$6="",AH17<>""),AND(ISTEXT($AH$6),$AH$6<>""),AND(ISTEXT(AH17),AH17<>""), AND($AI$6="",AI17<>""),AND(ISTEXT($AI$6),$AI$6<>""),AND(ISTEXT(AI17),AI17<>""), AND($AJ$6="",AJ17<>""),AND(ISTEXT($AJ$6),$AJ$6<>""),AND(ISTEXT(AJ17),AJ17<>"")),"Error", IF(OR( AND(ISNUMBER($AG$6),ISNUMBER(AG17),AG17>$AG$6), AND(ISNUMBER($AH$6),ISNUMBER(AH17),AH17>$AH$6), AND(ISNUMBER($AI$6),ISNUMBER(AI17),AI17>$AI$6), AND(ISNUMBER($AJ$6),ISNUMBER(AJ17),AJ17>$AJ$6)),"Error", IF(SUM(AG17:AJ17)>$AK$7,"Error", SUM(AG17:AJ17)))))) | AP17: =IF(OR(F17="",COUNTA(AL17:AO17)=0),"", IF(COUNTA(AL17:AO17,$AL$6:$AO$6)=0,"", IF(OR( AND($AL$6="",AL17<>""),AND(ISTEXT($AL$6),$AL$6<>""),AND(ISTEXT(AL17),AL17<>""), AND($AM$6="",AM17<>""),AND(ISTEXT($AM$6),$AM$6<>""),AND(ISTEXT(AM17),AM17<>""), AND($AN$6="",AN17<>""),AND(ISTEXT($AN$6),$AN$6<>""),AND(ISTEXT(AN17),AN17<>""), AND($AO$6="",AO17<>""),AND(ISTEXT($AO$6),$AO$6<>""),AND(ISTEXT(AO17),AO17<>"")),"Error", IF(OR( AND(ISNUMBER($AL$6),ISNUMBER(AL17),AL17>$AL$6), AND(ISNUMBER($AM$6),ISNUMBER(AM17),AM17>$AM$6), AND(ISNUMBER($AN$6),ISNUMBER(AN17),AN17>$AN$6), AND(ISNUMBER($AO$6),ISNUMBER(AO17),AO17>$AO$6)),"Error", IF(SUM(AL17:AO17)>$AP$7,"Error", SUM(AL17:AO17)))))) | AR17: =IF(F17="","", IF(AND(AQ17="",$AQ$6=""),"", IF($AQ$6="","Error", IF(OR(AND(ISTEXT(AQ17),AQ17<>""),AND(ISTEXT($AQ$6),$AQ$6<>"")),"Error", IF(AND(ISNUMBER(AQ17),ISNUMBER($AQ$6),AD17>$AQ$6),"Error", IFERROR(IF(AQ17="","",(AQ17/$AQ$6)*100),0)))))) | AX17: =IF(OR(F17="",COUNTA(AT17:AW17)=0),"", IF(COUNTA(AT17:AW17,$AT$6:$AW$6)=0,"", IF(OR( AND($AT$6="",AT17<>""),AND(ISTEXT($AT$6),$AT$6<>""),AND(ISTEXT(AT17),AT17<>""), AND($AU$6="",AU17<>""),AND(ISTEXT($AU$6),$AU$6<>""),AND(ISTEXT(AU17),AU17<>""), AND($AV$6="",AV17<>""),AND(ISTEXT($AV$6),$AV$6<>""),AND(ISTEXT(AV17),AV17<>""), AND($AW$6="",AW17<>""),AND(ISTEXT($AW$6),$AW$6<>""),AND(ISTEXT(AW17),AW17<>"")),"Error", IF(OR( AND(ISNUMBER($AT$6),ISNUMBER(AT17),AT17>$AT$6), AND(ISNUMBER($AU$6),ISNUMBER(AU17),AU17>$AU$6), AND(ISNUMBER($AV$6),ISNUMBER(AV17),AV17>$AV$6), AND(ISNUMBER($AW$6),ISNUMBER(AW17),AW17>$AW$6)),"Error", IF(SUM(AT17:AW17)>$AX$7,"Error", SUM(AT17:AW17)))))) | BC17: =IF(OR(F17="",COUNTA(AY17:BB17)=0),"", IF(COUNTA(AY17:BB17,$AY$6:$BB$6)=0,"", IF(OR( AND($AY$6="",AY17<>""),AND(ISTEXT($AY$6),$AY$6<>""),AND(ISTEXT(AY17),AY17<>""), AND($AZ$6="",AZ17<>""),AND(ISTEXT($AZ$6),$AZ$6<>""),AND(ISTEXT(AZ17),AZ17<>""), AND($BA$6="",BA17<>""),AND(ISTEXT($BA$6),$BA$6<>""),AND(ISTEXT(BA17),BA17<>""), AND($BB$6="",BB17<>""),AND(ISTEXT($BB$6),$BB$6<>""),AND(ISTEXT(BB17),BB17<>"")),"Error", IF(OR( AND(ISNUMBER($AY$6),ISNUMBER(AY17),AY17>$AY$6), AND(ISNUMBER($AZ$6),ISNUMBER(AZ17),AZ17>$AZ$6), AND(ISNUMBER($BA$6),ISNUMBER(BA17),BA17>$BA$6), AND(ISNUMBER($BB$6),ISNUMBER(BB17),BB17>$BB$6)),"Error", IF(SUM(AY17:BB17)>$BC$7,"Error", SUM(AY17:BB17)))))) | BE17: =IF(F17="","", IF(AND(BD17="",$BD$6=""),"", IF($BD$6="","Error", IF(OR(AND(ISTEXT(BD17),BD17<>""),AND(ISTEXT($BD$6),$BD$6<>"")),"Error", IF(AND(ISNUMBER(BD17),ISNUMBER($BD$6),BD17>$BD$6),"Error", IFERROR(IF(BD17="","",(BD17/$BD$6)*100),0))))))
C18: =C17+1 -> 11 | D18: 02000487748 | F18: DESALISA,IVY ABANIL | G18: 95 | H18: 95 | I18: 47 | K18: =IF(OR(F18="",COUNTA(G18:J18)=0),"", IF(COUNTA(G18:J18,$G$6:$J$6)=0,"", IF(OR( AND($G$6="",G18<>""),AND(ISTEXT($G$6),$G$6<>""),AND(ISTEXT(G18),G18<>""), AND($H$6="",H18<>""),AND(ISTEXT($H$6),$H$6<>""),AND(ISTEXT(H18),H18<>""), AND($I$6="",I18<>""),AND(ISTEXT($I$6),$I$6<>""),AND(ISTEXT(I18),I18<>""), AND($J$6="",J18<>""),AND(ISTEXT($J$6),$J$6<>""),AND(ISTEXT(J18),J18<>"")),"Error", IF(OR( AND(ISNUMBER($G$6),ISNUMBER(G18),G18>$G$6), AND(ISNUMBER($H$6),ISNUMBER(H18),H18>$H$6), AND(ISNUMBER($I$6),ISNUMBER(I18),I18>$I$6), AND(ISNUMBER($J$6),ISNUMBER(J18),J18>$J$6)),"Error", IF(SUM(G18:J18)>$K$7,"Error", SUM(G18:J18)))))) -> 237 | L18: 98 | M18: 98 | N18: 98 | P18: =IF(OR(F18="",COUNTA(L18:O18)=0),"", IF(COUNTA(L18:O18,$L$6:$O$6)=0,"", IF(OR( AND($L$6="",L18<>""),AND(ISTEXT($L$6),$L$6<>""),AND(ISTEXT(L18),L18<>""), AND($M$6="",M18<>""),AND(ISTEXT($M$6),$M$6<>""),AND(ISTEXT(M18),M18<>""), AND($N$6="",N18<>""),AND(ISTEXT($N$6),$N$6<>""),AND(ISTEXT(N18),N18<>""), AND($O$6="",O18<>""),AND(ISTEXT($O$6),$O$6<>""),AND(ISTEXT(O18),O18<>"")),"Error", IF(OR( AND(ISNUMBER($L$6),ISNUMBER(L18),L18>$L$6), AND(ISNUMBER($M$6),ISNUMBER(M18),M18>$M$6), AND(ISNUMBER($N$6),ISNUMBER(N18),N18>$N$6), AND(ISNUMBER($O$6),ISNUMBER(O18),O18>$O$6)),"Error", IF(SUM(L18:O18)>$P$7,"Error", SUM(L18:O18)))))) -> 294 | Q18: 0 | R18: =IF(F18="","", IF(AND(Q18="",$Q$6=""),"", IF($Q$6="","Error", IF(OR(AND(ISTEXT(Q18),Q18<>""),AND(ISTEXT($Q$6),$Q$6<>"")),"Error", IF(AND(ISNUMBER(Q18),ISNUMBER($Q$6),Q18>$Q$6),"Error", IFERROR(IF(Q18="","",(Q18/$Q$6)*100),0)))))) -> 0 | T18: 0 | U18: 50 | X18: =IF(OR(F18="",COUNTA(T18:W18)=0),"", IF(COUNTA(T18:W18,$T$6:$W$6)=0,"", IF(OR( AND($T$6="",T18<>""),AND(ISTEXT($T$6),$T$6<>""),AND(ISTEXT(T18),T18<>""), AND($U$6="",U18<>""),AND(ISTEXT($U$6),$U$6<>""),AND(ISTEXT(U18),U18<>""), AND($V$6="",V18<>""),AND(ISTEXT($V$6),$V$6<>""),AND(ISTEXT(V18),V18<>""), AND($W$6="",W18<>""),AND(ISTEXT($W$6),$W$6<>""),AND(ISTEXT(W18),W18<>"")),"Error", IF(OR( AND(ISNUMBER($T$6),ISNUMBER(T18),T18>$T$6), AND(ISNUMBER($U$6),ISNUMBER(U18),U18>$U$6), AND(ISNUMBER($V$6),ISNUMBER(V18),V18>$V$6), AND(ISNUMBER($W$6),ISNUMBER(W18),W18>$W$6)),"Error", IF(SUM(T18:W18)>$X$7,"Error", SUM(T18:W18)))))) -> 50 | Y18: 0 | Z18: 0 | AA18: 14 | AC18: =IF(OR(F18="",COUNTA(Y18:AB18)=0),"", IF(COUNTA(Y18:AB18,$Y$6:$AB$6)=0,"", IF(OR( AND($Y$6="",Y18<>""),AND(ISTEXT($Y$6),$Y$6<>""),AND(ISTEXT(Y18),Y18<>""), AND($Z$6="",Z18<>""),AND(ISTEXT($Z$6),$Z$6<>""),AND(ISTEXT(Z18),Z18<>""), AND($AA$6="",AA18<>""),AND(ISTEXT($AA$6),$AA$6<>""),AND(ISTEXT(AA18),AA18<>""), AND($AB$6="",AB18<>""),AND(ISTEXT($AB$6),$AB$6<>""),AND(ISTEXT(AB18),AB18<>"")),"Error", IF(OR( AND(ISNUMBER($Y$6),ISNUMBER(Y18),Y18>$Y$6), AND(ISNUMBER($Z$6),ISNUMBER(Z18),Z18>$Z$6), AND(ISNUMBER($AA$6),ISNUMBER(AA18),AA18>$AA$6), AND(ISNUMBER($AB$6),ISNUMBER(AB18),AB18>$AB$6)),"Error", IF(SUM(Y18:AB18)>$AC$7,"Error", SUM(Y18:AB18)))))) -> 14 | AE18: =IF(F18="","", IF(AND(AD18="",$AD$6=""),"", IF($AD$6="","Error", IF(OR(AND(ISTEXT(AD18),AD18<>""),AND(ISTEXT($AD$6),$AD$6<>"")),"Error", IF(AND(ISNUMBER(AD18),ISNUMBER($AD$6),AD18>$AD$6),"Error", IFERROR(IF(AD18="","",(AD18/$AD$6)*100),0)))))) | AK18: =IF(OR(F18="",COUNTA(AG18:AJ18)=0),"", IF(COUNTA(AG18:AJ18,$AG$6:$AJ$6)=0,"", IF(OR( AND($AG$6="",AG18<>""),AND(ISTEXT($AG$6),$AG$6<>""),AND(ISTEXT(AG18),AG18<>""), AND($AH$6="",AH18<>""),AND(ISTEXT($AH$6),$AH$6<>""),AND(ISTEXT(AH18),AH18<>""), AND($AI$6="",AI18<>""),AND(ISTEXT($AI$6),$AI$6<>""),AND(ISTEXT(AI18),AI18<>""), AND($AJ$6="",AJ18<>""),AND(ISTEXT($AJ$6),$AJ$6<>""),AND(ISTEXT(AJ18),AJ18<>"")),"Error", IF(OR( AND(ISNUMBER($AG$6),ISNUMBER(AG18),AG18>$AG$6), AND(ISNUMBER($AH$6),ISNUMBER(AH18),AH18>$AH$6), AND(ISNUMBER($AI$6),ISNUMBER(AI18),AI18>$AI$6), AND(ISNUMBER($AJ$6),ISNUMBER(AJ18),AJ18>$AJ$6)),"Error", IF(SUM(AG18:AJ18)>$AK$7,"Error", SUM(AG18:AJ18)))))) | AP18: =IF(OR(F18="",COUNTA(AL18:AO18)=0),"", IF(COUNTA(AL18:AO18,$AL$6:$AO$6)=0,"", IF(OR( AND($AL$6="",AL18<>""),AND(ISTEXT($AL$6),$AL$6<>""),AND(ISTEXT(AL18),AL18<>""), AND($AM$6="",AM18<>""),AND(ISTEXT($AM$6),$AM$6<>""),AND(ISTEXT(AM18),AM18<>""), AND($AN$6="",AN18<>""),AND(ISTEXT($AN$6),$AN$6<>""),AND(ISTEXT(AN18),AN18<>""), AND($AO$6="",AO18<>""),AND(ISTEXT($AO$6),$AO$6<>""),AND(ISTEXT(AO18),AO18<>"")),"Error", IF(OR( AND(ISNUMBER($AL$6),ISNUMBER(AL18),AL18>$AL$6), AND(ISNUMBER($AM$6),ISNUMBER(AM18),AM18>$AM$6), AND(ISNUMBER($AN$6),ISNUMBER(AN18),AN18>$AN$6), AND(ISNUMBER($AO$6),ISNUMBER(AO18),AO18>$AO$6)),"Error", IF(SUM(AL18:AO18)>$AP$7,"Error", SUM(AL18:AO18)))))) | AR18: =IF(F18="","", IF(AND(AQ18="",$AQ$6=""),"", IF($AQ$6="","Error", IF(OR(AND(ISTEXT(AQ18),AQ18<>""),AND(ISTEXT($AQ$6),$AQ$6<>"")),"Error", IF(AND(ISNUMBER(AQ18),ISNUMBER($AQ$6),AD18>$AQ$6),"Error", IFERROR(IF(AQ18="","",(AQ18/$AQ$6)*100),0)))))) | AX18: =IF(OR(F18="",COUNTA(AT18:AW18)=0),"", IF(COUNTA(AT18:AW18,$AT$6:$AW$6)=0,"", IF(OR( AND($AT$6="",AT18<>""),AND(ISTEXT($AT$6),$AT$6<>""),AND(ISTEXT(AT18),AT18<>""), AND($AU$6="",AU18<>""),AND(ISTEXT($AU$6),$AU$6<>""),AND(ISTEXT(AU18),AU18<>""), AND($AV$6="",AV18<>""),AND(ISTEXT($AV$6),$AV$6<>""),AND(ISTEXT(AV18),AV18<>""), AND($AW$6="",AW18<>""),AND(ISTEXT($AW$6),$AW$6<>""),AND(ISTEXT(AW18),AW18<>"")),"Error", IF(OR( AND(ISNUMBER($AT$6),ISNUMBER(AT18),AT18>$AT$6), AND(ISNUMBER($AU$6),ISNUMBER(AU18),AU18>$AU$6), AND(ISNUMBER($AV$6),ISNUMBER(AV18),AV18>$AV$6), AND(ISNUMBER($AW$6),ISNUMBER(AW18),AW18>$AW$6)),"Error", IF(SUM(AT18:AW18)>$AX$7,"Error", SUM(AT18:AW18)))))) | BC18: =IF(OR(F18="",COUNTA(AY18:BB18)=0),"", IF(COUNTA(AY18:BB18,$AY$6:$BB$6)=0,"", IF(OR( AND($AY$6="",AY18<>""),AND(ISTEXT($AY$6),$AY$6<>""),AND(ISTEXT(AY18),AY18<>""), AND($AZ$6="",AZ18<>""),AND(ISTEXT($AZ$6),$AZ$6<>""),AND(ISTEXT(AZ18),AZ18<>""), AND($BA$6="",BA18<>""),AND(ISTEXT($BA$6),$BA$6<>""),AND(ISTEXT(BA18),BA18<>""), AND($BB$6="",BB18<>""),AND(ISTEXT($BB$6),$BB$6<>""),AND(ISTEXT(BB18),BB18<>"")),"Error", IF(OR( AND(ISNUMBER($AY$6),ISNUMBER(AY18),AY18>$AY$6), AND(ISNUMBER($AZ$6),ISNUMBER(AZ18),AZ18>$AZ$6), AND(ISNUMBER($BA$6),ISNUMBER(BA18),BA18>$BA$6), AND(ISNUMBER($BB$6),ISNUMBER(BB18),BB18>$BB$6)),"Error", IF(SUM(AY18:BB18)>$BC$7,"Error", SUM(AY18:BB18)))))) | BE18: =IF(F18="","", IF(AND(BD18="",$BD$6=""),"", IF($BD$6="","Error", IF(OR(AND(ISTEXT(BD18),BD18<>""),AND(ISTEXT($BD$6),$BD$6<>"")),"Error", IF(AND(ISNUMBER(BD18),ISNUMBER($BD$6),BD18>$BD$6),"Error", IFERROR(IF(BD18="","",(BD18/$BD$6)*100),0))))))
C19: =C18+1 -> 12 | D19: 02000504031 | F19: DOMINGUEZ,ADJA | G19: 100 | H19: 100 | I19: 48 | K19: =IF(OR(F19="",COUNTA(G19:J19)=0),"", IF(COUNTA(G19:J19,$G$6:$J$6)=0,"", IF(OR( AND($G$6="",G19<>""),AND(ISTEXT($G$6),$G$6<>""),AND(ISTEXT(G19),G19<>""), AND($H$6="",H19<>""),AND(ISTEXT($H$6),$H$6<>""),AND(ISTEXT(H19),H19<>""), AND($I$6="",I19<>""),AND(ISTEXT($I$6),$I$6<>""),AND(ISTEXT(I19),I19<>""), AND($J$6="",J19<>""),AND(ISTEXT($J$6),$J$6<>""),AND(ISTEXT(J19),J19<>"")),"Error", IF(OR( AND(ISNUMBER($G$6),ISNUMBER(G19),G19>$G$6), AND(ISNUMBER($H$6),ISNUMBER(H19),H19>$H$6), AND(ISNUMBER($I$6),ISNUMBER(I19),I19>$I$6), AND(ISNUMBER($J$6),ISNUMBER(J19),J19>$J$6)),"Error", IF(SUM(G19:J19)>$K$7,"Error", SUM(G19:J19)))))) -> 248 | L19: 100 | M19: 100 | N19: 100 | P19: =IF(OR(F19="",COUNTA(L19:O19)=0),"", IF(COUNTA(L19:O19,$L$6:$O$6)=0,"", IF(OR( AND($L$6="",L19<>""),AND(ISTEXT($L$6),$L$6<>""),AND(ISTEXT(L19),L19<>""), AND($M$6="",M19<>""),AND(ISTEXT($M$6),$M$6<>""),AND(ISTEXT(M19),M19<>""), AND($N$6="",N19<>""),AND(ISTEXT($N$6),$N$6<>""),AND(ISTEXT(N19),N19<>""), AND($O$6="",O19<>""),AND(ISTEXT($O$6),$O$6<>""),AND(ISTEXT(O19),O19<>"")),"Error", IF(OR( AND(ISNUMBER($L$6),ISNUMBER(L19),L19>$L$6), AND(ISNUMBER($M$6),ISNUMBER(M19),M19>$M$6), AND(ISNUMBER($N$6),ISNUMBER(N19),N19>$N$6), AND(ISNUMBER($O$6),ISNUMBER(O19),O19>$O$6)),"Error", IF(SUM(L19:O19)>$P$7,"Error", SUM(L19:O19)))))) -> 300 | Q19: 18 | R19: =IF(F19="","", IF(AND(Q19="",$Q$6=""),"", IF($Q$6="","Error", IF(OR(AND(ISTEXT(Q19),Q19<>""),AND(ISTEXT($Q$6),$Q$6<>"")),"Error", IF(AND(ISNUMBER(Q19),ISNUMBER($Q$6),Q19>$Q$6),"Error", IFERROR(IF(Q19="","",(Q19/$Q$6)*100),0)))))) -> 25.714286 | T19: 0 | U19: 50 | X19: =IF(OR(F19="",COUNTA(T19:W19)=0),"", IF(COUNTA(T19:W19,$T$6:$W$6)=0,"", IF(OR( AND($T$6="",T19<>""),AND(ISTEXT($T$6),$T$6<>""),AND(ISTEXT(T19),T19<>""), AND($U$6="",U19<>""),AND(ISTEXT($U$6),$U$6<>""),AND(ISTEXT(U19),U19<>""), AND($V$6="",V19<>""),AND(ISTEXT($V$6),$V$6<>""),AND(ISTEXT(V19),V19<>""), AND($W$6="",W19<>""),AND(ISTEXT($W$6),$W$6<>""),AND(ISTEXT(W19),W19<>"")),"Error", IF(OR( AND(ISNUMBER($T$6),ISNUMBER(T19),T19>$T$6), AND(ISNUMBER($U$6),ISNUMBER(U19),U19>$U$6), AND(ISNUMBER($V$6),ISNUMBER(V19),V19>$V$6), AND(ISNUMBER($W$6),ISNUMBER(W19),W19>$W$6)),"Error", IF(SUM(T19:W19)>$X$7,"Error", SUM(T19:W19)))))) -> 50 | Y19: 0 | Z19: 0 | AA19: 14 | AC19: =IF(OR(F19="",COUNTA(Y19:AB19)=0),"", IF(COUNTA(Y19:AB19,$Y$6:$AB$6)=0,"", IF(OR( AND($Y$6="",Y19<>""),AND(ISTEXT($Y$6),$Y$6<>""),AND(ISTEXT(Y19),Y19<>""), AND($Z$6="",Z19<>""),AND(ISTEXT($Z$6),$Z$6<>""),AND(ISTEXT(Z19),Z19<>""), AND($AA$6="",AA19<>""),AND(ISTEXT($AA$6),$AA$6<>""),AND(ISTEXT(AA19),AA19<>""), AND($AB$6="",AB19<>""),AND(ISTEXT($AB$6),$AB$6<>""),AND(ISTEXT(AB19),AB19<>"")),"Error", IF(OR( AND(ISNUMBER($Y$6),ISNUMBER(Y19),Y19>$Y$6), AND(ISNUMBER($Z$6),ISNUMBER(Z19),Z19>$Z$6), AND(ISNUMBER($AA$6),ISNUMBER(AA19),AA19>$AA$6), AND(ISNUMBER($AB$6),ISNUMBER(AB19),AB19>$AB$6)),"Error", IF(SUM(Y19:AB19)>$AC$7,"Error", SUM(Y19:AB19)))))) -> 14 | AD19: 20 | AE19: =IF(F19="","", IF(AND(AD19="",$AD$6=""),"", IF($AD$6="","Error", IF(OR(AND(ISTEXT(AD19),AD19<>""),AND(ISTEXT($AD$6),$AD$6<>"")),"Error", IF(AND(ISNUMBER(AD19),ISNUMBER($AD$6),AD19>$AD$6),"Error", IFERROR(IF(AD19="","",(AD19/$AD$6)*100),0)))))) -> 28.571429 | AK19: =IF(OR(F19="",COUNTA(AG19:AJ19)=0),"", IF(COUNTA(AG19:AJ19,$AG$6:$AJ$6)=0,"", IF(OR( AND($AG$6="",AG19<>""),AND(ISTEXT($AG$6),$AG$6<>""),AND(ISTEXT(AG19),AG19<>""), AND($AH$6="",AH19<>""),AND(ISTEXT($AH$6),$AH$6<>""),AND(ISTEXT(AH19),AH19<>""), AND($AI$6="",AI19<>""),AND(ISTEXT($AI$6),$AI$6<>""),AND(ISTEXT(AI19),AI19<>""), AND($AJ$6="",AJ19<>""),AND(ISTEXT($AJ$6),$AJ$6<>""),AND(ISTEXT(AJ19),AJ19<>"")),"Error", IF(OR( AND(ISNUMBER($AG$6),ISNUMBER(AG19),AG19>$AG$6), AND(ISNUMBER($AH$6),ISNUMBER(AH19),AH19>$AH$6), AND(ISNUMBER($AI$6),ISNUMBER(AI19),AI19>$AI$6), AND(ISNUMBER($AJ$6),ISNUMBER(AJ19),AJ19>$AJ$6)),"Error", IF(SUM(AG19:AJ19)>$AK$7,"Error", SUM(AG19:AJ19)))))) | AP19: =IF(OR(F19="",COUNTA(AL19:AO19)=0),"", IF(COUNTA(AL19:AO19,$AL$6:$AO$6)=0,"", IF(OR( AND($AL$6="",AL19<>""),AND(ISTEXT($AL$6),$AL$6<>""),AND(ISTEXT(AL19),AL19<>""), AND($AM$6="",AM19<>""),AND(ISTEXT($AM$6),$AM$6<>""),AND(ISTEXT(AM19),AM19<>""), AND($AN$6="",AN19<>""),AND(ISTEXT($AN$6),$AN$6<>""),AND(ISTEXT(AN19),AN19<>""), AND($AO$6="",AO19<>""),AND(ISTEXT($AO$6),$AO$6<>""),AND(ISTEXT(AO19),AO19<>"")),"Error", IF(OR( AND(ISNUMBER($AL$6),ISNUMBER(AL19),AL19>$AL$6), AND(ISNUMBER($AM$6),ISNUMBER(AM19),AM19>$AM$6), AND(ISNUMBER($AN$6),ISNUMBER(AN19),AN19>$AN$6), AND(ISNUMBER($AO$6),ISNUMBER(AO19),AO19>$AO$6)),"Error", IF(SUM(AL19:AO19)>$AP$7,"Error", SUM(AL19:AO19)))))) | AR19: =IF(F19="","", IF(AND(AQ19="",$AQ$6=""),"", IF($AQ$6="","Error", IF(OR(AND(ISTEXT(AQ19),AQ19<>""),AND(ISTEXT($AQ$6),$AQ$6<>"")),"Error", IF(AND(ISNUMBER(AQ19),ISNUMBER($AQ$6),AD19>$AQ$6),"Error", IFERROR(IF(AQ19="","",(AQ19/$AQ$6)*100),0)))))) | AX19: =IF(OR(F19="",COUNTA(AT19:AW19)=0),"", IF(COUNTA(AT19:AW19,$AT$6:$AW$6)=0,"", IF(OR( AND($AT$6="",AT19<>""),AND(ISTEXT($AT$6),$AT$6<>""),AND(ISTEXT(AT19),AT19<>""), AND($AU$6="",AU19<>""),AND(ISTEXT($AU$6),$AU$6<>""),AND(ISTEXT(AU19),AU19<>""), AND($AV$6="",AV19<>""),AND(ISTEXT($AV$6),$AV$6<>""),AND(ISTEXT(AV19),AV19<>""), AND($AW$6="",AW19<>""),AND(ISTEXT($AW$6),$AW$6<>""),AND(ISTEXT(AW19),AW19<>"")),"Error", IF(OR( AND(ISNUMBER($AT$6),ISNUMBER(AT19),AT19>$AT$6), AND(ISNUMBER($AU$6),ISNUMBER(AU19),AU19>$AU$6), AND(ISNUMBER($AV$6),ISNUMBER(AV19),AV19>$AV$6), AND(ISNUMBER($AW$6),ISNUMBER(AW19),AW19>$AW$6)),"Error", IF(SUM(AT19:AW19)>$AX$7,"Error", SUM(AT19:AW19)))))) | BC19: =IF(OR(F19="",COUNTA(AY19:BB19)=0),"", IF(COUNTA(AY19:BB19,$AY$6:$BB$6)=0,"", IF(OR( AND($AY$6="",AY19<>""),AND(ISTEXT($AY$6),$AY$6<>""),AND(ISTEXT(AY19),AY19<>""), AND($AZ$6="",AZ19<>""),AND(ISTEXT($AZ$6),$AZ$6<>""),AND(ISTEXT(AZ19),AZ19<>""), AND($BA$6="",BA19<>""),AND(ISTEXT($BA$6),$BA$6<>""),AND(ISTEXT(BA19),BA19<>""), AND($BB$6="",BB19<>""),AND(ISTEXT($BB$6),$BB$6<>""),AND(ISTEXT(BB19),BB19<>"")),"Error", IF(OR( AND(ISNUMBER($AY$6),ISNUMBER(AY19),AY19>$AY$6), AND(ISNUMBER($AZ$6),ISNUMBER(AZ19),AZ19>$AZ$6), AND(ISNUMBER($BA$6),ISNUMBER(BA19),BA19>$BA$6), AND(ISNUMBER($BB$6),ISNUMBER(BB19),BB19>$BB$6)),"Error", IF(SUM(AY19:BB19)>$BC$7,"Error", SUM(AY19:BB19)))))) | BE19: =IF(F19="","", IF(AND(BD19="",$BD$6=""),"", IF($BD$6="","Error", IF(OR(AND(ISTEXT(BD19),BD19<>""),AND(ISTEXT($BD$6),$BD$6<>"")),"Error", IF(AND(ISNUMBER(BD19),ISNUMBER($BD$6),BD19>$BD$6),"Error", IFERROR(IF(BD19="","",(BD19/$BD$6)*100),0))))))
C20: =C19+1 -> 13 | D20: 02000504595 | F20: ELEGADO,RAQUEL JILLIAN BURCER | G20: 100 | H20: 100 | I20: 48 | K20: =IF(OR(F20="",COUNTA(G20:J20)=0),"", IF(COUNTA(G20:J20,$G$6:$J$6)=0,"", IF(OR( AND($G$6="",G20<>""),AND(ISTEXT($G$6),$G$6<>""),AND(ISTEXT(G20),G20<>""), AND($H$6="",H20<>""),AND(ISTEXT($H$6),$H$6<>""),AND(ISTEXT(H20),H20<>""), AND($I$6="",I20<>""),AND(ISTEXT($I$6),$I$6<>""),AND(ISTEXT(I20),I20<>""), AND($J$6="",J20<>""),AND(ISTEXT($J$6),$J$6<>""),AND(ISTEXT(J20),J20<>"")),"Error", IF(OR( AND(ISNUMBER($G$6),ISNUMBER(G20),G20>$G$6), AND(ISNUMBER($H$6),ISNUMBER(H20),H20>$H$6), AND(ISNUMBER($I$6),ISNUMBER(I20),I20>$I$6), AND(ISNUMBER($J$6),ISNUMBER(J20),J20>$J$6)),"Error", IF(SUM(G20:J20)>$K$7,"Error", SUM(G20:J20)))))) -> 248 | L20: 100 | M20: 100 | N20: 100 | P20: =IF(OR(F20="",COUNTA(L20:O20)=0),"", IF(COUNTA(L20:O20,$L$6:$O$6)=0,"", IF(OR( AND($L$6="",L20<>""),AND(ISTEXT($L$6),$L$6<>""),AND(ISTEXT(L20),L20<>""), AND($M$6="",M20<>""),AND(ISTEXT($M$6),$M$6<>""),AND(ISTEXT(M20),M20<>""), AND($N$6="",N20<>""),AND(ISTEXT($N$6),$N$6<>""),AND(ISTEXT(N20),N20<>""), AND($O$6="",O20<>""),AND(ISTEXT($O$6),$O$6<>""),AND(ISTEXT(O20),O20<>"")),"Error", IF(OR( AND(ISNUMBER($L$6),ISNUMBER(L20),L20>$L$6), AND(ISNUMBER($M$6),ISNUMBER(M20),M20>$M$6), AND(ISNUMBER($N$6),ISNUMBER(N20),N20>$N$6), AND(ISNUMBER($O$6),ISNUMBER(O20),O20>$O$6)),"Error", IF(SUM(L20:O20)>$P$7,"Error", SUM(L20:O20)))))) -> 300 | Q20: 44 | R20: =IF(F20="","", IF(AND(Q20="",$Q$6=""),"", IF($Q$6="","Error", IF(OR(AND(ISTEXT(Q20),Q20<>""),AND(ISTEXT($Q$6),$Q$6<>"")),"Error", IF(AND(ISNUMBER(Q20),ISNUMBER($Q$6),Q20>$Q$6),"Error", IFERROR(IF(Q20="","",(Q20/$Q$6)*100),0)))))) -> 62.857143 | T20: 48 | U20: 50 | X20: =IF(OR(F20="",COUNTA(T20:W20)=0),"", IF(COUNTA(T20:W20,$T$6:$W$6)=0,"", IF(OR( AND($T$6="",T20<>""),AND(ISTEXT($T$6),$T$6<>""),AND(ISTEXT(T20),T20<>""), AND($U$6="",U20<>""),AND(ISTEXT($U$6),$U$6<>""),AND(ISTEXT(U20),U20<>""), AND($V$6="",V20<>""),AND(ISTEXT($V$6),$V$6<>""),AND(ISTEXT(V20),V20<>""), AND($W$6="",W20<>""),AND(ISTEXT($W$6),$W$6<>""),AND(ISTEXT(W20),W20<>"")),"Error", IF(OR( AND(ISNUMBER($T$6),ISNUMBER(T20),T20>$T$6), AND(ISNUMBER($U$6),ISNUMBER(U20),U20>$U$6), AND(ISNUMBER($V$6),ISNUMBER(V20),V20>$V$6), AND(ISNUMBER($W$6),ISNUMBER(W20),W20>$W$6)),"Error", IF(SUM(T20:W20)>$X$7,"Error", SUM(T20:W20)))))) -> 98 | Y20: 10 | Z20: 0 | AA20: 14 | AC20: =IF(OR(F20="",COUNTA(Y20:AB20)=0),"", IF(COUNTA(Y20:AB20,$Y$6:$AB$6)=0,"", IF(OR( AND($Y$6="",Y20<>""),AND(ISTEXT($Y$6),$Y$6<>""),AND(ISTEXT(Y20),Y20<>""), AND($Z$6="",Z20<>""),AND(ISTEXT($Z$6),$Z$6<>""),AND(ISTEXT(Z20),Z20<>""), AND($AA$6="",AA20<>""),AND(ISTEXT($AA$6),$AA$6<>""),AND(ISTEXT(AA20),AA20<>""), AND($AB$6="",AB20<>""),AND(ISTEXT($AB$6),$AB$6<>""),AND(ISTEXT(AB20),AB20<>"")),"Error", IF(OR( AND(ISNUMBER($Y$6),ISNUMBER(Y20),Y20>$Y$6), AND(ISNUMBER($Z$6),ISNUMBER(Z20),Z20>$Z$6), AND(ISNUMBER($AA$6),ISNUMBER(AA20),AA20>$AA$6), AND(ISNUMBER($AB$6),ISNUMBER(AB20),AB20>$AB$6)),"Error", IF(SUM(Y20:AB20)>$AC$7,"Error", SUM(Y20:AB20)))))) -> 24 | AD20: 38 | AE20: =IF(F20="","", IF(AND(AD20="",$AD$6=""),"", IF($AD$6="","Error", IF(OR(AND(ISTEXT(AD20),AD20<>""),AND(ISTEXT($AD$6),$AD$6<>"")),"Error", IF(AND(ISNUMBER(AD20),ISNUMBER($AD$6),AD20>$AD$6),"Error", IFERROR(IF(AD20="","",(AD20/$AD$6)*100),0)))))) -> 54.285714 | AK20: =IF(OR(F20="",COUNTA(AG20:AJ20)=0),"", IF(COUNTA(AG20:AJ20,$AG$6:$AJ$6)=0,"", IF(OR( AND($AG$6="",AG20<>""),AND(ISTEXT($AG$6),$AG$6<>""),AND(ISTEXT(AG20),AG20<>""), AND($AH$6="",AH20<>""),AND(ISTEXT($AH$6),$AH$6<>""),AND(ISTEXT(AH20),AH20<>""), AND($AI$6="",AI20<>""),AND(ISTEXT($AI$6),$AI$6<>""),AND(ISTEXT(AI20),AI20<>""), AND($AJ$6="",AJ20<>""),AND(ISTEXT($AJ$6),$AJ$6<>""),AND(ISTEXT(AJ20),AJ20<>"")),"Error", IF(OR( AND(ISNUMBER($AG$6),ISNUMBER(AG20),AG20>$AG$6), AND(ISNUMBER($AH$6),ISNUMBER(AH20),AH20>$AH$6), AND(ISNUMBER($AI$6),ISNUMBER(AI20),AI20>$AI$6), AND(ISNUMBER($AJ$6),ISNUMBER(AJ20),AJ20>$AJ$6)),"Error", IF(SUM(AG20:AJ20)>$AK$7,"Error", SUM(AG20:AJ20)))))) | AP20: =IF(OR(F20="",COUNTA(AL20:AO20)=0),"", IF(COUNTA(AL20:AO20,$AL$6:$AO$6)=0,"", IF(OR( AND($AL$6="",AL20<>""),AND(ISTEXT($AL$6),$AL$6<>""),AND(ISTEXT(AL20),AL20<>""), AND($AM$6="",AM20<>""),AND(ISTEXT($AM$6),$AM$6<>""),AND(ISTEXT(AM20),AM20<>""), AND($AN$6="",AN20<>""),AND(ISTEXT($AN$6),$AN$6<>""),AND(ISTEXT(AN20),AN20<>""), AND($AO$6="",AO20<>""),AND(ISTEXT($AO$6),$AO$6<>""),AND(ISTEXT(AO20),AO20<>"")),"Error", IF(OR( AND(ISNUMBER($AL$6),ISNUMBER(AL20),AL20>$AL$6), AND(ISNUMBER($AM$6),ISNUMBER(AM20),AM20>$AM$6), AND(ISNUMBER($AN$6),ISNUMBER(AN20),AN20>$AN$6), AND(ISNUMBER($AO$6),ISNUMBER(AO20),AO20>$AO$6)),"Error", IF(SUM(AL20:AO20)>$AP$7,"Error", SUM(AL20:AO20)))))) | AR20: =IF(F20="","", IF(AND(AQ20="",$AQ$6=""),"", IF($AQ$6="","Error", IF(OR(AND(ISTEXT(AQ20),AQ20<>""),AND(ISTEXT($AQ$6),$AQ$6<>"")),"Error", IF(AND(ISNUMBER(AQ20),ISNUMBER($AQ$6),AD20>$AQ$6),"Error", IFERROR(IF(AQ20="","",(AQ20/$AQ$6)*100),0)))))) | AX20: =IF(OR(F20="",COUNTA(AT20:AW20)=0),"", IF(COUNTA(AT20:AW20,$AT$6:$AW$6)=0,"", IF(OR( AND($AT$6="",AT20<>""),AND(ISTEXT($AT$6),$AT$6<>""),AND(ISTEXT(AT20),AT20<>""), AND($AU$6="",AU20<>""),AND(ISTEXT($AU$6),$AU$6<>""),AND(ISTEXT(AU20),AU20<>""), AND($AV$6="",AV20<>""),AND(ISTEXT($AV$6),$AV$6<>""),AND(ISTEXT(AV20),AV20<>""), AND($AW$6="",AW20<>""),AND(ISTEXT($AW$6),$AW$6<>""),AND(ISTEXT(AW20),AW20<>"")),"Error", IF(OR( AND(ISNUMBER($AT$6),ISNUMBER(AT20),AT20>$AT$6), AND(ISNUMBER($AU$6),ISNUMBER(AU20),AU20>$AU$6), AND(ISNUMBER($AV$6),ISNUMBER(AV20),AV20>$AV$6), AND(ISNUMBER($AW$6),ISNUMBER(AW20),AW20>$AW$6)),"Error", IF(SUM(AT20:AW20)>$AX$7,"Error", SUM(AT20:AW20)))))) | BC20: =IF(OR(F20="",COUNTA(AY20:BB20)=0),"", IF(COUNTA(AY20:BB20,$AY$6:$BB$6)=0,"", IF(OR( AND($AY$6="",AY20<>""),AND(ISTEXT($AY$6),$AY$6<>""),AND(ISTEXT(AY20),AY20<>""), AND($AZ$6="",AZ20<>""),AND(ISTEXT($AZ$6),$AZ$6<>""),AND(ISTEXT(AZ20),AZ20<>""), AND($BA$6="",BA20<>""),AND(ISTEXT($BA$6),$BA$6<>""),AND(ISTEXT(BA20),BA20<>""), AND($BB$6="",BB20<>""),AND(ISTEXT($BB$6),$BB$6<>""),AND(ISTEXT(BB20),BB20<>"")),"Error", IF(OR( AND(ISNUMBER($AY$6),ISNUMBER(AY20),AY20>$AY$6), AND(ISNUMBER($AZ$6),ISNUMBER(AZ20),AZ20>$AZ$6), AND(ISNUMBER($BA$6),ISNUMBER(BA20),BA20>$BA$6), AND(ISNUMBER($BB$6),ISNUMBER(BB20),BB20>$BB$6)),"Error", IF(SUM(AY20:BB20)>$BC$7,"Error", SUM(AY20:BB20)))))) | BE20: =IF(F20="","", IF(AND(BD20="",$BD$6=""),"", IF($BD$6="","Error", IF(OR(AND(ISTEXT(BD20),BD20<>""),AND(ISTEXT($BD$6),$BD$6<>"")),"Error", IF(AND(ISNUMBER(BD20),ISNUMBER($BD$6),BD20>$BD$6),"Error", IFERROR(IF(BD20="","",(BD20/$BD$6)*100),0))))))
C21: =C20+1 -> 14 | D21: 02000493811 | F21: FRANCE,KRISTEL CASSANDRA BASALLOTE | G21: 95 | H21: 95 | I21: 47 | K21: =IF(OR(F21="",COUNTA(G21:J21)=0),"", IF(COUNTA(G21:J21,$G$6:$J$6)=0,"", IF(OR( AND($G$6="",G21<>""),AND(ISTEXT($G$6),$G$6<>""),AND(ISTEXT(G21),G21<>""), AND($H$6="",H21<>""),AND(ISTEXT($H$6),$H$6<>""),AND(ISTEXT(H21),H21<>""), AND($I$6="",I21<>""),AND(ISTEXT($I$6),$I$6<>""),AND(ISTEXT(I21),I21<>""), AND($J$6="",J21<>""),AND(ISTEXT($J$6),$J$6<>""),AND(ISTEXT(J21),J21<>"")),"Error", IF(OR( AND(ISNUMBER($G$6),ISNUMBER(G21),G21>$G$6), AND(ISNUMBER($H$6),ISNUMBER(H21),H21>$H$6), AND(ISNUMBER($I$6),ISNUMBER(I21),I21>$I$6), AND(ISNUMBER($J$6),ISNUMBER(J21),J21>$J$6)),"Error", IF(SUM(G21:J21)>$K$7,"Error", SUM(G21:J21)))))) -> 237 | L21: 95 | M21: 95 | N21: 95 | P21: =IF(OR(F21="",COUNTA(L21:O21)=0),"", IF(COUNTA(L21:O21,$L$6:$O$6)=0,"", IF(OR( AND($L$6="",L21<>""),AND(ISTEXT($L$6),$L$6<>""),AND(ISTEXT(L21),L21<>""), AND($M$6="",M21<>""),AND(ISTEXT($M$6),$M$6<>""),AND(ISTEXT(M21),M21<>""), AND($N$6="",N21<>""),AND(ISTEXT($N$6),$N$6<>""),AND(ISTEXT(N21),N21<>""), AND($O$6="",O21<>""),AND(ISTEXT($O$6),$O$6<>""),AND(ISTEXT(O21),O21<>"")),"Error", IF(OR( AND(ISNUMBER($L$6),ISNUMBER(L21),L21>$L$6), AND(ISNUMBER($M$6),ISNUMBER(M21),M21>$M$6), AND(ISNUMBER($N$6),ISNUMBER(N21),N21>$N$6), AND(ISNUMBER($O$6),ISNUMBER(O21),O21>$O$6)),"Error", IF(SUM(L21:O21)>$P$7,"Error", SUM(L21:O21)))))) -> 285 | Q21: 0 | R21: =IF(F21="","", IF(AND(Q21="",$Q$6=""),"", IF($Q$6="","Error", IF(OR(AND(ISTEXT(Q21),Q21<>""),AND(ISTEXT($Q$6),$Q$6<>"")),"Error", IF(AND(ISNUMBER(Q21),ISNUMBER($Q$6),Q21>$Q$6),"Error", IFERROR(IF(Q21="","",(Q21/$Q$6)*100),0)))))) -> 0 | U21: 50 | X21: =IF(OR(F21="",COUNTA(T21:W21)=0),"", IF(COUNTA(T21:W21,$T$6:$W$6)=0,"", IF(OR( AND($T$6="",T21<>""),AND(ISTEXT($T$6),$T$6<>""),AND(ISTEXT(T21),T21<>""), AND($U$6="",U21<>""),AND(ISTEXT($U$6),$U$6<>""),AND(ISTEXT(U21),U21<>""), AND($V$6="",V21<>""),AND(ISTEXT($V$6),$V$6<>""),AND(ISTEXT(V21),V21<>""), AND($W$6="",W21<>""),AND(ISTEXT($W$6),$W$6<>""),AND(ISTEXT(W21),W21<>"")),"Error", IF(OR( AND(ISNUMBER($T$6),ISNUMBER(T21),T21>$T$6), AND(ISNUMBER($U$6),ISNUMBER(U21),U21>$U$6), AND(ISNUMBER($V$6),ISNUMBER(V21),V21>$V$6), AND(ISNUMBER($W$6),ISNUMBER(W21),W21>$W$6)),"Error", IF(SUM(T21:W21)>$X$7,"Error", SUM(T21:W21)))))) -> 50 | Y21: 7 | Z21: 5 | AA21: 10 | AC21: =IF(OR(F21="",COUNTA(Y21:AB21)=0),"", IF(COUNTA(Y21:AB21,$Y$6:$AB$6)=0,"", IF(OR( AND($Y$6="",Y21<>""),AND(ISTEXT($Y$6),$Y$6<>""),AND(ISTEXT(Y21),Y21<>""), AND($Z$6="",Z21<>""),AND(ISTEXT($Z$6),$Z$6<>""),AND(ISTEXT(Z21),Z21<>""), AND($AA$6="",AA21<>""),AND(ISTEXT($AA$6),$AA$6<>""),AND(ISTEXT(AA21),AA21<>""), AND($AB$6="",AB21<>""),AND(ISTEXT($AB$6),$AB$6<>""),AND(ISTEXT(AB21),AB21<>"")),"Error", IF(OR( AND(ISNUMBER($Y$6),ISNUMBER(Y21),Y21>$Y$6), AND(ISNUMBER($Z$6),ISNUMBER(Z21),Z21>$Z$6), AND(ISNUMBER($AA$6),ISNUMBER(AA21),AA21>$AA$6), AND(ISNUMBER($AB$6),ISNUMBER(AB21),AB21>$AB$6)),"Error", IF(SUM(Y21:AB21)>$AC$7,"Error", SUM(Y21:AB21)))))) -> 22 | AE21: =IF(F21="","", IF(AND(AD21="",$AD$6=""),"", IF($AD$6="","Error", IF(OR(AND(ISTEXT(AD21),AD21<>""),AND(ISTEXT($AD$6),$AD$6<>"")),"Error", IF(AND(ISNUMBER(AD21),ISNUMBER($AD$6),AD21>$AD$6),"Error", IFERROR(IF(AD21="","",(AD21/$AD$6)*100),0)))))) | AK21: =IF(OR(F21="",COUNTA(AG21:AJ21)=0),"", IF(COUNTA(AG21:AJ21,$AG$6:$AJ$6)=0,"", IF(OR( AND($AG$6="",AG21<>""),AND(ISTEXT($AG$6),$AG$6<>""),AND(ISTEXT(AG21),AG21<>""), AND($AH$6="",AH21<>""),AND(ISTEXT($AH$6),$AH$6<>""),AND(ISTEXT(AH21),AH21<>""), AND($AI$6="",AI21<>""),AND(ISTEXT($AI$6),$AI$6<>""),AND(ISTEXT(AI21),AI21<>""), AND($AJ$6="",AJ21<>""),AND(ISTEXT($AJ$6),$AJ$6<>""),AND(ISTEXT(AJ21),AJ21<>"")),"Error", IF(OR( AND(ISNUMBER($AG$6),ISNUMBER(AG21),AG21>$AG$6), AND(ISNUMBER($AH$6),ISNUMBER(AH21),AH21>$AH$6), AND(ISNUMBER($AI$6),ISNUMBER(AI21),AI21>$AI$6), AND(ISNUMBER($AJ$6),ISNUMBER(AJ21),AJ21>$AJ$6)),"Error", IF(SUM(AG21:AJ21)>$AK$7,"Error", SUM(AG21:AJ21)))))) | AP21: =IF(OR(F21="",COUNTA(AL21:AO21)=0),"", IF(COUNTA(AL21:AO21,$AL$6:$AO$6)=0,"", IF(OR( AND($AL$6="",AL21<>""),AND(ISTEXT($AL$6),$AL$6<>""),AND(ISTEXT(AL21),AL21<>""), AND($AM$6="",AM21<>""),AND(ISTEXT($AM$6),$AM$6<>""),AND(ISTEXT(AM21),AM21<>""), AND($AN$6="",AN21<>""),AND(ISTEXT($AN$6),$AN$6<>""),AND(ISTEXT(AN21),AN21<>""), AND($AO$6="",AO21<>""),AND(ISTEXT($AO$6),$AO$6<>""),AND(ISTEXT(AO21),AO21<>"")),"Error", IF(OR( AND(ISNUMBER($AL$6),ISNUMBER(AL21),AL21>$AL$6), AND(ISNUMBER($AM$6),ISNUMBER(AM21),AM21>$AM$6), AND(ISNUMBER($AN$6),ISNUMBER(AN21),AN21>$AN$6), AND(ISNUMBER($AO$6),ISNUMBER(AO21),AO21>$AO$6)),"Error", IF(SUM(AL21:AO21)>$AP$7,"Error", SUM(AL21:AO21)))))) | AR21: =IF(F21="","", IF(AND(AQ21="",$AQ$6=""),"", IF($AQ$6="","Error", IF(OR(AND(ISTEXT(AQ21),AQ21<>""),AND(ISTEXT($AQ$6),$AQ$6<>"")),"Error", IF(AND(ISNUMBER(AQ21),ISNUMBER($AQ$6),AD21>$AQ$6),"Error", IFERROR(IF(AQ21="","",(AQ21/$AQ$6)*100),0)))))) | AX21: =IF(OR(F21="",COUNTA(AT21:AW21)=0),"", IF(COUNTA(AT21:AW21,$AT$6:$AW$6)=0,"", IF(OR( AND($AT$6="",AT21<>""),AND(ISTEXT($AT$6),$AT$6<>""),AND(ISTEXT(AT21),AT21<>""), AND($AU$6="",AU21<>""),AND(ISTEXT($AU$6),$AU$6<>""),AND(ISTEXT(AU21),AU21<>""), AND($AV$6="",AV21<>""),AND(ISTEXT($AV$6),$AV$6<>""),AND(ISTEXT(AV21),AV21<>""), AND($AW$6="",AW21<>""),AND(ISTEXT($AW$6),$AW$6<>""),AND(ISTEXT(AW21),AW21<>"")),"Error", IF(OR( AND(ISNUMBER($AT$6),ISNUMBER(AT21),AT21>$AT$6), AND(ISNUMBER($AU$6),ISNUMBER(AU21),AU21>$AU$6), AND(ISNUMBER($AV$6),ISNUMBER(AV21),AV21>$AV$6), AND(ISNUMBER($AW$6),ISNUMBER(AW21),AW21>$AW$6)),"Error", IF(SUM(AT21:AW21)>$AX$7,"Error", SUM(AT21:AW21)))))) | BC21: =IF(OR(F21="",COUNTA(AY21:BB21)=0),"", IF(COUNTA(AY21:BB21,$AY$6:$BB$6)=0,"", IF(OR( AND($AY$6="",AY21<>""),AND(ISTEXT($AY$6),$AY$6<>""),AND(ISTEXT(AY21),AY21<>""), AND($AZ$6="",AZ21<>""),AND(ISTEXT($AZ$6),$AZ$6<>""),AND(ISTEXT(AZ21),AZ21<>""), AND($BA$6="",BA21<>""),AND(ISTEXT($BA$6),$BA$6<>""),AND(ISTEXT(BA21),BA21<>""), AND($BB$6="",BB21<>""),AND(ISTEXT($BB$6),$BB$6<>""),AND(ISTEXT(BB21),BB21<>"")),"Error", IF(OR( AND(ISNUMBER($AY$6),ISNUMBER(AY21),AY21>$AY$6), AND(ISNUMBER($AZ$6),ISNUMBER(AZ21),AZ21>$AZ$6), AND(ISNUMBER($BA$6),ISNUMBER(BA21),BA21>$BA$6), AND(ISNUMBER($BB$6),ISNUMBER(BB21),BB21>$BB$6)),"Error", IF(SUM(AY21:BB21)>$BC$7,"Error", SUM(AY21:BB21)))))) | BE21: =IF(F21="","", IF(AND(BD21="",$BD$6=""),"", IF($BD$6="","Error", IF(OR(AND(ISTEXT(BD21),BD21<>""),AND(ISTEXT($BD$6),$BD$6<>"")),"Error", IF(AND(ISNUMBER(BD21),ISNUMBER($BD$6),BD21>$BD$6),"Error", IFERROR(IF(BD21="","",(BD21/$BD$6)*100),0))))))
C22: =C21+1 -> 15 | D22: 02000501320 | F22: LAMESERIA,DIVINA RUFFA ABRAHAM | G22: 100 | H22: 100 | I22: 48 | K22: =IF(OR(F22="",COUNTA(G22:J22)=0),"", IF(COUNTA(G22:J22,$G$6:$J$6)=0,"", IF(OR( AND($G$6="",G22<>""),AND(ISTEXT($G$6),$G$6<>""),AND(ISTEXT(G22),G22<>""), AND($H$6="",H22<>""),AND(ISTEXT($H$6),$H$6<>""),AND(ISTEXT(H22),H22<>""), AND($I$6="",I22<>""),AND(ISTEXT($I$6),$I$6<>""),AND(ISTEXT(I22),I22<>""), AND($J$6="",J22<>""),AND(ISTEXT($J$6),$J$6<>""),AND(ISTEXT(J22),J22<>"")),"Error", IF(OR( AND(ISNUMBER($G$6),ISNUMBER(G22),G22>$G$6), AND(ISNUMBER($H$6),ISNUMBER(H22),H22>$H$6), AND(ISNUMBER($I$6),ISNUMBER(I22),I22>$I$6), AND(ISNUMBER($J$6),ISNUMBER(J22),J22>$J$6)),"Error", IF(SUM(G22:J22)>$K$7,"Error", SUM(G22:J22)))))) -> 248 | L22: 100 | M22: 100 | N22: 100 | P22: =IF(OR(F22="",COUNTA(L22:O22)=0),"", IF(COUNTA(L22:O22,$L$6:$O$6)=0,"", IF(OR( AND($L$6="",L22<>""),AND(ISTEXT($L$6),$L$6<>""),AND(ISTEXT(L22),L22<>""), AND($M$6="",M22<>""),AND(ISTEXT($M$6),$M$6<>""),AND(ISTEXT(M22),M22<>""), AND($N$6="",N22<>""),AND(ISTEXT($N$6),$N$6<>""),AND(ISTEXT(N22),N22<>""), AND($O$6="",O22<>""),AND(ISTEXT($O$6),$O$6<>""),AND(ISTEXT(O22),O22<>"")),"Error", IF(OR( AND(ISNUMBER($L$6),ISNUMBER(L22),L22>$L$6), AND(ISNUMBER($M$6),ISNUMBER(M22),M22>$M$6), AND(ISNUMBER($N$6),ISNUMBER(N22),N22>$N$6), AND(ISNUMBER($O$6),ISNUMBER(O22),O22>$O$6)),"Error", IF(SUM(L22:O22)>$P$7,"Error", SUM(L22:O22)))))) -> 300 | Q22: 48 | R22: =IF(F22="","", IF(AND(Q22="",$Q$6=""),"", IF($Q$6="","Error", IF(OR(AND(ISTEXT(Q22),Q22<>""),AND(ISTEXT($Q$6),$Q$6<>"")),"Error", IF(AND(ISNUMBER(Q22),ISNUMBER($Q$6),Q22>$Q$6),"Error", IFERROR(IF(Q22="","",(Q22/$Q$6)*100),0)))))) -> 68.571429 | T22: 0 | U22: 50 | X22: =IF(OR(F22="",COUNTA(T22:W22)=0),"", IF(COUNTA(T22:W22,$T$6:$W$6)=0,"", IF(OR( AND($T$6="",T22<>""),AND(ISTEXT($T$6),$T$6<>""),AND(ISTEXT(T22),T22<>""), AND($U$6="",U22<>""),AND(ISTEXT($U$6),$U$6<>""),AND(ISTEXT(U22),U22<>""), AND($V$6="",V22<>""),AND(ISTEXT($V$6),$V$6<>""),AND(ISTEXT(V22),V22<>""), AND($W$6="",W22<>""),AND(ISTEXT($W$6),$W$6<>""),AND(ISTEXT(W22),W22<>"")),"Error", IF(OR( AND(ISNUMBER($T$6),ISNUMBER(T22),T22>$T$6), AND(ISNUMBER($U$6),ISNUMBER(U22),U22>$U$6), AND(ISNUMBER($V$6),ISNUMBER(V22),V22>$V$6), AND(ISNUMBER($W$6),ISNUMBER(W22),W22>$W$6)),"Error", IF(SUM(T22:W22)>$X$7,"Error", SUM(T22:W22)))))) -> 50 | Y22: 0 | Z22: 0 | AA22: 28 | AC22: =IF(OR(F22="",COUNTA(Y22:AB22)=0),"", IF(COUNTA(Y22:AB22,$Y$6:$AB$6)=0,"", IF(OR( AND($Y$6="",Y22<>""),AND(ISTEXT($Y$6),$Y$6<>""),AND(ISTEXT(Y22),Y22<>""), AND($Z$6="",Z22<>""),AND(ISTEXT($Z$6),$Z$6<>""),AND(ISTEXT(Z22),Z22<>""), AND($AA$6="",AA22<>""),AND(ISTEXT($AA$6),$AA$6<>""),AND(ISTEXT(AA22),AA22<>""), AND($AB$6="",AB22<>""),AND(ISTEXT($AB$6),$AB$6<>""),AND(ISTEXT(AB22),AB22<>"")),"Error", IF(OR( AND(ISNUMBER($Y$6),ISNUMBER(Y22),Y22>$Y$6), AND(ISNUMBER($Z$6),ISNUMBER(Z22),Z22>$Z$6), AND(ISNUMBER($AA$6),ISNUMBER(AA22),AA22>$AA$6), AND(ISNUMBER($AB$6),ISNUMBER(AB22),AB22>$AB$6)),"Error", IF(SUM(Y22:AB22)>$AC$7,"Error", SUM(Y22:AB22)))))) -> 28 | AD22: 64 | AE22: =IF(F22="","", IF(AND(AD22="",$AD$6=""),"", IF($AD$6="","Error", IF(OR(AND(ISTEXT(AD22),AD22<>""),AND(ISTEXT($AD$6),$AD$6<>"")),"Error", IF(AND(ISNUMBER(AD22),ISNUMBER($AD$6),AD22>$AD$6),"Error", IFERROR(IF(AD22="","",(AD22/$AD$6)*100),0)))))) -> 91.428571 | AK22: =IF(OR(F22="",COUNTA(AG22:AJ22)=0),"", IF(COUNTA(AG22:AJ22,$AG$6:$AJ$6)=0,"", IF(OR( AND($AG$6="",AG22<>""),AND(ISTEXT($AG$6),$AG$6<>""),AND(ISTEXT(AG22),AG22<>""), AND($AH$6="",AH22<>""),AND(ISTEXT($AH$6),$AH$6<>""),AND(ISTEXT(AH22),AH22<>""), AND($AI$6="",AI22<>""),AND(ISTEXT($AI$6),$AI$6<>""),AND(ISTEXT(AI22),AI22<>""), AND($AJ$6="",AJ22<>""),AND(ISTEXT($AJ$6),$AJ$6<>""),AND(ISTEXT(AJ22),AJ22<>"")),"Error", IF(OR( AND(ISNUMBER($AG$6),ISNUMBER(AG22),AG22>$AG$6), AND(ISNUMBER($AH$6),ISNUMBER(AH22),AH22>$AH$6), AND(ISNUMBER($AI$6),ISNUMBER(AI22),AI22>$AI$6), AND(ISNUMBER($AJ$6),ISNUMBER(AJ22),AJ22>$AJ$6)),"Error", IF(SUM(AG22:AJ22)>$AK$7,"Error", SUM(AG22:AJ22)))))) | AP22: =IF(OR(F22="",COUNTA(AL22:AO22)=0),"", IF(COUNTA(AL22:AO22,$AL$6:$AO$6)=0,"", IF(OR( AND($AL$6="",AL22<>""),AND(ISTEXT($AL$6),$AL$6<>""),AND(ISTEXT(AL22),AL22<>""), AND($AM$6="",AM22<>""),AND(ISTEXT($AM$6),$AM$6<>""),AND(ISTEXT(AM22),AM22<>""), AND($AN$6="",AN22<>""),AND(ISTEXT($AN$6),$AN$6<>""),AND(ISTEXT(AN22),AN22<>""), AND($AO$6="",AO22<>""),AND(ISTEXT($AO$6),$AO$6<>""),AND(ISTEXT(AO22),AO22<>"")),"Error", IF(OR( AND(ISNUMBER($AL$6),ISNUMBER(AL22),AL22>$AL$6), AND(ISNUMBER($AM$6),ISNUMBER(AM22),AM22>$AM$6), AND(ISNUMBER($AN$6),ISNUMBER(AN22),AN22>$AN$6), AND(ISNUMBER($AO$6),ISNUMBER(AO22),AO22>$AO$6)),"Error", IF(SUM(AL22:AO22)>$AP$7,"Error", SUM(AL22:AO22)))))) | AR22: =IF(F22="","", IF(AND(AQ22="",$AQ$6=""),"", IF($AQ$6="","Error", IF(OR(AND(ISTEXT(AQ22),AQ22<>""),AND(ISTEXT($AQ$6),$AQ$6<>"")),"Error", IF(AND(ISNUMBER(AQ22),ISNUMBER($AQ$6),AD22>$AQ$6),"Error", IFERROR(IF(AQ22="","",(AQ22/$AQ$6)*100),0)))))) | AX22: =IF(OR(F22="",COUNTA(AT22:AW22)=0),"", IF(COUNTA(AT22:AW22,$AT$6:$AW$6)=0,"", IF(OR( AND($AT$6="",AT22<>""),AND(ISTEXT($AT$6),$AT$6<>""),AND(ISTEXT(AT22),AT22<>""), AND($AU$6="",AU22<>""),AND(ISTEXT($AU$6),$AU$6<>""),AND(ISTEXT(AU22),AU22<>""), AND($AV$6="",AV22<>""),AND(ISTEXT($AV$6),$AV$6<>""),AND(ISTEXT(AV22),AV22<>""), AND($AW$6="",AW22<>""),AND(ISTEXT($AW$6),$AW$6<>""),AND(ISTEXT(AW22),AW22<>"")),"Error", IF(OR( AND(ISNUMBER($AT$6),ISNUMBER(AT22),AT22>$AT$6), AND(ISNUMBER($AU$6),ISNUMBER(AU22),AU22>$AU$6), AND(ISNUMBER($AV$6),ISNUMBER(AV22),AV22>$AV$6), AND(ISNUMBER($AW$6),ISNUMBER(AW22),AW22>$AW$6)),"Error", IF(SUM(AT22:AW22)>$AX$7,"Error", SUM(AT22:AW22)))))) | BC22: =IF(OR(F22="",COUNTA(AY22:BB22)=0),"", IF(COUNTA(AY22:BB22,$AY$6:$BB$6)=0,"", IF(OR( AND($AY$6="",AY22<>""),AND(ISTEXT($AY$6),$AY$6<>""),AND(ISTEXT(AY22),AY22<>""), AND($AZ$6="",AZ22<>""),AND(ISTEXT($AZ$6),$AZ$6<>""),AND(ISTEXT(AZ22),AZ22<>""), AND($BA$6="",BA22<>""),AND(ISTEXT($BA$6),$BA$6<>""),AND(ISTEXT(BA22),BA22<>""), AND($BB$6="",BB22<>""),AND(ISTEXT($BB$6),$BB$6<>""),AND(ISTEXT(BB22),BB22<>"")),"Error", IF(OR( AND(ISNUMBER($AY$6),ISNUMBER(AY22),AY22>$AY$6), AND(ISNUMBER($AZ$6),ISNUMBER(AZ22),AZ22>$AZ$6), AND(ISNUMBER($BA$6),ISNUMBER(BA22),BA22>$BA$6), AND(ISNUMBER($BB$6),ISNUMBER(BB22),BB22>$BB$6)),"Error", IF(SUM(AY22:BB22)>$BC$7,"Error", SUM(AY22:BB22)))))) | BE22: =IF(F22="","", IF(AND(BD22="",$BD$6=""),"", IF($BD$6="","Error", IF(OR(AND(ISTEXT(BD22),BD22<>""),AND(ISTEXT($BD$6),$BD$6<>"")),"Error", IF(AND(ISNUMBER(BD22),ISNUMBER($BD$6),BD22>$BD$6),"Error", IFERROR(IF(BD22="","",(BD22/$BD$6)*100),0))))))
C23: =C22+1 -> 16 | D23: 02000510843 | F23: LAURENTE,WILFRED RUSSELL SAMBAJON | G23: 98 | H23: 98 | I23: 47 | K23: =IF(OR(F23="",COUNTA(G23:J23)=0),"", IF(COUNTA(G23:J23,$G$6:$J$6)=0,"", IF(OR( AND($G$6="",G23<>""),AND(ISTEXT($G$6),$G$6<>""),AND(ISTEXT(G23),G23<>""), AND($H$6="",H23<>""),AND(ISTEXT($H$6),$H$6<>""),AND(ISTEXT(H23),H23<>""), AND($I$6="",I23<>""),AND(ISTEXT($I$6),$I$6<>""),AND(ISTEXT(I23),I23<>""), AND($J$6="",J23<>""),AND(ISTEXT($J$6),$J$6<>""),AND(ISTEXT(J23),J23<>"")),"Error", IF(OR( AND(ISNUMBER($G$6),ISNUMBER(G23),G23>$G$6), AND(ISNUMBER($H$6),ISNUMBER(H23),H23>$H$6), AND(ISNUMBER($I$6),ISNUMBER(I23),I23>$I$6), AND(ISNUMBER($J$6),ISNUMBER(J23),J23>$J$6)),"Error", IF(SUM(G23:J23)>$K$7,"Error", SUM(G23:J23)))))) -> 243 | L23: 98 | M23: 98 | N23: 98 | P23: =IF(OR(F23="",COUNTA(L23:O23)=0),"", IF(COUNTA(L23:O23,$L$6:$O$6)=0,"", IF(OR( AND($L$6="",L23<>""),AND(ISTEXT($L$6),$L$6<>""),AND(ISTEXT(L23),L23<>""), AND($M$6="",M23<>""),AND(ISTEXT($M$6),$M$6<>""),AND(ISTEXT(M23),M23<>""), AND($N$6="",N23<>""),AND(ISTEXT($N$6),$N$6<>""),AND(ISTEXT(N23),N23<>""), AND($O$6="",O23<>""),AND(ISTEXT($O$6),$O$6<>""),AND(ISTEXT(O23),O23<>"")),"Error", IF(OR( AND(ISNUMBER($L$6),ISNUMBER(L23),L23>$L$6), AND(ISNUMBER($M$6),ISNUMBER(M23),M23>$M$6), AND(ISNUMBER($N$6),ISNUMBER(N23),N23>$N$6), AND(ISNUMBER($O$6),ISNUMBER(O23),O23>$O$6)),"Error", IF(SUM(L23:O23)>$P$7,"Error", SUM(L23:O23)))))) -> 294 | Q23: 54 | R23: =IF(F23="","", IF(AND(Q23="",$Q$6=""),"", IF($Q$6="","Error", IF(OR(AND(ISTEXT(Q23),Q23<>""),AND(ISTEXT($Q$6),$Q$6<>"")),"Error", IF(AND(ISNUMBER(Q23),ISNUMBER($Q$6),Q23>$Q$6),"Error", IFERROR(IF(Q23="","",(Q23/$Q$6)*100),0)))))) -> 77.142857 | T23: 0 | U23: 50 | X23: =IF(OR(F23="",COUNTA(T23:W23)=0),"", IF(COUNTA(T23:W23,$T$6:$W$6)=0,"", IF(OR( AND($T$6="",T23<>""),AND(ISTEXT($T$6),$T$6<>""),AND(ISTEXT(T23),T23<>""), AND($U$6="",U23<>""),AND(ISTEXT($U$6),$U$6<>""),AND(ISTEXT(U23),U23<>""), AND($V$6="",V23<>""),AND(ISTEXT($V$6),$V$6<>""),AND(ISTEXT(V23),V23<>""), AND($W$6="",W23<>""),AND(ISTEXT($W$6),$W$6<>""),AND(ISTEXT(W23),W23<>"")),"Error", IF(OR( AND(ISNUMBER($T$6),ISNUMBER(T23),T23>$T$6), AND(ISNUMBER($U$6),ISNUMBER(U23),U23>$U$6), AND(ISNUMBER($V$6),ISNUMBER(V23),V23>$V$6), AND(ISNUMBER($W$6),ISNUMBER(W23),W23>$W$6)),"Error", IF(SUM(T23:W23)>$X$7,"Error", SUM(T23:W23)))))) -> 50 | Y23: 6 | Z23: 0 | AA23: 21 | AC23: =IF(OR(F23="",COUNTA(Y23:AB23)=0),"", IF(COUNTA(Y23:AB23,$Y$6:$AB$6)=0,"", IF(OR( AND($Y$6="",Y23<>""),AND(ISTEXT($Y$6),$Y$6<>""),AND(ISTEXT(Y23),Y23<>""), AND($Z$6="",Z23<>""),AND(ISTEXT($Z$6),$Z$6<>""),AND(ISTEXT(Z23),Z23<>""), AND($AA$6="",AA23<>""),AND(ISTEXT($AA$6),$AA$6<>""),AND(ISTEXT(AA23),AA23<>""), AND($AB$6="",AB23<>""),AND(ISTEXT($AB$6),$AB$6<>""),AND(ISTEXT(AB23),AB23<>"")),"Error", IF(OR( AND(ISNUMBER($Y$6),ISNUMBER(Y23),Y23>$Y$6), AND(ISNUMBER($Z$6),ISNUMBER(Z23),Z23>$Z$6), AND(ISNUMBER($AA$6),ISNUMBER(AA23),AA23>$AA$6), AND(ISNUMBER($AB$6),ISNUMBER(AB23),AB23>$AB$6)),"Error", IF(SUM(Y23:AB23)>$AC$7,"Error", SUM(Y23:AB23)))))) -> 27 | AE23: =IF(F23="","", IF(AND(AD23="",$AD$6=""),"", IF($AD$6="","Error", IF(OR(AND(ISTEXT(AD23),AD23<>""),AND(ISTEXT($AD$6),$AD$6<>"")),"Error", IF(AND(ISNUMBER(AD23),ISNUMBER($AD$6),AD23>$AD$6),"Error", IFERROR(IF(AD23="","",(AD23/$AD$6)*100),0)))))) | AK23: =IF(OR(F23="",COUNTA(AG23:AJ23)=0),"", IF(COUNTA(AG23:AJ23,$AG$6:$AJ$6)=0,"", IF(OR( AND($AG$6="",AG23<>""),AND(ISTEXT($AG$6),$AG$6<>""),AND(ISTEXT(AG23),AG23<>""), AND($AH$6="",AH23<>""),AND(ISTEXT($AH$6),$AH$6<>""),AND(ISTEXT(AH23),AH23<>""), AND($AI$6="",AI23<>""),AND(ISTEXT($AI$6),$AI$6<>""),AND(ISTEXT(AI23),AI23<>""), AND($AJ$6="",AJ23<>""),AND(ISTEXT($AJ$6),$AJ$6<>""),AND(ISTEXT(AJ23),AJ23<>"")),"Error", IF(OR( AND(ISNUMBER($AG$6),ISNUMBER(AG23),AG23>$AG$6), AND(ISNUMBER($AH$6),ISNUMBER(AH23),AH23>$AH$6), AND(ISNUMBER($AI$6),ISNUMBER(AI23),AI23>$AI$6), AND(ISNUMBER($AJ$6),ISNUMBER(AJ23),AJ23>$AJ$6)),"Error", IF(SUM(AG23:AJ23)>$AK$7,"Error", SUM(AG23:AJ23)))))) | AP23: =IF(OR(F23="",COUNTA(AL23:AO23)=0),"", IF(COUNTA(AL23:AO23,$AL$6:$AO$6)=0,"", IF(OR( AND($AL$6="",AL23<>""),AND(ISTEXT($AL$6),$AL$6<>""),AND(ISTEXT(AL23),AL23<>""), AND($AM$6="",AM23<>""),AND(ISTEXT($AM$6),$AM$6<>""),AND(ISTEXT(AM23),AM23<>""), AND($AN$6="",AN23<>""),AND(ISTEXT($AN$6),$AN$6<>""),AND(ISTEXT(AN23),AN23<>""), AND($AO$6="",AO23<>""),AND(ISTEXT($AO$6),$AO$6<>""),AND(ISTEXT(AO23),AO23<>"")),"Error", IF(OR( AND(ISNUMBER($AL$6),ISNUMBER(AL23),AL23>$AL$6), AND(ISNUMBER($AM$6),ISNUMBER(AM23),AM23>$AM$6), AND(ISNUMBER($AN$6),ISNUMBER(AN23),AN23>$AN$6), AND(ISNUMBER($AO$6),ISNUMBER(AO23),AO23>$AO$6)),"Error", IF(SUM(AL23:AO23)>$AP$7,"Error", SUM(AL23:AO23)))))) | AR23: =IF(F23="","", IF(AND(AQ23="",$AQ$6=""),"", IF($AQ$6="","Error", IF(OR(AND(ISTEXT(AQ23),AQ23<>""),AND(ISTEXT($AQ$6),$AQ$6<>"")),"Error", IF(AND(ISNUMBER(AQ23),ISNUMBER($AQ$6),AD23>$AQ$6),"Error", IFERROR(IF(AQ23="","",(AQ23/$AQ$6)*100),0)))))) | AX23: =IF(OR(F23="",COUNTA(AT23:AW23)=0),"", IF(COUNTA(AT23:AW23,$AT$6:$AW$6)=0,"", IF(OR( AND($AT$6="",AT23<>""),AND(ISTEXT($AT$6),$AT$6<>""),AND(ISTEXT(AT23),AT23<>""), AND($AU$6="",AU23<>""),AND(ISTEXT($AU$6),$AU$6<>""),AND(ISTEXT(AU23),AU23<>""), AND($AV$6="",AV23<>""),AND(ISTEXT($AV$6),$AV$6<>""),AND(ISTEXT(AV23),AV23<>""), AND($AW$6="",AW23<>""),AND(ISTEXT($AW$6),$AW$6<>""),AND(ISTEXT(AW23),AW23<>"")),"Error", IF(OR( AND(ISNUMBER($AT$6),ISNUMBER(AT23),AT23>$AT$6), AND(ISNUMBER($AU$6),ISNUMBER(AU23),AU23>$AU$6), AND(ISNUMBER($AV$6),ISNUMBER(AV23),AV23>$AV$6), AND(ISNUMBER($AW$6),ISNUMBER(AW23),AW23>$AW$6)),"Error", IF(SUM(AT23:AW23)>$AX$7,"Error", SUM(AT23:AW23)))))) | BC23: =IF(OR(F23="",COUNTA(AY23:BB23)=0),"", IF(COUNTA(AY23:BB23,$AY$6:$BB$6)=0,"", IF(OR( AND($AY$6="",AY23<>""),AND(ISTEXT($AY$6),$AY$6<>""),AND(ISTEXT(AY23),AY23<>""), AND($AZ$6="",AZ23<>""),AND(ISTEXT($AZ$6),$AZ$6<>""),AND(ISTEXT(AZ23),AZ23<>""), AND($BA$6="",BA23<>""),AND(ISTEXT($BA$6),$BA$6<>""),AND(ISTEXT(BA23),BA23<>""), AND($BB$6="",BB23<>""),AND(ISTEXT($BB$6),$BB$6<>""),AND(ISTEXT(BB23),BB23<>"")),"Error", IF(OR( AND(ISNUMBER($AY$6),ISNUMBER(AY23),AY23>$AY$6), AND(ISNUMBER($AZ$6),ISNUMBER(AZ23),AZ23>$AZ$6), AND(ISNUMBER($BA$6),ISNUMBER(BA23),BA23>$BA$6), AND(ISNUMBER($BB$6),ISNUMBER(BB23),BB23>$BB$6)),"Error", IF(SUM(AY23:BB23)>$BC$7,"Error", SUM(AY23:BB23)))))) | BE23: =IF(F23="","", IF(AND(BD23="",$BD$6=""),"", IF($BD$6="","Error", IF(OR(AND(ISTEXT(BD23),BD23<>""),AND(ISTEXT($BD$6),$BD$6<>"")),"Error", IF(AND(ISNUMBER(BD23),ISNUMBER($BD$6),BD23>$BD$6),"Error", IFERROR(IF(BD23="","",(BD23/$BD$6)*100),0))))))
C24: =C23+1 -> 17 | D24: 02000484250 | F24: LOYOLA,RAMIL JR. BARBARA | G24: 98 | H24: 98 | I24: 47 | K24: =IF(OR(F24="",COUNTA(G24:J24)=0),"", IF(COUNTA(G24:J24,$G$6:$J$6)=0,"", IF(OR( AND($G$6="",G24<>""),AND(ISTEXT($G$6),$G$6<>""),AND(ISTEXT(G24),G24<>""), AND($H$6="",H24<>""),AND(ISTEXT($H$6),$H$6<>""),AND(ISTEXT(H24),H24<>""), AND($I$6="",I24<>""),AND(ISTEXT($I$6),$I$6<>""),AND(ISTEXT(I24),I24<>""), AND($J$6="",J24<>""),AND(ISTEXT($J$6),$J$6<>""),AND(ISTEXT(J24),J24<>"")),"Error", IF(OR( AND(ISNUMBER($G$6),ISNUMBER(G24),G24>$G$6), AND(ISNUMBER($H$6),ISNUMBER(H24),H24>$H$6), AND(ISNUMBER($I$6),ISNUMBER(I24),I24>$I$6), AND(ISNUMBER($J$6),ISNUMBER(J24),J24>$J$6)),"Error", IF(SUM(G24:J24)>$K$7,"Error", SUM(G24:J24)))))) -> 243 | L24: 98 | M24: 98 | N24: 98 | P24: =IF(OR(F24="",COUNTA(L24:O24)=0),"", IF(COUNTA(L24:O24,$L$6:$O$6)=0,"", IF(OR( AND($L$6="",L24<>""),AND(ISTEXT($L$6),$L$6<>""),AND(ISTEXT(L24),L24<>""), AND($M$6="",M24<>""),AND(ISTEXT($M$6),$M$6<>""),AND(ISTEXT(M24),M24<>""), AND($N$6="",N24<>""),AND(ISTEXT($N$6),$N$6<>""),AND(ISTEXT(N24),N24<>""), AND($O$6="",O24<>""),AND(ISTEXT($O$6),$O$6<>""),AND(ISTEXT(O24),O24<>"")),"Error", IF(OR( AND(ISNUMBER($L$6),ISNUMBER(L24),L24>$L$6), AND(ISNUMBER($M$6),ISNUMBER(M24),M24>$M$6), AND(ISNUMBER($N$6),ISNUMBER(N24),N24>$N$6), AND(ISNUMBER($O$6),ISNUMBER(O24),O24>$O$6)),"Error", IF(SUM(L24:O24)>$P$7,"Error", SUM(L24:O24)))))) -> 294 | Q24: 0 | R24: =IF(F24="","", IF(AND(Q24="",$Q$6=""),"", IF($Q$6="","Error", IF(OR(AND(ISTEXT(Q24),Q24<>""),AND(ISTEXT($Q$6),$Q$6<>"")),"Error", IF(AND(ISNUMBER(Q24),ISNUMBER($Q$6),Q24>$Q$6),"Error", IFERROR(IF(Q24="","",(Q24/$Q$6)*100),0)))))) -> 0 | T24: 48 | U24: 50 | X24: =IF(OR(F24="",COUNTA(T24:W24)=0),"", IF(COUNTA(T24:W24,$T$6:$W$6)=0,"", IF(OR( AND($T$6="",T24<>""),AND(ISTEXT($T$6),$T$6<>""),AND(ISTEXT(T24),T24<>""), AND($U$6="",U24<>""),AND(ISTEXT($U$6),$U$6<>""),AND(ISTEXT(U24),U24<>""), AND($V$6="",V24<>""),AND(ISTEXT($V$6),$V$6<>""),AND(ISTEXT(V24),V24<>""), AND($W$6="",W24<>""),AND(ISTEXT($W$6),$W$6<>""),AND(ISTEXT(W24),W24<>"")),"Error", IF(OR( AND(ISNUMBER($T$6),ISNUMBER(T24),T24>$T$6), AND(ISNUMBER($U$6),ISNUMBER(U24),U24>$U$6), AND(ISNUMBER($V$6),ISNUMBER(V24),V24>$V$6), AND(ISNUMBER($W$6),ISNUMBER(W24),W24>$W$6)),"Error", IF(SUM(T24:W24)>$X$7,"Error", SUM(T24:W24)))))) -> 98 | Y24: 4 | Z24: 13 | AA24: 14 | AC24: =IF(OR(F24="",COUNTA(Y24:AB24)=0),"", IF(COUNTA(Y24:AB24,$Y$6:$AB$6)=0,"", IF(OR( AND($Y$6="",Y24<>""),AND(ISTEXT($Y$6),$Y$6<>""),AND(ISTEXT(Y24),Y24<>""), AND($Z$6="",Z24<>""),AND(ISTEXT($Z$6),$Z$6<>""),AND(ISTEXT(Z24),Z24<>""), AND($AA$6="",AA24<>""),AND(ISTEXT($AA$6),$AA$6<>""),AND(ISTEXT(AA24),AA24<>""), AND($AB$6="",AB24<>""),AND(ISTEXT($AB$6),$AB$6<>""),AND(ISTEXT(AB24),AB24<>"")),"Error", IF(OR( AND(ISNUMBER($Y$6),ISNUMBER(Y24),Y24>$Y$6), AND(ISNUMBER($Z$6),ISNUMBER(Z24),Z24>$Z$6), AND(ISNUMBER($AA$6),ISNUMBER(AA24),AA24>$AA$6), AND(ISNUMBER($AB$6),ISNUMBER(AB24),AB24>$AB$6)),"Error", IF(SUM(Y24:AB24)>$AC$7,"Error", SUM(Y24:AB24)))))) -> 31 | AD24: 38 | AE24: =IF(F24="","", IF(AND(AD24="",$AD$6=""),"", IF($AD$6="","Error", IF(OR(AND(ISTEXT(AD24),AD24<>""),AND(ISTEXT($AD$6),$AD$6<>"")),"Error", IF(AND(ISNUMBER(AD24),ISNUMBER($AD$6),AD24>$AD$6),"Error", IFERROR(IF(AD24="","",(AD24/$AD$6)*100),0)))))) -> 54.285714 | AK24: =IF(OR(F24="",COUNTA(AG24:AJ24)=0),"", IF(COUNTA(AG24:AJ24,$AG$6:$AJ$6)=0,"", IF(OR( AND($AG$6="",AG24<>""),AND(ISTEXT($AG$6),$AG$6<>""),AND(ISTEXT(AG24),AG24<>""), AND($AH$6="",AH24<>""),AND(ISTEXT($AH$6),$AH$6<>""),AND(ISTEXT(AH24),AH24<>""), AND($AI$6="",AI24<>""),AND(ISTEXT($AI$6),$AI$6<>""),AND(ISTEXT(AI24),AI24<>""), AND($AJ$6="",AJ24<>""),AND(ISTEXT($AJ$6),$AJ$6<>""),AND(ISTEXT(AJ24),AJ24<>"")),"Error", IF(OR( AND(ISNUMBER($AG$6),ISNUMBER(AG24),AG24>$AG$6), AND(ISNUMBER($AH$6),ISNUMBER(AH24),AH24>$AH$6), AND(ISNUMBER($AI$6),ISNUMBER(AI24),AI24>$AI$6), AND(ISNUMBER($AJ$6),ISNUMBER(AJ24),AJ24>$AJ$6)),"Error", IF(SUM(AG24:AJ24)>$AK$7,"Error", SUM(AG24:AJ24)))))) | AP24: =IF(OR(F24="",COUNTA(AL24:AO24)=0),"", IF(COUNTA(AL24:AO24,$AL$6:$AO$6)=0,"", IF(OR( AND($AL$6="",AL24<>""),AND(ISTEXT($AL$6),$AL$6<>""),AND(ISTEXT(AL24),AL24<>""), AND($AM$6="",AM24<>""),AND(ISTEXT($AM$6),$AM$6<>""),AND(ISTEXT(AM24),AM24<>""), AND($AN$6="",AN24<>""),AND(ISTEXT($AN$6),$AN$6<>""),AND(ISTEXT(AN24),AN24<>""), AND($AO$6="",AO24<>""),AND(ISTEXT($AO$6),$AO$6<>""),AND(ISTEXT(AO24),AO24<>"")),"Error", IF(OR( AND(ISNUMBER($AL$6),ISNUMBER(AL24),AL24>$AL$6), AND(ISNUMBER($AM$6),ISNUMBER(AM24),AM24>$AM$6), AND(ISNUMBER($AN$6),ISNUMBER(AN24),AN24>$AN$6), AND(ISNUMBER($AO$6),ISNUMBER(AO24),AO24>$AO$6)),"Error", IF(SUM(AL24:AO24)>$AP$7,"Error", SUM(AL24:AO24)))))) | AR24: =IF(F24="","", IF(AND(AQ24="",$AQ$6=""),"", IF($AQ$6="","Error", IF(OR(AND(ISTEXT(AQ24),AQ24<>""),AND(ISTEXT($AQ$6),$AQ$6<>"")),"Error", IF(AND(ISNUMBER(AQ24),ISNUMBER($AQ$6),AD24>$AQ$6),"Error", IFERROR(IF(AQ24="","",(AQ24/$AQ$6)*100),0)))))) | AX24: =IF(OR(F24="",COUNTA(AT24:AW24)=0),"", IF(COUNTA(AT24:AW24,$AT$6:$AW$6)=0,"", IF(OR( AND($AT$6="",AT24<>""),AND(ISTEXT($AT$6),$AT$6<>""),AND(ISTEXT(AT24),AT24<>""), AND($AU$6="",AU24<>""),AND(ISTEXT($AU$6),$AU$6<>""),AND(ISTEXT(AU24),AU24<>""), AND($AV$6="",AV24<>""),AND(ISTEXT($AV$6),$AV$6<>""),AND(ISTEXT(AV24),AV24<>""), AND($AW$6="",AW24<>""),AND(ISTEXT($AW$6),$AW$6<>""),AND(ISTEXT(AW24),AW24<>"")),"Error", IF(OR( AND(ISNUMBER($AT$6),ISNUMBER(AT24),AT24>$AT$6), AND(ISNUMBER($AU$6),ISNUMBER(AU24),AU24>$AU$6), AND(ISNUMBER($AV$6),ISNUMBER(AV24),AV24>$AV$6), AND(ISNUMBER($AW$6),ISNUMBER(AW24),AW24>$AW$6)),"Error", IF(SUM(AT24:AW24)>$AX$7,"Error", SUM(AT24:AW24)))))) | BC24: =IF(OR(F24="",COUNTA(AY24:BB24)=0),"", IF(COUNTA(AY24:BB24,$AY$6:$BB$6)=0,"", IF(OR( AND($AY$6="",AY24<>""),AND(ISTEXT($AY$6),$AY$6<>""),AND(ISTEXT(AY24),AY24<>""), AND($AZ$6="",AZ24<>""),AND(ISTEXT($AZ$6),$AZ$6<>""),AND(ISTEXT(AZ24),AZ24<>""), AND($BA$6="",BA24<>""),AND(ISTEXT($BA$6),$BA$6<>""),AND(ISTEXT(BA24),BA24<>""), AND($BB$6="",BB24<>""),AND(ISTEXT($BB$6),$BB$6<>""),AND(ISTEXT(BB24),BB24<>"")),"Error", IF(OR( AND(ISNUMBER($AY$6),ISNUMBER(AY24),AY24>$AY$6), AND(ISNUMBER($AZ$6),ISNUMBER(AZ24),AZ24>$AZ$6), AND(ISNUMBER($BA$6),ISNUMBER(BA24),BA24>$BA$6), AND(ISNUMBER($BB$6),ISNUMBER(BB24),BB24>$BB$6)),"Error", IF(SUM(AY24:BB24)>$BC$7,"Error", SUM(AY24:BB24)))))) | BE24: =IF(F24="","", IF(AND(BD24="",$BD$6=""),"", IF($BD$6="","Error", IF(OR(AND(ISTEXT(BD24),BD24<>""),AND(ISTEXT($BD$6),$BD$6<>"")),"Error", IF(AND(ISNUMBER(BD24),ISNUMBER($BD$6),BD24>$BD$6),"Error", IFERROR(IF(BD24="","",(BD24/$BD$6)*100),0))))))
C25: =C24+1 -> 18 | D25: 02000388196 | F25: MACALINDONG,IAN DANA | G25: 90 | H25: 90 | I25: 47 | K25: =IF(OR(F25="",COUNTA(G25:J25)=0),"", IF(COUNTA(G25:J25,$G$6:$J$6)=0,"", IF(OR( AND($G$6="",G25<>""),AND(ISTEXT($G$6),$G$6<>""),AND(ISTEXT(G25),G25<>""), AND($H$6="",H25<>""),AND(ISTEXT($H$6),$H$6<>""),AND(ISTEXT(H25),H25<>""), AND($I$6="",I25<>""),AND(ISTEXT($I$6),$I$6<>""),AND(ISTEXT(I25),I25<>""), AND($J$6="",J25<>""),AND(ISTEXT($J$6),$J$6<>""),AND(ISTEXT(J25),J25<>"")),"Error", IF(OR( AND(ISNUMBER($G$6),ISNUMBER(G25),G25>$G$6), AND(ISNUMBER($H$6),ISNUMBER(H25),H25>$H$6), AND(ISNUMBER($I$6),ISNUMBER(I25),I25>$I$6), AND(ISNUMBER($J$6),ISNUMBER(J25),J25>$J$6)),"Error", IF(SUM(G25:J25)>$K$7,"Error", SUM(G25:J25)))))) -> 227 | L25: 90 | M25: 90 | N25: 90 | P25: =IF(OR(F25="",COUNTA(L25:O25)=0),"", IF(COUNTA(L25:O25,$L$6:$O$6)=0,"", IF(OR( AND($L$6="",L25<>""),AND(ISTEXT($L$6),$L$6<>""),AND(ISTEXT(L25),L25<>""), AND($M$6="",M25<>""),AND(ISTEXT($M$6),$M$6<>""),AND(ISTEXT(M25),M25<>""), AND($N$6="",N25<>""),AND(ISTEXT($N$6),$N$6<>""),AND(ISTEXT(N25),N25<>""), AND($O$6="",O25<>""),AND(ISTEXT($O$6),$O$6<>""),AND(ISTEXT(O25),O25<>"")),"Error", IF(OR( AND(ISNUMBER($L$6),ISNUMBER(L25),L25>$L$6), AND(ISNUMBER($M$6),ISNUMBER(M25),M25>$M$6), AND(ISNUMBER($N$6),ISNUMBER(N25),N25>$N$6), AND(ISNUMBER($O$6),ISNUMBER(O25),O25>$O$6)),"Error", IF(SUM(L25:O25)>$P$7,"Error", SUM(L25:O25)))))) -> 270 | Q25: 0 | R25: =IF(F25="","", IF(AND(Q25="",$Q$6=""),"", IF($Q$6="","Error", IF(OR(AND(ISTEXT(Q25),Q25<>""),AND(ISTEXT($Q$6),$Q$6<>"")),"Error", IF(AND(ISNUMBER(Q25),ISNUMBER($Q$6),Q25>$Q$6),"Error", IFERROR(IF(Q25="","",(Q25/$Q$6)*100),0)))))) -> 0 | T25: 0 | U25: 50 | X25: =IF(OR(F25="",COUNTA(T25:W25)=0),"", IF(COUNTA(T25:W25,$T$6:$W$6)=0,"", IF(OR( AND($T$6="",T25<>""),AND(ISTEXT($T$6),$T$6<>""),AND(ISTEXT(T25),T25<>""), AND($U$6="",U25<>""),AND(ISTEXT($U$6),$U$6<>""),AND(ISTEXT(U25),U25<>""), AND($V$6="",V25<>""),AND(ISTEXT($V$6),$V$6<>""),AND(ISTEXT(V25),V25<>""), AND($W$6="",W25<>""),AND(ISTEXT($W$6),$W$6<>""),AND(ISTEXT(W25),W25<>"")),"Error", IF(OR( AND(ISNUMBER($T$6),ISNUMBER(T25),T25>$T$6), AND(ISNUMBER($U$6),ISNUMBER(U25),U25>$U$6), AND(ISNUMBER($V$6),ISNUMBER(V25),V25>$V$6), AND(ISNUMBER($W$6),ISNUMBER(W25),W25>$W$6)),"Error", IF(SUM(T25:W25)>$X$7,"Error", SUM(T25:W25)))))) -> 50 | Y25: 0 | Z25: 0 | AC25: =IF(OR(F25="",COUNTA(Y25:AB25)=0),"", IF(COUNTA(Y25:AB25,$Y$6:$AB$6)=0,"", IF(OR( AND($Y$6="",Y25<>""),AND(ISTEXT($Y$6),$Y$6<>""),AND(ISTEXT(Y25),Y25<>""), AND($Z$6="",Z25<>""),AND(ISTEXT($Z$6),$Z$6<>""),AND(ISTEXT(Z25),Z25<>""), AND($AA$6="",AA25<>""),AND(ISTEXT($AA$6),$AA$6<>""),AND(ISTEXT(AA25),AA25<>""), AND($AB$6="",AB25<>""),AND(ISTEXT($AB$6),$AB$6<>""),AND(ISTEXT(AB25),AB25<>"")),"Error", IF(OR( AND(ISNUMBER($Y$6),ISNUMBER(Y25),Y25>$Y$6), AND(ISNUMBER($Z$6),ISNUMBER(Z25),Z25>$Z$6), AND(ISNUMBER($AA$6),ISNUMBER(AA25),AA25>$AA$6), AND(ISNUMBER($AB$6),ISNUMBER(AB25),AB25>$AB$6)),"Error", IF(SUM(Y25:AB25)>$AC$7,"Error", SUM(Y25:AB25)))))) -> 0 | AE25: =IF(F25="","", IF(AND(AD25="",$AD$6=""),"", IF($AD$6="","Error", IF(OR(AND(ISTEXT(AD25),AD25<>""),AND(ISTEXT($AD$6),$AD$6<>"")),"Error", IF(AND(ISNUMBER(AD25),ISNUMBER($AD$6),AD25>$AD$6),"Error", IFERROR(IF(AD25="","",(AD25/$AD$6)*100),0)))))) | AK25: =IF(OR(F25="",COUNTA(AG25:AJ25)=0),"", IF(COUNTA(AG25:AJ25,$AG$6:$AJ$6)=0,"", IF(OR( AND($AG$6="",AG25<>""),AND(ISTEXT($AG$6),$AG$6<>""),AND(ISTEXT(AG25),AG25<>""), AND($AH$6="",AH25<>""),AND(ISTEXT($AH$6),$AH$6<>""),AND(ISTEXT(AH25),AH25<>""), AND($AI$6="",AI25<>""),AND(ISTEXT($AI$6),$AI$6<>""),AND(ISTEXT(AI25),AI25<>""), AND($AJ$6="",AJ25<>""),AND(ISTEXT($AJ$6),$AJ$6<>""),AND(ISTEXT(AJ25),AJ25<>"")),"Error", IF(OR( AND(ISNUMBER($AG$6),ISNUMBER(AG25),AG25>$AG$6), AND(ISNUMBER($AH$6),ISNUMBER(AH25),AH25>$AH$6), AND(ISNUMBER($AI$6),ISNUMBER(AI25),AI25>$AI$6), AND(ISNUMBER($AJ$6),ISNUMBER(AJ25),AJ25>$AJ$6)),"Error", IF(SUM(AG25:AJ25)>$AK$7,"Error", SUM(AG25:AJ25)))))) | AP25: =IF(OR(F25="",COUNTA(AL25:AO25)=0),"", IF(COUNTA(AL25:AO25,$AL$6:$AO$6)=0,"", IF(OR( AND($AL$6="",AL25<>""),AND(ISTEXT($AL$6),$AL$6<>""),AND(ISTEXT(AL25),AL25<>""), AND($AM$6="",AM25<>""),AND(ISTEXT($AM$6),$AM$6<>""),AND(ISTEXT(AM25),AM25<>""), AND($AN$6="",AN25<>""),AND(ISTEXT($AN$6),$AN$6<>""),AND(ISTEXT(AN25),AN25<>""), AND($AO$6="",AO25<>""),AND(ISTEXT($AO$6),$AO$6<>""),AND(ISTEXT(AO25),AO25<>"")),"Error", IF(OR( AND(ISNUMBER($AL$6),ISNUMBER(AL25),AL25>$AL$6), AND(ISNUMBER($AM$6),ISNUMBER(AM25),AM25>$AM$6), AND(ISNUMBER($AN$6),ISNUMBER(AN25),AN25>$AN$6), AND(ISNUMBER($AO$6),ISNUMBER(AO25),AO25>$AO$6)),"Error", IF(SUM(AL25:AO25)>$AP$7,"Error", SUM(AL25:AO25)))))) | AR25: =IF(F25="","", IF(AND(AQ25="",$AQ$6=""),"", IF($AQ$6="","Error", IF(OR(AND(ISTEXT(AQ25),AQ25<>""),AND(ISTEXT($AQ$6),$AQ$6<>"")),"Error", IF(AND(ISNUMBER(AQ25),ISNUMBER($AQ$6),AD25>$AQ$6),"Error", IFERROR(IF(AQ25="","",(AQ25/$AQ$6)*100),0)))))) | AX25: =IF(OR(F25="",COUNTA(AT25:AW25)=0),"", IF(COUNTA(AT25:AW25,$AT$6:$AW$6)=0,"", IF(OR( AND($AT$6="",AT25<>""),AND(ISTEXT($AT$6),$AT$6<>""),AND(ISTEXT(AT25),AT25<>""), AND($AU$6="",AU25<>""),AND(ISTEXT($AU$6),$AU$6<>""),AND(ISTEXT(AU25),AU25<>""), AND($AV$6="",AV25<>""),AND(ISTEXT($AV$6),$AV$6<>""),AND(ISTEXT(AV25),AV25<>""), AND($AW$6="",AW25<>""),AND(ISTEXT($AW$6),$AW$6<>""),AND(ISTEXT(AW25),AW25<>"")),"Error", IF(OR( AND(ISNUMBER($AT$6),ISNUMBER(AT25),AT25>$AT$6), AND(ISNUMBER($AU$6),ISNUMBER(AU25),AU25>$AU$6), AND(ISNUMBER($AV$6),ISNUMBER(AV25),AV25>$AV$6), AND(ISNUMBER($AW$6),ISNUMBER(AW25),AW25>$AW$6)),"Error", IF(SUM(AT25:AW25)>$AX$7,"Error", SUM(AT25:AW25)))))) | BC25: =IF(OR(F25="",COUNTA(AY25:BB25)=0),"", IF(COUNTA(AY25:BB25,$AY$6:$BB$6)=0,"", IF(OR( AND($AY$6="",AY25<>""),AND(ISTEXT($AY$6),$AY$6<>""),AND(ISTEXT(AY25),AY25<>""), AND($AZ$6="",AZ25<>""),AND(ISTEXT($AZ$6),$AZ$6<>""),AND(ISTEXT(AZ25),AZ25<>""), AND($BA$6="",BA25<>""),AND(ISTEXT($BA$6),$BA$6<>""),AND(ISTEXT(BA25),BA25<>""), AND($BB$6="",BB25<>""),AND(ISTEXT($BB$6),$BB$6<>""),AND(ISTEXT(BB25),BB25<>"")),"Error", IF(OR( AND(ISNUMBER($AY$6),ISNUMBER(AY25),AY25>$AY$6), AND(ISNUMBER($AZ$6),ISNUMBER(AZ25),AZ25>$AZ$6), AND(ISNUMBER($BA$6),ISNUMBER(BA25),BA25>$BA$6), AND(ISNUMBER($BB$6),ISNUMBER(BB25),BB25>$BB$6)),"Error", IF(SUM(AY25:BB25)>$BC$7,"Error", SUM(AY25:BB25)))))) | BE25: =IF(F25="","", IF(AND(BD25="",$BD$6=""),"", IF($BD$6="","Error", IF(OR(AND(ISTEXT(BD25),BD25<>""),AND(ISTEXT($BD$6),$BD$6<>"")),"Error", IF(AND(ISNUMBER(BD25),ISNUMBER($BD$6),BD25>$BD$6),"Error", IFERROR(IF(BD25="","",(BD25/$BD$6)*100),0))))))
C26: =C25+1 -> 19 | D26: 02000491101 | F26: MAHAYHAY,KAREN CAPILI | G26: 93 | H26: 93 | I26: 47 | K26: =IF(OR(F26="",COUNTA(G26:J26)=0),"", IF(COUNTA(G26:J26,$G$6:$J$6)=0,"", IF(OR( AND($G$6="",G26<>""),AND(ISTEXT($G$6),$G$6<>""),AND(ISTEXT(G26),G26<>""), AND($H$6="",H26<>""),AND(ISTEXT($H$6),$H$6<>""),AND(ISTEXT(H26),H26<>""), AND($I$6="",I26<>""),AND(ISTEXT($I$6),$I$6<>""),AND(ISTEXT(I26),I26<>""), AND($J$6="",J26<>""),AND(ISTEXT($J$6),$J$6<>""),AND(ISTEXT(J26),J26<>"")),"Error", IF(OR( AND(ISNUMBER($G$6),ISNUMBER(G26),G26>$G$6), AND(ISNUMBER($H$6),ISNUMBER(H26),H26>$H$6), AND(ISNUMBER($I$6),ISNUMBER(I26),I26>$I$6), AND(ISNUMBER($J$6),ISNUMBER(J26),J26>$J$6)),"Error", IF(SUM(G26:J26)>$K$7,"Error", SUM(G26:J26)))))) -> 233 | L26: 93 | M26: 93 | N26: 93 | P26: =IF(OR(F26="",COUNTA(L26:O26)=0),"", IF(COUNTA(L26:O26,$L$6:$O$6)=0,"", IF(OR( AND($L$6="",L26<>""),AND(ISTEXT($L$6),$L$6<>""),AND(ISTEXT(L26),L26<>""), AND($M$6="",M26<>""),AND(ISTEXT($M$6),$M$6<>""),AND(ISTEXT(M26),M26<>""), AND($N$6="",N26<>""),AND(ISTEXT($N$6),$N$6<>""),AND(ISTEXT(N26),N26<>""), AND($O$6="",O26<>""),AND(ISTEXT($O$6),$O$6<>""),AND(ISTEXT(O26),O26<>"")),"Error", IF(OR( AND(ISNUMBER($L$6),ISNUMBER(L26),L26>$L$6), AND(ISNUMBER($M$6),ISNUMBER(M26),M26>$M$6), AND(ISNUMBER($N$6),ISNUMBER(N26),N26>$N$6), AND(ISNUMBER($O$6),ISNUMBER(O26),O26>$O$6)),"Error", IF(SUM(L26:O26)>$P$7,"Error", SUM(L26:O26)))))) -> 279 | Q26: 66 | R26: =IF(F26="","", IF(AND(Q26="",$Q$6=""),"", IF($Q$6="","Error", IF(OR(AND(ISTEXT(Q26),Q26<>""),AND(ISTEXT($Q$6),$Q$6<>"")),"Error", IF(AND(ISNUMBER(Q26),ISNUMBER($Q$6),Q26>$Q$6),"Error", IFERROR(IF(Q26="","",(Q26/$Q$6)*100),0)))))) -> 94.285714 | T26: 50 | U26: 50 | X26: =IF(OR(F26="",COUNTA(T26:W26)=0),"", IF(COUNTA(T26:W26,$T$6:$W$6)=0,"", IF(OR( AND($T$6="",T26<>""),AND(ISTEXT($T$6),$T$6<>""),AND(ISTEXT(T26),T26<>""), AND($U$6="",U26<>""),AND(ISTEXT($U$6),$U$6<>""),AND(ISTEXT(U26),U26<>""), AND($V$6="",V26<>""),AND(ISTEXT($V$6),$V$6<>""),AND(ISTEXT(V26),V26<>""), AND($W$6="",W26<>""),AND(ISTEXT($W$6),$W$6<>""),AND(ISTEXT(W26),W26<>"")),"Error", IF(OR( AND(ISNUMBER($T$6),ISNUMBER(T26),T26>$T$6), AND(ISNUMBER($U$6),ISNUMBER(U26),U26>$U$6), AND(ISNUMBER($V$6),ISNUMBER(V26),V26>$V$6), AND(ISNUMBER($W$6),ISNUMBER(W26),W26>$W$6)),"Error", IF(SUM(T26:W26)>$X$7,"Error", SUM(T26:W26)))))) -> 100 | Y26: 3 | Z26: 13 | AA26: 23 | AC26: =IF(OR(F26="",COUNTA(Y26:AB26)=0),"", IF(COUNTA(Y26:AB26,$Y$6:$AB$6)=0,"", IF(OR( AND($Y$6="",Y26<>""),AND(ISTEXT($Y$6),$Y$6<>""),AND(ISTEXT(Y26),Y26<>""), AND($Z$6="",Z26<>""),AND(ISTEXT($Z$6),$Z$6<>""),AND(ISTEXT(Z26),Z26<>""), AND($AA$6="",AA26<>""),AND(ISTEXT($AA$6),$AA$6<>""),AND(ISTEXT(AA26),AA26<>""), AND($AB$6="",AB26<>""),AND(ISTEXT($AB$6),$AB$6<>""),AND(ISTEXT(AB26),AB26<>"")),"Error", IF(OR( AND(ISNUMBER($Y$6),ISNUMBER(Y26),Y26>$Y$6), AND(ISNUMBER($Z$6),ISNUMBER(Z26),Z26>$Z$6), AND(ISNUMBER($AA$6),ISNUMBER(AA26),AA26>$AA$6), AND(ISNUMBER($AB$6),ISNUMBER(AB26),AB26>$AB$6)),"Error", IF(SUM(Y26:AB26)>$AC$7,"Error", SUM(Y26:AB26)))))) -> 39 | AD26: 58 | AE26: =IF(F26="","", IF(AND(AD26="",$AD$6=""),"", IF($AD$6="","Error", IF(OR(AND(ISTEXT(AD26),AD26<>""),AND(ISTEXT($AD$6),$AD$6<>"")),"Error", IF(AND(ISNUMBER(AD26),ISNUMBER($AD$6),AD26>$AD$6),"Error", IFERROR(IF(AD26="","",(AD26/$AD$6)*100),0)))))) -> 82.857143 | AK26: =IF(OR(F26="",COUNTA(AG26:AJ26)=0),"", IF(COUNTA(AG26:AJ26,$AG$6:$AJ$6)=0,"", IF(OR( AND($AG$6="",AG26<>""),AND(ISTEXT($AG$6),$AG$6<>""),AND(ISTEXT(AG26),AG26<>""), AND($AH$6="",AH26<>""),AND(ISTEXT($AH$6),$AH$6<>""),AND(ISTEXT(AH26),AH26<>""), AND($AI$6="",AI26<>""),AND(ISTEXT($AI$6),$AI$6<>""),AND(ISTEXT(AI26),AI26<>""), AND($AJ$6="",AJ26<>""),AND(ISTEXT($AJ$6),$AJ$6<>""),AND(ISTEXT(AJ26),AJ26<>"")),"Error", IF(OR( AND(ISNUMBER($AG$6),ISNUMBER(AG26),AG26>$AG$6), AND(ISNUMBER($AH$6),ISNUMBER(AH26),AH26>$AH$6), AND(ISNUMBER($AI$6),ISNUMBER(AI26),AI26>$AI$6), AND(ISNUMBER($AJ$6),ISNUMBER(AJ26),AJ26>$AJ$6)),"Error", IF(SUM(AG26:AJ26)>$AK$7,"Error", SUM(AG26:AJ26)))))) | AP26: =IF(OR(F26="",COUNTA(AL26:AO26)=0),"", IF(COUNTA(AL26:AO26,$AL$6:$AO$6)=0,"", IF(OR( AND($AL$6="",AL26<>""),AND(ISTEXT($AL$6),$AL$6<>""),AND(ISTEXT(AL26),AL26<>""), AND($AM$6="",AM26<>""),AND(ISTEXT($AM$6),$AM$6<>""),AND(ISTEXT(AM26),AM26<>""), AND($AN$6="",AN26<>""),AND(ISTEXT($AN$6),$AN$6<>""),AND(ISTEXT(AN26),AN26<>""), AND($AO$6="",AO26<>""),AND(ISTEXT($AO$6),$AO$6<>""),AND(ISTEXT(AO26),AO26<>"")),"Error", IF(OR( AND(ISNUMBER($AL$6),ISNUMBER(AL26),AL26>$AL$6), AND(ISNUMBER($AM$6),ISNUMBER(AM26),AM26>$AM$6), AND(ISNUMBER($AN$6),ISNUMBER(AN26),AN26>$AN$6), AND(ISNUMBER($AO$6),ISNUMBER(AO26),AO26>$AO$6)),"Error", IF(SUM(AL26:AO26)>$AP$7,"Error", SUM(AL26:AO26)))))) | AR26: =IF(F26="","", IF(AND(AQ26="",$AQ$6=""),"", IF($AQ$6="","Error", IF(OR(AND(ISTEXT(AQ26),AQ26<>""),AND(ISTEXT($AQ$6),$AQ$6<>"")),"Error", IF(AND(ISNUMBER(AQ26),ISNUMBER($AQ$6),AD26>$AQ$6),"Error", IFERROR(IF(AQ26="","",(AQ26/$AQ$6)*100),0)))))) | AX26: =IF(OR(F26="",COUNTA(AT26:AW26)=0),"", IF(COUNTA(AT26:AW26,$AT$6:$AW$6)=0,"", IF(OR( AND($AT$6="",AT26<>""),AND(ISTEXT($AT$6),$AT$6<>""),AND(ISTEXT(AT26),AT26<>""), AND($AU$6="",AU26<>""),AND(ISTEXT($AU$6),$AU$6<>""),AND(ISTEXT(AU26),AU26<>""), AND($AV$6="",AV26<>""),AND(ISTEXT($AV$6),$AV$6<>""),AND(ISTEXT(AV26),AV26<>""), AND($AW$6="",AW26<>""),AND(ISTEXT($AW$6),$AW$6<>""),AND(ISTEXT(AW26),AW26<>"")),"Error", IF(OR( AND(ISNUMBER($AT$6),ISNUMBER(AT26),AT26>$AT$6), AND(ISNUMBER($AU$6),ISNUMBER(AU26),AU26>$AU$6), AND(ISNUMBER($AV$6),ISNUMBER(AV26),AV26>$AV$6), AND(ISNUMBER($AW$6),ISNUMBER(AW26),AW26>$AW$6)),"Error", IF(SUM(AT26:AW26)>$AX$7,"Error", SUM(AT26:AW26)))))) | BC26: =IF(OR(F26="",COUNTA(AY26:BB26)=0),"", IF(COUNTA(AY26:BB26,$AY$6:$BB$6)=0,"", IF(OR( AND($AY$6="",AY26<>""),AND(ISTEXT($AY$6),$AY$6<>""),AND(ISTEXT(AY26),AY26<>""), AND($AZ$6="",AZ26<>""),AND(ISTEXT($AZ$6),$AZ$6<>""),AND(ISTEXT(AZ26),AZ26<>""), AND($BA$6="",BA26<>""),AND(ISTEXT($BA$6),$BA$6<>""),AND(ISTEXT(BA26),BA26<>""), AND($BB$6="",BB26<>""),AND(ISTEXT($BB$6),$BB$6<>""),AND(ISTEXT(BB26),BB26<>"")),"Error", IF(OR( AND(ISNUMBER($AY$6),ISNUMBER(AY26),AY26>$AY$6), AND(ISNUMBER($AZ$6),ISNUMBER(AZ26),AZ26>$AZ$6), AND(ISNUMBER($BA$6),ISNUMBER(BA26),BA26>$BA$6), AND(ISNUMBER($BB$6),ISNUMBER(BB26),BB26>$BB$6)),"Error", IF(SUM(AY26:BB26)>$BC$7,"Error", SUM(AY26:BB26)))))) | BE26: =IF(F26="","", IF(AND(BD26="",$BD$6=""),"", IF($BD$6="","Error", IF(OR(AND(ISTEXT(BD26),BD26<>""),AND(ISTEXT($BD$6),$BD$6<>"")),"Error", IF(AND(ISNUMBER(BD26),ISNUMBER($BD$6),BD26>$BD$6),"Error", IFERROR(IF(BD26="","",(BD26/$BD$6)*100),0))))))
C27: =C26+1 -> 20 | D27: 02000510558 | F27: MASMELA,MARK IVAN GERBOLINGON | G27: 98 | H27: 98 | I27: 47 | K27: =IF(OR(F27="",COUNTA(G27:J27)=0),"", IF(COUNTA(G27:J27,$G$6:$J$6)=0,"", IF(OR( AND($G$6="",G27<>""),AND(ISTEXT($G$6),$G$6<>""),AND(ISTEXT(G27),G27<>""), AND($H$6="",H27<>""),AND(ISTEXT($H$6),$H$6<>""),AND(ISTEXT(H27),H27<>""), AND($I$6="",I27<>""),AND(ISTEXT($I$6),$I$6<>""),AND(ISTEXT(I27),I27<>""), AND($J$6="",J27<>""),AND(ISTEXT($J$6),$J$6<>""),AND(ISTEXT(J27),J27<>"")),"Error", IF(OR( AND(ISNUMBER($G$6),ISNUMBER(G27),G27>$G$6), AND(ISNUMBER($H$6),ISNUMBER(H27),H27>$H$6), AND(ISNUMBER($I$6),ISNUMBER(I27),I27>$I$6), AND(ISNUMBER($J$6),ISNUMBER(J27),J27>$J$6)),"Error", IF(SUM(G27:J27)>$K$7,"Error", SUM(G27:J27)))))) -> 243 | L27: 98 | M27: 98 | N27: 98 | P27: =IF(OR(F27="",COUNTA(L27:O27)=0),"", IF(COUNTA(L27:O27,$L$6:$O$6)=0,"", IF(OR( AND($L$6="",L27<>""),AND(ISTEXT($L$6),$L$6<>""),AND(ISTEXT(L27),L27<>""), AND($M$6="",M27<>""),AND(ISTEXT($M$6),$M$6<>""),AND(ISTEXT(M27),M27<>""), AND($N$6="",N27<>""),AND(ISTEXT($N$6),$N$6<>""),AND(ISTEXT(N27),N27<>""), AND($O$6="",O27<>""),AND(ISTEXT($O$6),$O$6<>""),AND(ISTEXT(O27),O27<>"")),"Error", IF(OR( AND(ISNUMBER($L$6),ISNUMBER(L27),L27>$L$6), AND(ISNUMBER($M$6),ISNUMBER(M27),M27>$M$6), AND(ISNUMBER($N$6),ISNUMBER(N27),N27>$N$6), AND(ISNUMBER($O$6),ISNUMBER(O27),O27>$O$6)),"Error", IF(SUM(L27:O27)>$P$7,"Error", SUM(L27:O27)))))) -> 294 | Q27: 0 | R27: =IF(F27="","", IF(AND(Q27="",$Q$6=""),"", IF($Q$6="","Error", IF(OR(AND(ISTEXT(Q27),Q27<>""),AND(ISTEXT($Q$6),$Q$6<>"")),"Error", IF(AND(ISNUMBER(Q27),ISNUMBER($Q$6),Q27>$Q$6),"Error", IFERROR(IF(Q27="","",(Q27/$Q$6)*100),0)))))) -> 0 | T27: 50 | U27: 50 | X27: =IF(OR(F27="",COUNTA(T27:W27)=0),"", IF(COUNTA(T27:W27,$T$6:$W$6)=0,"", IF(OR( AND($T$6="",T27<>""),AND(ISTEXT($T$6),$T$6<>""),AND(ISTEXT(T27),T27<>""), AND($U$6="",U27<>""),AND(ISTEXT($U$6),$U$6<>""),AND(ISTEXT(U27),U27<>""), AND($V$6="",V27<>""),AND(ISTEXT($V$6),$V$6<>""),AND(ISTEXT(V27),V27<>""), AND($W$6="",W27<>""),AND(ISTEXT($W$6),$W$6<>""),AND(ISTEXT(W27),W27<>"")),"Error", IF(OR( AND(ISNUMBER($T$6),ISNUMBER(T27),T27>$T$6), AND(ISNUMBER($U$6),ISNUMBER(U27),U27>$U$6), AND(ISNUMBER($V$6),ISNUMBER(V27),V27>$V$6), AND(ISNUMBER($W$6),ISNUMBER(W27),W27>$W$6)),"Error", IF(SUM(T27:W27)>$X$7,"Error", SUM(T27:W27)))))) -> 100 | Y27: 8 | Z27: 15 | AA27: 21 | AC27: =IF(OR(F27="",COUNTA(Y27:AB27)=0),"", IF(COUNTA(Y27:AB27,$Y$6:$AB$6)=0,"", IF(OR( AND($Y$6="",Y27<>""),AND(ISTEXT($Y$6),$Y$6<>""),AND(ISTEXT(Y27),Y27<>""), AND($Z$6="",Z27<>""),AND(ISTEXT($Z$6),$Z$6<>""),AND(ISTEXT(Z27),Z27<>""), AND($AA$6="",AA27<>""),AND(ISTEXT($AA$6),$AA$6<>""),AND(ISTEXT(AA27),AA27<>""), AND($AB$6="",AB27<>""),AND(ISTEXT($AB$6),$AB$6<>""),AND(ISTEXT(AB27),AB27<>"")),"Error", IF(OR( AND(ISNUMBER($Y$6),ISNUMBER(Y27),Y27>$Y$6), AND(ISNUMBER($Z$6),ISNUMBER(Z27),Z27>$Z$6), AND(ISNUMBER($AA$6),ISNUMBER(AA27),AA27>$AA$6), AND(ISNUMBER($AB$6),ISNUMBER(AB27),AB27>$AB$6)),"Error", IF(SUM(Y27:AB27)>$AC$7,"Error", SUM(Y27:AB27)))))) -> 44 | AD27: 50 | AE27: =IF(F27="","", IF(AND(AD27="",$AD$6=""),"", IF($AD$6="","Error", IF(OR(AND(ISTEXT(AD27),AD27<>""),AND(ISTEXT($AD$6),$AD$6<>"")),"Error", IF(AND(ISNUMBER(AD27),ISNUMBER($AD$6),AD27>$AD$6),"Error", IFERROR(IF(AD27="","",(AD27/$AD$6)*100),0)))))) -> 71.428571 | AK27: =IF(OR(F27="",COUNTA(AG27:AJ27)=0),"", IF(COUNTA(AG27:AJ27,$AG$6:$AJ$6)=0,"", IF(OR( AND($AG$6="",AG27<>""),AND(ISTEXT($AG$6),$AG$6<>""),AND(ISTEXT(AG27),AG27<>""), AND($AH$6="",AH27<>""),AND(ISTEXT($AH$6),$AH$6<>""),AND(ISTEXT(AH27),AH27<>""), AND($AI$6="",AI27<>""),AND(ISTEXT($AI$6),$AI$6<>""),AND(ISTEXT(AI27),AI27<>""), AND($AJ$6="",AJ27<>""),AND(ISTEXT($AJ$6),$AJ$6<>""),AND(ISTEXT(AJ27),AJ27<>"")),"Error", IF(OR( AND(ISNUMBER($AG$6),ISNUMBER(AG27),AG27>$AG$6), AND(ISNUMBER($AH$6),ISNUMBER(AH27),AH27>$AH$6), AND(ISNUMBER($AI$6),ISNUMBER(AI27),AI27>$AI$6), AND(ISNUMBER($AJ$6),ISNUMBER(AJ27),AJ27>$AJ$6)),"Error", IF(SUM(AG27:AJ27)>$AK$7,"Error", SUM(AG27:AJ27)))))) | AP27: =IF(OR(F27="",COUNTA(AL27:AO27)=0),"", IF(COUNTA(AL27:AO27,$AL$6:$AO$6)=0,"", IF(OR( AND($AL$6="",AL27<>""),AND(ISTEXT($AL$6),$AL$6<>""),AND(ISTEXT(AL27),AL27<>""), AND($AM$6="",AM27<>""),AND(ISTEXT($AM$6),$AM$6<>""),AND(ISTEXT(AM27),AM27<>""), AND($AN$6="",AN27<>""),AND(ISTEXT($AN$6),$AN$6<>""),AND(ISTEXT(AN27),AN27<>""), AND($AO$6="",AO27<>""),AND(ISTEXT($AO$6),$AO$6<>""),AND(ISTEXT(AO27),AO27<>"")),"Error", IF(OR( AND(ISNUMBER($AL$6),ISNUMBER(AL27),AL27>$AL$6), AND(ISNUMBER($AM$6),ISNUMBER(AM27),AM27>$AM$6), AND(ISNUMBER($AN$6),ISNUMBER(AN27),AN27>$AN$6), AND(ISNUMBER($AO$6),ISNUMBER(AO27),AO27>$AO$6)),"Error", IF(SUM(AL27:AO27)>$AP$7,"Error", SUM(AL27:AO27)))))) | AR27: =IF(F27="","", IF(AND(AQ27="",$AQ$6=""),"", IF($AQ$6="","Error", IF(OR(AND(ISTEXT(AQ27),AQ27<>""),AND(ISTEXT($AQ$6),$AQ$6<>"")),"Error", IF(AND(ISNUMBER(AQ27),ISNUMBER($AQ$6),AD27>$AQ$6),"Error", IFERROR(IF(AQ27="","",(AQ27/$AQ$6)*100),0)))))) | AX27: =IF(OR(F27="",COUNTA(AT27:AW27)=0),"", IF(COUNTA(AT27:AW27,$AT$6:$AW$6)=0,"", IF(OR( AND($AT$6="",AT27<>""),AND(ISTEXT($AT$6),$AT$6<>""),AND(ISTEXT(AT27),AT27<>""), AND($AU$6="",AU27<>""),AND(ISTEXT($AU$6),$AU$6<>""),AND(ISTEXT(AU27),AU27<>""), AND($AV$6="",AV27<>""),AND(ISTEXT($AV$6),$AV$6<>""),AND(ISTEXT(AV27),AV27<>""), AND($AW$6="",AW27<>""),AND(ISTEXT($AW$6),$AW$6<>""),AND(ISTEXT(AW27),AW27<>"")),"Error", IF(OR( AND(ISNUMBER($AT$6),ISNUMBER(AT27),AT27>$AT$6), AND(ISNUMBER($AU$6),ISNUMBER(AU27),AU27>$AU$6), AND(ISNUMBER($AV$6),ISNUMBER(AV27),AV27>$AV$6), AND(ISNUMBER($AW$6),ISNUMBER(AW27),AW27>$AW$6)),"Error", IF(SUM(AT27:AW27)>$AX$7,"Error", SUM(AT27:AW27)))))) | BC27: =IF(OR(F27="",COUNTA(AY27:BB27)=0),"", IF(COUNTA(AY27:BB27,$AY$6:$BB$6)=0,"", IF(OR( AND($AY$6="",AY27<>""),AND(ISTEXT($AY$6),$AY$6<>""),AND(ISTEXT(AY27),AY27<>""), AND($AZ$6="",AZ27<>""),AND(ISTEXT($AZ$6),$AZ$6<>""),AND(ISTEXT(AZ27),AZ27<>""), AND($BA$6="",BA27<>""),AND(ISTEXT($BA$6),$BA$6<>""),AND(ISTEXT(BA27),BA27<>""), AND($BB$6="",BB27<>""),AND(ISTEXT($BB$6),$BB$6<>""),AND(ISTEXT(BB27),BB27<>"")),"Error", IF(OR( AND(ISNUMBER($AY$6),ISNUMBER(AY27),AY27>$AY$6), AND(ISNUMBER($AZ$6),ISNUMBER(AZ27),AZ27>$AZ$6), AND(ISNUMBER($BA$6),ISNUMBER(BA27),BA27>$BA$6), AND(ISNUMBER($BB$6),ISNUMBER(BB27),BB27>$BB$6)),"Error", IF(SUM(AY27:BB27)>$BC$7,"Error", SUM(AY27:BB27)))))) | BE27: =IF(F27="","", IF(AND(BD27="",$BD$6=""),"", IF($BD$6="","Error", IF(OR(AND(ISTEXT(BD27),BD27<>""),AND(ISTEXT($BD$6),$BD$6<>"")),"Error", IF(AND(ISNUMBER(BD27),ISNUMBER($BD$6),BD27>$BD$6),"Error", IFERROR(IF(BD27="","",(BD27/$BD$6)*100),0))))))
C28: =C27+1 -> 21 | D28: 02000503091 | F28: NOLLORA,ABEGAIL ALARCON | G28: 98 | H28: 98 | I28: 47 | K28: =IF(OR(F28="",COUNTA(G28:J28)=0),"", IF(COUNTA(G28:J28,$G$6:$J$6)=0,"", IF(OR( AND($G$6="",G28<>""),AND(ISTEXT($G$6),$G$6<>""),AND(ISTEXT(G28),G28<>""), AND($H$6="",H28<>""),AND(ISTEXT($H$6),$H$6<>""),AND(ISTEXT(H28),H28<>""), AND($I$6="",I28<>""),AND(ISTEXT($I$6),$I$6<>""),AND(ISTEXT(I28),I28<>""), AND($J$6="",J28<>""),AND(ISTEXT($J$6),$J$6<>""),AND(ISTEXT(J28),J28<>"")),"Error", IF(OR( AND(ISNUMBER($G$6),ISNUMBER(G28),G28>$G$6), AND(ISNUMBER($H$6),ISNUMBER(H28),H28>$H$6), AND(ISNUMBER($I$6),ISNUMBER(I28),I28>$I$6), AND(ISNUMBER($J$6),ISNUMBER(J28),J28>$J$6)),"Error", IF(SUM(G28:J28)>$K$7,"Error", SUM(G28:J28)))))) -> 243 | L28: 98 | M28: 98 | N28: 98 | P28: =IF(OR(F28="",COUNTA(L28:O28)=0),"", IF(COUNTA(L28:O28,$L$6:$O$6)=0,"", IF(OR( AND($L$6="",L28<>""),AND(ISTEXT($L$6),$L$6<>""),AND(ISTEXT(L28),L28<>""), AND($M$6="",M28<>""),AND(ISTEXT($M$6),$M$6<>""),AND(ISTEXT(M28),M28<>""), AND($N$6="",N28<>""),AND(ISTEXT($N$6),$N$6<>""),AND(ISTEXT(N28),N28<>""), AND($O$6="",O28<>""),AND(ISTEXT($O$6),$O$6<>""),AND(ISTEXT(O28),O28<>"")),"Error", IF(OR( AND(ISNUMBER($L$6),ISNUMBER(L28),L28>$L$6), AND(ISNUMBER($M$6),ISNUMBER(M28),M28>$M$6), AND(ISNUMBER($N$6),ISNUMBER(N28),N28>$N$6), AND(ISNUMBER($O$6),ISNUMBER(O28),O28>$O$6)),"Error", IF(SUM(L28:O28)>$P$7,"Error", SUM(L28:O28)))))) -> 294 | Q28: 0 | R28: =IF(F28="","", IF(AND(Q28="",$Q$6=""),"", IF($Q$6="","Error", IF(OR(AND(ISTEXT(Q28),Q28<>""),AND(ISTEXT($Q$6),$Q$6<>"")),"Error", IF(AND(ISNUMBER(Q28),ISNUMBER($Q$6),Q28>$Q$6),"Error", IFERROR(IF(Q28="","",(Q28/$Q$6)*100),0)))))) -> 0 | T28: 0 | U28: 50 | X28: =IF(OR(F28="",COUNTA(T28:W28)=0),"", IF(COUNTA(T28:W28,$T$6:$W$6)=0,"", IF(OR( AND($T$6="",T28<>""),AND(ISTEXT($T$6),$T$6<>""),AND(ISTEXT(T28),T28<>""), AND($U$6="",U28<>""),AND(ISTEXT($U$6),$U$6<>""),AND(ISTEXT(U28),U28<>""), AND($V$6="",V28<>""),AND(ISTEXT($V$6),$V$6<>""),AND(ISTEXT(V28),V28<>""), AND($W$6="",W28<>""),AND(ISTEXT($W$6),$W$6<>""),AND(ISTEXT(W28),W28<>"")),"Error", IF(OR( AND(ISNUMBER($T$6),ISNUMBER(T28),T28>$T$6), AND(ISNUMBER($U$6),ISNUMBER(U28),U28>$U$6), AND(ISNUMBER($V$6),ISNUMBER(V28),V28>$V$6), AND(ISNUMBER($W$6),ISNUMBER(W28),W28>$W$6)),"Error", IF(SUM(T28:W28)>$X$7,"Error", SUM(T28:W28)))))) -> 50 | Y28: 9 | Z28: 5 | AC28: =IF(OR(F28="",COUNTA(Y28:AB28)=0),"", IF(COUNTA(Y28:AB28,$Y$6:$AB$6)=0,"", IF(OR( AND($Y$6="",Y28<>""),AND(ISTEXT($Y$6),$Y$6<>""),AND(ISTEXT(Y28),Y28<>""), AND($Z$6="",Z28<>""),AND(ISTEXT($Z$6),$Z$6<>""),AND(ISTEXT(Z28),Z28<>""), AND($AA$6="",AA28<>""),AND(ISTEXT($AA$6),$AA$6<>""),AND(ISTEXT(AA28),AA28<>""), AND($AB$6="",AB28<>""),AND(ISTEXT($AB$6),$AB$6<>""),AND(ISTEXT(AB28),AB28<>"")),"Error", IF(OR( AND(ISNUMBER($Y$6),ISNUMBER(Y28),Y28>$Y$6), AND(ISNUMBER($Z$6),ISNUMBER(Z28),Z28>$Z$6), AND(ISNUMBER($AA$6),ISNUMBER(AA28),AA28>$AA$6), AND(ISNUMBER($AB$6),ISNUMBER(AB28),AB28>$AB$6)),"Error", IF(SUM(Y28:AB28)>$AC$7,"Error", SUM(Y28:AB28)))))) -> 14 | AD28: 50 | AE28: =IF(F28="","", IF(AND(AD28="",$AD$6=""),"", IF($AD$6="","Error", IF(OR(AND(ISTEXT(AD28),AD28<>""),AND(ISTEXT($AD$6),$AD$6<>"")),"Error", IF(AND(ISNUMBER(AD28),ISNUMBER($AD$6),AD28>$AD$6),"Error", IFERROR(IF(AD28="","",(AD28/$AD$6)*100),0)))))) -> 71.428571 | AK28: =IF(OR(F28="",COUNTA(AG28:AJ28)=0),"", IF(COUNTA(AG28:AJ28,$AG$6:$AJ$6)=0,"", IF(OR( AND($AG$6="",AG28<>""),AND(ISTEXT($AG$6),$AG$6<>""),AND(ISTEXT(AG28),AG28<>""), AND($AH$6="",AH28<>""),AND(ISTEXT($AH$6),$AH$6<>""),AND(ISTEXT(AH28),AH28<>""), AND($AI$6="",AI28<>""),AND(ISTEXT($AI$6),$AI$6<>""),AND(ISTEXT(AI28),AI28<>""), AND($AJ$6="",AJ28<>""),AND(ISTEXT($AJ$6),$AJ$6<>""),AND(ISTEXT(AJ28),AJ28<>"")),"Error", IF(OR( AND(ISNUMBER($AG$6),ISNUMBER(AG28),AG28>$AG$6), AND(ISNUMBER($AH$6),ISNUMBER(AH28),AH28>$AH$6), AND(ISNUMBER($AI$6),ISNUMBER(AI28),AI28>$AI$6), AND(ISNUMBER($AJ$6),ISNUMBER(AJ28),AJ28>$AJ$6)),"Error", IF(SUM(AG28:AJ28)>$AK$7,"Error", SUM(AG28:AJ28)))))) | AP28: =IF(OR(F28="",COUNTA(AL28:AO28)=0),"", IF(COUNTA(AL28:AO28,$AL$6:$AO$6)=0,"", IF(OR( AND($AL$6="",AL28<>""),AND(ISTEXT($AL$6),$AL$6<>""),AND(ISTEXT(AL28),AL28<>""), AND($AM$6="",AM28<>""),AND(ISTEXT($AM$6),$AM$6<>""),AND(ISTEXT(AM28),AM28<>""), AND($AN$6="",AN28<>""),AND(ISTEXT($AN$6),$AN$6<>""),AND(ISTEXT(AN28),AN28<>""), AND($AO$6="",AO28<>""),AND(ISTEXT($AO$6),$AO$6<>""),AND(ISTEXT(AO28),AO28<>"")),"Error", IF(OR( AND(ISNUMBER($AL$6),ISNUMBER(AL28),AL28>$AL$6), AND(ISNUMBER($AM$6),ISNUMBER(AM28),AM28>$AM$6), AND(ISNUMBER($AN$6),ISNUMBER(AN28),AN28>$AN$6), AND(ISNUMBER($AO$6),ISNUMBER(AO28),AO28>$AO$6)),"Error", IF(SUM(AL28:AO28)>$AP$7,"Error", SUM(AL28:AO28)))))) | AR28: =IF(F28="","", IF(AND(AQ28="",$AQ$6=""),"", IF($AQ$6="","Error", IF(OR(AND(ISTEXT(AQ28),AQ28<>""),AND(ISTEXT($AQ$6),$AQ$6<>"")),"Error", IF(AND(ISNUMBER(AQ28),ISNUMBER($AQ$6),AD28>$AQ$6),"Error", IFERROR(IF(AQ28="","",(AQ28/$AQ$6)*100),0)))))) | AX28: =IF(OR(F28="",COUNTA(AT28:AW28)=0),"", IF(COUNTA(AT28:AW28,$AT$6:$AW$6)=0,"", IF(OR( AND($AT$6="",AT28<>""),AND(ISTEXT($AT$6),$AT$6<>""),AND(ISTEXT(AT28),AT28<>""), AND($AU$6="",AU28<>""),AND(ISTEXT($AU$6),$AU$6<>""),AND(ISTEXT(AU28),AU28<>""), AND($AV$6="",AV28<>""),AND(ISTEXT($AV$6),$AV$6<>""),AND(ISTEXT(AV28),AV28<>""), AND($AW$6="",AW28<>""),AND(ISTEXT($AW$6),$AW$6<>""),AND(ISTEXT(AW28),AW28<>"")),"Error", IF(OR( AND(ISNUMBER($AT$6),ISNUMBER(AT28),AT28>$AT$6), AND(ISNUMBER($AU$6),ISNUMBER(AU28),AU28>$AU$6), AND(ISNUMBER($AV$6),ISNUMBER(AV28),AV28>$AV$6), AND(ISNUMBER($AW$6),ISNUMBER(AW28),AW28>$AW$6)),"Error", IF(SUM(AT28:AW28)>$AX$7,"Error", SUM(AT28:AW28)))))) | BC28: =IF(OR(F28="",COUNTA(AY28:BB28)=0),"", IF(COUNTA(AY28:BB28,$AY$6:$BB$6)=0,"", IF(OR( AND($AY$6="",AY28<>""),AND(ISTEXT($AY$6),$AY$6<>""),AND(ISTEXT(AY28),AY28<>""), AND($AZ$6="",AZ28<>""),AND(ISTEXT($AZ$6),$AZ$6<>""),AND(ISTEXT(AZ28),AZ28<>""), AND($BA$6="",BA28<>""),AND(ISTEXT($BA$6),$BA$6<>""),AND(ISTEXT(BA28),BA28<>""), AND($BB$6="",BB28<>""),AND(ISTEXT($BB$6),$BB$6<>""),AND(ISTEXT(BB28),BB28<>"")),"Error", IF(OR( AND(ISNUMBER($AY$6),ISNUMBER(AY28),AY28>$AY$6), AND(ISNUMBER($AZ$6),ISNUMBER(AZ28),AZ28>$AZ$6), AND(ISNUMBER($BA$6),ISNUMBER(BA28),BA28>$BA$6), AND(ISNUMBER($BB$6),ISNUMBER(BB28),BB28>$BB$6)),"Error", IF(SUM(AY28:BB28)>$BC$7,"Error", SUM(AY28:BB28)))))) | BE28: =IF(F28="","", IF(AND(BD28="",$BD$6=""),"", IF($BD$6="","Error", IF(OR(AND(ISTEXT(BD28),BD28<>""),AND(ISTEXT($BD$6),$BD$6<>"")),"Error", IF(AND(ISNUMBER(BD28),ISNUMBER($BD$6),BD28>$BD$6),"Error", IFERROR(IF(BD28="","",(BD28/$BD$6)*100),0))))))
C29: =C28+1 -> 22 | D29: 02000510390 | F29: QUIOM,JELSIE DIMASAYAO | G29: 100 | H29: 100 | I29: 48 | K29: =IF(OR(F29="",COUNTA(G29:J29)=0),"", IF(COUNTA(G29:J29,$G$6:$J$6)=0,"", IF(OR( AND($G$6="",G29<>""),AND(ISTEXT($G$6),$G$6<>""),AND(ISTEXT(G29),G29<>""), AND($H$6="",H29<>""),AND(ISTEXT($H$6),$H$6<>""),AND(ISTEXT(H29),H29<>""), AND($I$6="",I29<>""),AND(ISTEXT($I$6),$I$6<>""),AND(ISTEXT(I29),I29<>""), AND($J$6="",J29<>""),AND(ISTEXT($J$6),$J$6<>""),AND(ISTEXT(J29),J29<>"")),"Error", IF(OR( AND(ISNUMBER($G$6),ISNUMBER(G29),G29>$G$6), AND(ISNUMBER($H$6),ISNUMBER(H29),H29>$H$6), AND(ISNUMBER($I$6),ISNUMBER(I29),I29>$I$6), AND(ISNUMBER($J$6),ISNUMBER(J29),J29>$J$6)),"Error", IF(SUM(G29:J29)>$K$7,"Error", SUM(G29:J29)))))) -> 248 | L29: 100 | M29: 100 | N29: 100 | P29: =IF(OR(F29="",COUNTA(L29:O29)=0),"", IF(COUNTA(L29:O29,$L$6:$O$6)=0,"", IF(OR( AND($L$6="",L29<>""),AND(ISTEXT($L$6),$L$6<>""),AND(ISTEXT(L29),L29<>""), AND($M$6="",M29<>""),AND(ISTEXT($M$6),$M$6<>""),AND(ISTEXT(M29),M29<>""), AND($N$6="",N29<>""),AND(ISTEXT($N$6),$N$6<>""),AND(ISTEXT(N29),N29<>""), AND($O$6="",O29<>""),AND(ISTEXT($O$6),$O$6<>""),AND(ISTEXT(O29),O29<>"")),"Error", IF(OR( AND(ISNUMBER($L$6),ISNUMBER(L29),L29>$L$6), AND(ISNUMBER($M$6),ISNUMBER(M29),M29>$M$6), AND(ISNUMBER($N$6),ISNUMBER(N29),N29>$N$6), AND(ISNUMBER($O$6),ISNUMBER(O29),O29>$O$6)),"Error", IF(SUM(L29:O29)>$P$7,"Error", SUM(L29:O29)))))) -> 300 | Q29: 24 | R29: =IF(F29="","", IF(AND(Q29="",$Q$6=""),"", IF($Q$6="","Error", IF(OR(AND(ISTEXT(Q29),Q29<>""),AND(ISTEXT($Q$6),$Q$6<>"")),"Error", IF(AND(ISNUMBER(Q29),ISNUMBER($Q$6),Q29>$Q$6),"Error", IFERROR(IF(Q29="","",(Q29/$Q$6)*100),0)))))) -> 34.285714 | T29: 45 | U29: 50 | X29: =IF(OR(F29="",COUNTA(T29:W29)=0),"", IF(COUNTA(T29:W29,$T$6:$W$6)=0,"", IF(OR( AND($T$6="",T29<>""),AND(ISTEXT($T$6),$T$6<>""),AND(ISTEXT(T29),T29<>""), AND($U$6="",U29<>""),AND(ISTEXT($U$6),$U$6<>""),AND(ISTEXT(U29),U29<>""), AND($V$6="",V29<>""),AND(ISTEXT($V$6),$V$6<>""),AND(ISTEXT(V29),V29<>""), AND($W$6="",W29<>""),AND(ISTEXT($W$6),$W$6<>""),AND(ISTEXT(W29),W29<>"")),"Error", IF(OR( AND(ISNUMBER($T$6),ISNUMBER(T29),T29>$T$6), AND(ISNUMBER($U$6),ISNUMBER(U29),U29>$U$6), AND(ISNUMBER($V$6),ISNUMBER(V29),V29>$V$6), AND(ISNUMBER($W$6),ISNUMBER(W29),W29>$W$6)),"Error", IF(SUM(T29:W29)>$X$7,"Error", SUM(T29:W29)))))) -> 95 | Y29: 8 | Z29: 18 | AA29: 11 | AC29: =IF(OR(F29="",COUNTA(Y29:AB29)=0),"", IF(COUNTA(Y29:AB29,$Y$6:$AB$6)=0,"", IF(OR( AND($Y$6="",Y29<>""),AND(ISTEXT($Y$6),$Y$6<>""),AND(ISTEXT(Y29),Y29<>""), AND($Z$6="",Z29<>""),AND(ISTEXT($Z$6),$Z$6<>""),AND(ISTEXT(Z29),Z29<>""), AND($AA$6="",AA29<>""),AND(ISTEXT($AA$6),$AA$6<>""),AND(ISTEXT(AA29),AA29<>""), AND($AB$6="",AB29<>""),AND(ISTEXT($AB$6),$AB$6<>""),AND(ISTEXT(AB29),AB29<>"")),"Error", IF(OR( AND(ISNUMBER($Y$6),ISNUMBER(Y29),Y29>$Y$6), AND(ISNUMBER($Z$6),ISNUMBER(Z29),Z29>$Z$6), AND(ISNUMBER($AA$6),ISNUMBER(AA29),AA29>$AA$6), AND(ISNUMBER($AB$6),ISNUMBER(AB29),AB29>$AB$6)),"Error", IF(SUM(Y29:AB29)>$AC$7,"Error", SUM(Y29:AB29)))))) -> 37 | AD29: 30 | AE29: =IF(F29="","", IF(AND(AD29="",$AD$6=""),"", IF($AD$6="","Error", IF(OR(AND(ISTEXT(AD29),AD29<>""),AND(ISTEXT($AD$6),$AD$6<>"")),"Error", IF(AND(ISNUMBER(AD29),ISNUMBER($AD$6),AD29>$AD$6),"Error", IFERROR(IF(AD29="","",(AD29/$AD$6)*100),0)))))) -> 42.857143 | AK29: =IF(OR(F29="",COUNTA(AG29:AJ29)=0),"", IF(COUNTA(AG29:AJ29,$AG$6:$AJ$6)=0,"", IF(OR( AND($AG$6="",AG29<>""),AND(ISTEXT($AG$6),$AG$6<>""),AND(ISTEXT(AG29),AG29<>""), AND($AH$6="",AH29<>""),AND(ISTEXT($AH$6),$AH$6<>""),AND(ISTEXT(AH29),AH29<>""), AND($AI$6="",AI29<>""),AND(ISTEXT($AI$6),$AI$6<>""),AND(ISTEXT(AI29),AI29<>""), AND($AJ$6="",AJ29<>""),AND(ISTEXT($AJ$6),$AJ$6<>""),AND(ISTEXT(AJ29),AJ29<>"")),"Error", IF(OR( AND(ISNUMBER($AG$6),ISNUMBER(AG29),AG29>$AG$6), AND(ISNUMBER($AH$6),ISNUMBER(AH29),AH29>$AH$6), AND(ISNUMBER($AI$6),ISNUMBER(AI29),AI29>$AI$6), AND(ISNUMBER($AJ$6),ISNUMBER(AJ29),AJ29>$AJ$6)),"Error", IF(SUM(AG29:AJ29)>$AK$7,"Error", SUM(AG29:AJ29)))))) | AP29: =IF(OR(F29="",COUNTA(AL29:AO29)=0),"", IF(COUNTA(AL29:AO29,$AL$6:$AO$6)=0,"", IF(OR( AND($AL$6="",AL29<>""),AND(ISTEXT($AL$6),$AL$6<>""),AND(ISTEXT(AL29),AL29<>""), AND($AM$6="",AM29<>""),AND(ISTEXT($AM$6),$AM$6<>""),AND(ISTEXT(AM29),AM29<>""), AND($AN$6="",AN29<>""),AND(ISTEXT($AN$6),$AN$6<>""),AND(ISTEXT(AN29),AN29<>""), AND($AO$6="",AO29<>""),AND(ISTEXT($AO$6),$AO$6<>""),AND(ISTEXT(AO29),AO29<>"")),"Error", IF(OR( AND(ISNUMBER($AL$6),ISNUMBER(AL29),AL29>$AL$6), AND(ISNUMBER($AM$6),ISNUMBER(AM29),AM29>$AM$6), AND(ISNUMBER($AN$6),ISNUMBER(AN29),AN29>$AN$6), AND(ISNUMBER($AO$6),ISNUMBER(AO29),AO29>$AO$6)),"Error", IF(SUM(AL29:AO29)>$AP$7,"Error", SUM(AL29:AO29)))))) | AR29: =IF(F29="","", IF(AND(AQ29="",$AQ$6=""),"", IF($AQ$6="","Error", IF(OR(AND(ISTEXT(AQ29),AQ29<>""),AND(ISTEXT($AQ$6),$AQ$6<>"")),"Error", IF(AND(ISNUMBER(AQ29),ISNUMBER($AQ$6),AD29>$AQ$6),"Error", IFERROR(IF(AQ29="","",(AQ29/$AQ$6)*100),0)))))) | AX29: =IF(OR(F29="",COUNTA(AT29:AW29)=0),"", IF(COUNTA(AT29:AW29,$AT$6:$AW$6)=0,"", IF(OR( AND($AT$6="",AT29<>""),AND(ISTEXT($AT$6),$AT$6<>""),AND(ISTEXT(AT29),AT29<>""), AND($AU$6="",AU29<>""),AND(ISTEXT($AU$6),$AU$6<>""),AND(ISTEXT(AU29),AU29<>""), AND($AV$6="",AV29<>""),AND(ISTEXT($AV$6),$AV$6<>""),AND(ISTEXT(AV29),AV29<>""), AND($AW$6="",AW29<>""),AND(ISTEXT($AW$6),$AW$6<>""),AND(ISTEXT(AW29),AW29<>"")),"Error", IF(OR( AND(ISNUMBER($AT$6),ISNUMBER(AT29),AT29>$AT$6), AND(ISNUMBER($AU$6),ISNUMBER(AU29),AU29>$AU$6), AND(ISNUMBER($AV$6),ISNUMBER(AV29),AV29>$AV$6), AND(ISNUMBER($AW$6),ISNUMBER(AW29),AW29>$AW$6)),"Error", IF(SUM(AT29:AW29)>$AX$7,"Error", SUM(AT29:AW29)))))) | BC29: =IF(OR(F29="",COUNTA(AY29:BB29)=0),"", IF(COUNTA(AY29:BB29,$AY$6:$BB$6)=0,"", IF(OR( AND($AY$6="",AY29<>""),AND(ISTEXT($AY$6),$AY$6<>""),AND(ISTEXT(AY29),AY29<>""), AND($AZ$6="",AZ29<>""),AND(ISTEXT($AZ$6),$AZ$6<>""),AND(ISTEXT(AZ29),AZ29<>""), AND($BA$6="",BA29<>""),AND(ISTEXT($BA$6),$BA$6<>""),AND(ISTEXT(BA29),BA29<>""), AND($BB$6="",BB29<>""),AND(ISTEXT($BB$6),$BB$6<>""),AND(ISTEXT(BB29),BB29<>"")),"Error", IF(OR( AND(ISNUMBER($AY$6),ISNUMBER(AY29),AY29>$AY$6), AND(ISNUMBER($AZ$6),ISNUMBER(AZ29),AZ29>$AZ$6), AND(ISNUMBER($BA$6),ISNUMBER(BA29),BA29>$BA$6), AND(ISNUMBER($BB$6),ISNUMBER(BB29),BB29>$BB$6)),"Error", IF(SUM(AY29:BB29)>$BC$7,"Error", SUM(AY29:BB29)))))) | BE29: =IF(F29="","", IF(AND(BD29="",$BD$6=""),"", IF($BD$6="","Error", IF(OR(AND(ISTEXT(BD29),BD29<>""),AND(ISTEXT($BD$6),$BD$6<>"")),"Error", IF(AND(ISNUMBER(BD29),ISNUMBER($BD$6),BD29>$BD$6),"Error", IFERROR(IF(BD29="","",(BD29/$BD$6)*100),0))))))
C30: =C29+1 -> 23 | D30: 02000493122 | F30: ROSENTO,MAE NATHALIE ORCENE | G30: 100 | H30: 100 | I30: 48 | K30: =IF(OR(F30="",COUNTA(G30:J30)=0),"", IF(COUNTA(G30:J30,$G$6:$J$6)=0,"", IF(OR( AND($G$6="",G30<>""),AND(ISTEXT($G$6),$G$6<>""),AND(ISTEXT(G30),G30<>""), AND($H$6="",H30<>""),AND(ISTEXT($H$6),$H$6<>""),AND(ISTEXT(H30),H30<>""), AND($I$6="",I30<>""),AND(ISTEXT($I$6),$I$6<>""),AND(ISTEXT(I30),I30<>""), AND($J$6="",J30<>""),AND(ISTEXT($J$6),$J$6<>""),AND(ISTEXT(J30),J30<>"")),"Error", IF(OR( AND(ISNUMBER($G$6),ISNUMBER(G30),G30>$G$6), AND(ISNUMBER($H$6),ISNUMBER(H30),H30>$H$6), AND(ISNUMBER($I$6),ISNUMBER(I30),I30>$I$6), AND(ISNUMBER($J$6),ISNUMBER(J30),J30>$J$6)),"Error", IF(SUM(G30:J30)>$K$7,"Error", SUM(G30:J30)))))) -> 248 | L30: 100 | M30: 100 | N30: 100 | P30: =IF(OR(F30="",COUNTA(L30:O30)=0),"", IF(COUNTA(L30:O30,$L$6:$O$6)=0,"", IF(OR( AND($L$6="",L30<>""),AND(ISTEXT($L$6),$L$6<>""),AND(ISTEXT(L30),L30<>""), AND($M$6="",M30<>""),AND(ISTEXT($M$6),$M$6<>""),AND(ISTEXT(M30),M30<>""), AND($N$6="",N30<>""),AND(ISTEXT($N$6),$N$6<>""),AND(ISTEXT(N30),N30<>""), AND($O$6="",O30<>""),AND(ISTEXT($O$6),$O$6<>""),AND(ISTEXT(O30),O30<>"")),"Error", IF(OR( AND(ISNUMBER($L$6),ISNUMBER(L30),L30>$L$6), AND(ISNUMBER($M$6),ISNUMBER(M30),M30>$M$6), AND(ISNUMBER($N$6),ISNUMBER(N30),N30>$N$6), AND(ISNUMBER($O$6),ISNUMBER(O30),O30>$O$6)),"Error", IF(SUM(L30:O30)>$P$7,"Error", SUM(L30:O30)))))) -> 300 | Q30: 58 | R30: =IF(F30="","", IF(AND(Q30="",$Q$6=""),"", IF($Q$6="","Error", IF(OR(AND(ISTEXT(Q30),Q30<>""),AND(ISTEXT($Q$6),$Q$6<>"")),"Error", IF(AND(ISNUMBER(Q30),ISNUMBER($Q$6),Q30>$Q$6),"Error", IFERROR(IF(Q30="","",(Q30/$Q$6)*100),0)))))) -> 82.857143 | T30: 50 | U30: 50 | X30: =IF(OR(F30="",COUNTA(T30:W30)=0),"", IF(COUNTA(T30:W30,$T$6:$W$6)=0,"", IF(OR( AND($T$6="",T30<>""),AND(ISTEXT($T$6),$T$6<>""),AND(ISTEXT(T30),T30<>""), AND($U$6="",U30<>""),AND(ISTEXT($U$6),$U$6<>""),AND(ISTEXT(U30),U30<>""), AND($V$6="",V30<>""),AND(ISTEXT($V$6),$V$6<>""),AND(ISTEXT(V30),V30<>""), AND($W$6="",W30<>""),AND(ISTEXT($W$6),$W$6<>""),AND(ISTEXT(W30),W30<>"")),"Error", IF(OR( AND(ISNUMBER($T$6),ISNUMBER(T30),T30>$T$6), AND(ISNUMBER($U$6),ISNUMBER(U30),U30>$U$6), AND(ISNUMBER($V$6),ISNUMBER(V30),V30>$V$6), AND(ISNUMBER($W$6),ISNUMBER(W30),W30>$W$6)),"Error", IF(SUM(T30:W30)>$X$7,"Error", SUM(T30:W30)))))) -> 100 | Y30: 0 | Z30: 16 | AC30: =IF(OR(F30="",COUNTA(Y30:AB30)=0),"", IF(COUNTA(Y30:AB30,$Y$6:$AB$6)=0,"", IF(OR( AND($Y$6="",Y30<>""),AND(ISTEXT($Y$6),$Y$6<>""),AND(ISTEXT(Y30),Y30<>""), AND($Z$6="",Z30<>""),AND(ISTEXT($Z$6),$Z$6<>""),AND(ISTEXT(Z30),Z30<>""), AND($AA$6="",AA30<>""),AND(ISTEXT($AA$6),$AA$6<>""),AND(ISTEXT(AA30),AA30<>""), AND($AB$6="",AB30<>""),AND(ISTEXT($AB$6),$AB$6<>""),AND(ISTEXT(AB30),AB30<>"")),"Error", IF(OR( AND(ISNUMBER($Y$6),ISNUMBER(Y30),Y30>$Y$6), AND(ISNUMBER($Z$6),ISNUMBER(Z30),Z30>$Z$6), AND(ISNUMBER($AA$6),ISNUMBER(AA30),AA30>$AA$6), AND(ISNUMBER($AB$6),ISNUMBER(AB30),AB30>$AB$6)),"Error", IF(SUM(Y30:AB30)>$AC$7,"Error", SUM(Y30:AB30)))))) -> 16 | AD30: 64 | AE30: =IF(F30="","", IF(AND(AD30="",$AD$6=""),"", IF($AD$6="","Error", IF(OR(AND(ISTEXT(AD30),AD30<>""),AND(ISTEXT($AD$6),$AD$6<>"")),"Error", IF(AND(ISNUMBER(AD30),ISNUMBER($AD$6),AD30>$AD$6),"Error", IFERROR(IF(AD30="","",(AD30/$AD$6)*100),0)))))) -> 91.428571 | AK30: =IF(OR(F30="",COUNTA(AG30:AJ30)=0),"", IF(COUNTA(AG30:AJ30,$AG$6:$AJ$6)=0,"", IF(OR( AND($AG$6="",AG30<>""),AND(ISTEXT($AG$6),$AG$6<>""),AND(ISTEXT(AG30),AG30<>""), AND($AH$6="",AH30<>""),AND(ISTEXT($AH$6),$AH$6<>""),AND(ISTEXT(AH30),AH30<>""), AND($AI$6="",AI30<>""),AND(ISTEXT($AI$6),$AI$6<>""),AND(ISTEXT(AI30),AI30<>""), AND($AJ$6="",AJ30<>""),AND(ISTEXT($AJ$6),$AJ$6<>""),AND(ISTEXT(AJ30),AJ30<>"")),"Error", IF(OR( AND(ISNUMBER($AG$6),ISNUMBER(AG30),AG30>$AG$6), AND(ISNUMBER($AH$6),ISNUMBER(AH30),AH30>$AH$6), AND(ISNUMBER($AI$6),ISNUMBER(AI30),AI30>$AI$6), AND(ISNUMBER($AJ$6),ISNUMBER(AJ30),AJ30>$AJ$6)),"Error", IF(SUM(AG30:AJ30)>$AK$7,"Error", SUM(AG30:AJ30)))))) | AP30: =IF(OR(F30="",COUNTA(AL30:AO30)=0),"", IF(COUNTA(AL30:AO30,$AL$6:$AO$6)=0,"", IF(OR( AND($AL$6="",AL30<>""),AND(ISTEXT($AL$6),$AL$6<>""),AND(ISTEXT(AL30),AL30<>""), AND($AM$6="",AM30<>""),AND(ISTEXT($AM$6),$AM$6<>""),AND(ISTEXT(AM30),AM30<>""), AND($AN$6="",AN30<>""),AND(ISTEXT($AN$6),$AN$6<>""),AND(ISTEXT(AN30),AN30<>""), AND($AO$6="",AO30<>""),AND(ISTEXT($AO$6),$AO$6<>""),AND(ISTEXT(AO30),AO30<>"")),"Error", IF(OR( AND(ISNUMBER($AL$6),ISNUMBER(AL30),AL30>$AL$6), AND(ISNUMBER($AM$6),ISNUMBER(AM30),AM30>$AM$6), AND(ISNUMBER($AN$6),ISNUMBER(AN30),AN30>$AN$6), AND(ISNUMBER($AO$6),ISNUMBER(AO30),AO30>$AO$6)),"Error", IF(SUM(AL30:AO30)>$AP$7,"Error", SUM(AL30:AO30)))))) | AR30: =IF(F30="","", IF(AND(AQ30="",$AQ$6=""),"", IF($AQ$6="","Error", IF(OR(AND(ISTEXT(AQ30),AQ30<>""),AND(ISTEXT($AQ$6),$AQ$6<>"")),"Error", IF(AND(ISNUMBER(AQ30),ISNUMBER($AQ$6),AD30>$AQ$6),"Error", IFERROR(IF(AQ30="","",(AQ30/$AQ$6)*100),0)))))) | AX30: =IF(OR(F30="",COUNTA(AT30:AW30)=0),"", IF(COUNTA(AT30:AW30,$AT$6:$AW$6)=0,"", IF(OR( AND($AT$6="",AT30<>""),AND(ISTEXT($AT$6),$AT$6<>""),AND(ISTEXT(AT30),AT30<>""), AND($AU$6="",AU30<>""),AND(ISTEXT($AU$6),$AU$6<>""),AND(ISTEXT(AU30),AU30<>""), AND($AV$6="",AV30<>""),AND(ISTEXT($AV$6),$AV$6<>""),AND(ISTEXT(AV30),AV30<>""), AND($AW$6="",AW30<>""),AND(ISTEXT($AW$6),$AW$6<>""),AND(ISTEXT(AW30),AW30<>"")),"Error", IF(OR( AND(ISNUMBER($AT$6),ISNUMBER(AT30),AT30>$AT$6), AND(ISNUMBER($AU$6),ISNUMBER(AU30),AU30>$AU$6), AND(ISNUMBER($AV$6),ISNUMBER(AV30),AV30>$AV$6), AND(ISNUMBER($AW$6),ISNUMBER(AW30),AW30>$AW$6)),"Error", IF(SUM(AT30:AW30)>$AX$7,"Error", SUM(AT30:AW30)))))) | BC30: =IF(OR(F30="",COUNTA(AY30:BB30)=0),"", IF(COUNTA(AY30:BB30,$AY$6:$BB$6)=0,"", IF(OR( AND($AY$6="",AY30<>""),AND(ISTEXT($AY$6),$AY$6<>""),AND(ISTEXT(AY30),AY30<>""), AND($AZ$6="",AZ30<>""),AND(ISTEXT($AZ$6),$AZ$6<>""),AND(ISTEXT(AZ30),AZ30<>""), AND($BA$6="",BA30<>""),AND(ISTEXT($BA$6),$BA$6<>""),AND(ISTEXT(BA30),BA30<>""), AND($BB$6="",BB30<>""),AND(ISTEXT($BB$6),$BB$6<>""),AND(ISTEXT(BB30),BB30<>"")),"Error", IF(OR( AND(ISNUMBER($AY$6),ISNUMBER(AY30),AY30>$AY$6), AND(ISNUMBER($AZ$6),ISNUMBER(AZ30),AZ30>$AZ$6), AND(ISNUMBER($BA$6),ISNUMBER(BA30),BA30>$BA$6), AND(ISNUMBER($BB$6),ISNUMBER(BB30),BB30>$BB$6)),"Error", IF(SUM(AY30:BB30)>$BC$7,"Error", SUM(AY30:BB30)))))) | BE30: =IF(F30="","", IF(AND(BD30="",$BD$6=""),"", IF($BD$6="","Error", IF(OR(AND(ISTEXT(BD30),BD30<>""),AND(ISTEXT($BD$6),$BD$6<>"")),"Error", IF(AND(ISNUMBER(BD30),ISNUMBER($BD$6),BD30>$BD$6),"Error", IFERROR(IF(BD30="","",(BD30/$BD$6)*100),0))))))
C31: =C30+1 -> 24 | D31: 02000508992 | F31: UREÑA,KIMBERLY MANLAPAS | G31: 95 | H31: 95 | I31: 47 | K31: =IF(OR(F31="",COUNTA(G31:J31)=0),"", IF(COUNTA(G31:J31,$G$6:$J$6)=0,"", IF(OR( AND($G$6="",G31<>""),AND(ISTEXT($G$6),$G$6<>""),AND(ISTEXT(G31),G31<>""), AND($H$6="",H31<>""),AND(ISTEXT($H$6),$H$6<>""),AND(ISTEXT(H31),H31<>""), AND($I$6="",I31<>""),AND(ISTEXT($I$6),$I$6<>""),AND(ISTEXT(I31),I31<>""), AND($J$6="",J31<>""),AND(ISTEXT($J$6),$J$6<>""),AND(ISTEXT(J31),J31<>"")),"Error", IF(OR( AND(ISNUMBER($G$6),ISNUMBER(G31),G31>$G$6), AND(ISNUMBER($H$6),ISNUMBER(H31),H31>$H$6), AND(ISNUMBER($I$6),ISNUMBER(I31),I31>$I$6), AND(ISNUMBER($J$6),ISNUMBER(J31),J31>$J$6)),"Error", IF(SUM(G31:J31)>$K$7,"Error", SUM(G31:J31)))))) -> 237 | L31: 95 | M31: 95 | N31: 95 | P31: =IF(OR(F31="",COUNTA(L31:O31)=0),"", IF(COUNTA(L31:O31,$L$6:$O$6)=0,"", IF(OR( AND($L$6="",L31<>""),AND(ISTEXT($L$6),$L$6<>""),AND(ISTEXT(L31),L31<>""), AND($M$6="",M31<>""),AND(ISTEXT($M$6),$M$6<>""),AND(ISTEXT(M31),M31<>""), AND($N$6="",N31<>""),AND(ISTEXT($N$6),$N$6<>""),AND(ISTEXT(N31),N31<>""), AND($O$6="",O31<>""),AND(ISTEXT($O$6),$O$6<>""),AND(ISTEXT(O31),O31<>"")),"Error", IF(OR( AND(ISNUMBER($L$6),ISNUMBER(L31),L31>$L$6), AND(ISNUMBER($M$6),ISNUMBER(M31),M31>$M$6), AND(ISNUMBER($N$6),ISNUMBER(N31),N31>$N$6), AND(ISNUMBER($O$6),ISNUMBER(O31),O31>$O$6)),"Error", IF(SUM(L31:O31)>$P$7,"Error", SUM(L31:O31)))))) -> 285 | Q31: 64 | R31: =IF(F31="","", IF(AND(Q31="",$Q$6=""),"", IF($Q$6="","Error", IF(OR(AND(ISTEXT(Q31),Q31<>""),AND(ISTEXT($Q$6),$Q$6<>"")),"Error", IF(AND(ISNUMBER(Q31),ISNUMBER($Q$6),Q31>$Q$6),"Error", IFERROR(IF(Q31="","",(Q31/$Q$6)*100),0)))))) -> 91.428571 | U31: 50 | X31: =IF(OR(F31="",COUNTA(T31:W31)=0),"", IF(COUNTA(T31:W31,$T$6:$W$6)=0,"", IF(OR( AND($T$6="",T31<>""),AND(ISTEXT($T$6),$T$6<>""),AND(ISTEXT(T31),T31<>""), AND($U$6="",U31<>""),AND(ISTEXT($U$6),$U$6<>""),AND(ISTEXT(U31),U31<>""), AND($V$6="",V31<>""),AND(ISTEXT($V$6),$V$6<>""),AND(ISTEXT(V31),V31<>""), AND($W$6="",W31<>""),AND(ISTEXT($W$6),$W$6<>""),AND(ISTEXT(W31),W31<>"")),"Error", IF(OR( AND(ISNUMBER($T$6),ISNUMBER(T31),T31>$T$6), AND(ISNUMBER($U$6),ISNUMBER(U31),U31>$U$6), AND(ISNUMBER($V$6),ISNUMBER(V31),V31>$V$6), AND(ISNUMBER($W$6),ISNUMBER(W31),W31>$W$6)),"Error", IF(SUM(T31:W31)>$X$7,"Error", SUM(T31:W31)))))) -> 50 | Y31: 2 | Z31: 18 | AA31: 15 | AC31: =IF(OR(F31="",COUNTA(Y31:AB31)=0),"", IF(COUNTA(Y31:AB31,$Y$6:$AB$6)=0,"", IF(OR( AND($Y$6="",Y31<>""),AND(ISTEXT($Y$6),$Y$6<>""),AND(ISTEXT(Y31),Y31<>""), AND($Z$6="",Z31<>""),AND(ISTEXT($Z$6),$Z$6<>""),AND(ISTEXT(Z31),Z31<>""), AND($AA$6="",AA31<>""),AND(ISTEXT($AA$6),$AA$6<>""),AND(ISTEXT(AA31),AA31<>""), AND($AB$6="",AB31<>""),AND(ISTEXT($AB$6),$AB$6<>""),AND(ISTEXT(AB31),AB31<>"")),"Error", IF(OR( AND(ISNUMBER($Y$6),ISNUMBER(Y31),Y31>$Y$6), AND(ISNUMBER($Z$6),ISNUMBER(Z31),Z31>$Z$6), AND(ISNUMBER($AA$6),ISNUMBER(AA31),AA31>$AA$6), AND(ISNUMBER($AB$6),ISNUMBER(AB31),AB31>$AB$6)),"Error", IF(SUM(Y31:AB31)>$AC$7,"Error", SUM(Y31:AB31)))))) -> 35 | AD31: 54 | AE31: =IF(F31="","", IF(AND(AD31="",$AD$6=""),"", IF($AD$6="","Error", IF(OR(AND(ISTEXT(AD31),AD31<>""),AND(ISTEXT($AD$6),$AD$6<>"")),"Error", IF(AND(ISNUMBER(AD31),ISNUMBER($AD$6),AD31>$AD$6),"Error", IFERROR(IF(AD31="","",(AD31/$AD$6)*100),0)))))) -> 77.142857 | AK31: =IF(OR(F31="",COUNTA(AG31:AJ31)=0),"", IF(COUNTA(AG31:AJ31,$AG$6:$AJ$6)=0,"", IF(OR( AND($AG$6="",AG31<>""),AND(ISTEXT($AG$6),$AG$6<>""),AND(ISTEXT(AG31),AG31<>""), AND($AH$6="",AH31<>""),AND(ISTEXT($AH$6),$AH$6<>""),AND(ISTEXT(AH31),AH31<>""), AND($AI$6="",AI31<>""),AND(ISTEXT($AI$6),$AI$6<>""),AND(ISTEXT(AI31),AI31<>""), AND($AJ$6="",AJ31<>""),AND(ISTEXT($AJ$6),$AJ$6<>""),AND(ISTEXT(AJ31),AJ31<>"")),"Error", IF(OR( AND(ISNUMBER($AG$6),ISNUMBER(AG31),AG31>$AG$6), AND(ISNUMBER($AH$6),ISNUMBER(AH31),AH31>$AH$6), AND(ISNUMBER($AI$6),ISNUMBER(AI31),AI31>$AI$6), AND(ISNUMBER($AJ$6),ISNUMBER(AJ31),AJ31>$AJ$6)),"Error", IF(SUM(AG31:AJ31)>$AK$7,"Error", SUM(AG31:AJ31)))))) | AP31: =IF(OR(F31="",COUNTA(AL31:AO31)=0),"", IF(COUNTA(AL31:AO31,$AL$6:$AO$6)=0,"", IF(OR( AND($AL$6="",AL31<>""),AND(ISTEXT($AL$6),$AL$6<>""),AND(ISTEXT(AL31),AL31<>""), AND($AM$6="",AM31<>""),AND(ISTEXT($AM$6),$AM$6<>""),AND(ISTEXT(AM31),AM31<>""), AND($AN$6="",AN31<>""),AND(ISTEXT($AN$6),$AN$6<>""),AND(ISTEXT(AN31),AN31<>""), AND($AO$6="",AO31<>""),AND(ISTEXT($AO$6),$AO$6<>""),AND(ISTEXT(AO31),AO31<>"")),"Error", IF(OR( AND(ISNUMBER($AL$6),ISNUMBER(AL31),AL31>$AL$6), AND(ISNUMBER($AM$6),ISNUMBER(AM31),AM31>$AM$6), AND(ISNUMBER($AN$6),ISNUMBER(AN31),AN31>$AN$6), AND(ISNUMBER($AO$6),ISNUMBER(AO31),AO31>$AO$6)),"Error", IF(SUM(AL31:AO31)>$AP$7,"Error", SUM(AL31:AO31)))))) | AR31: =IF(F31="","", IF(AND(AQ31="",$AQ$6=""),"", IF($AQ$6="","Error", IF(OR(AND(ISTEXT(AQ31),AQ31<>""),AND(ISTEXT($AQ$6),$AQ$6<>"")),"Error", IF(AND(ISNUMBER(AQ31),ISNUMBER($AQ$6),AD31>$AQ$6),"Error", IFERROR(IF(AQ31="","",(AQ31/$AQ$6)*100),0)))))) | AX31: =IF(OR(F31="",COUNTA(AT31:AW31)=0),"", IF(COUNTA(AT31:AW31,$AT$6:$AW$6)=0,"", IF(OR( AND($AT$6="",AT31<>""),AND(ISTEXT($AT$6),$AT$6<>""),AND(ISTEXT(AT31),AT31<>""), AND($AU$6="",AU31<>""),AND(ISTEXT($AU$6),$AU$6<>""),AND(ISTEXT(AU31),AU31<>""), AND($AV$6="",AV31<>""),AND(ISTEXT($AV$6),$AV$6<>""),AND(ISTEXT(AV31),AV31<>""), AND($AW$6="",AW31<>""),AND(ISTEXT($AW$6),$AW$6<>""),AND(ISTEXT(AW31),AW31<>"")),"Error", IF(OR( AND(ISNUMBER($AT$6),ISNUMBER(AT31),AT31>$AT$6), AND(ISNUMBER($AU$6),ISNUMBER(AU31),AU31>$AU$6), AND(ISNUMBER($AV$6),ISNUMBER(AV31),AV31>$AV$6), AND(ISNUMBER($AW$6),ISNUMBER(AW31),AW31>$AW$6)),"Error", IF(SUM(AT31:AW31)>$AX$7,"Error", SUM(AT31:AW31)))))) | BC31: =IF(OR(F31="",COUNTA(AY31:BB31)=0),"", IF(COUNTA(AY31:BB31,$AY$6:$BB$6)=0,"", IF(OR( AND($AY$6="",AY31<>""),AND(ISTEXT($AY$6),$AY$6<>""),AND(ISTEXT(AY31),AY31<>""), AND($AZ$6="",AZ31<>""),AND(ISTEXT($AZ$6),$AZ$6<>""),AND(ISTEXT(AZ31),AZ31<>""), AND($BA$6="",BA31<>""),AND(ISTEXT($BA$6),$BA$6<>""),AND(ISTEXT(BA31),BA31<>""), AND($BB$6="",BB31<>""),AND(ISTEXT($BB$6),$BB$6<>""),AND(ISTEXT(BB31),BB31<>"")),"Error", IF(OR( AND(ISNUMBER($AY$6),ISNUMBER(AY31),AY31>$AY$6), AND(ISNUMBER($AZ$6),ISNUMBER(AZ31),AZ31>$AZ$6), AND(ISNUMBER($BA$6),ISNUMBER(BA31),BA31>$BA$6), AND(ISNUMBER($BB$6),ISNUMBER(BB31),BB31>$BB$6)),"Error", IF(SUM(AY31:BB31)>$BC$7,"Error", SUM(AY31:BB31)))))) | BE31: =IF(F31="","", IF(AND(BD31="",$BD$6=""),"", IF($BD$6="","Error", IF(OR(AND(ISTEXT(BD31),BD31<>""),AND(ISTEXT($BD$6),$BD$6<>"")),"Error", IF(AND(ISNUMBER(BD31),ISNUMBER($BD$6),BD31>$BD$6),"Error", IFERROR(IF(BD31="","",(BD31/$BD$6)*100),0))))))
C32: =C31+1 -> 25 | D32: 02000510378 | F32: YABUT,ALIYAH CLAIRE BIEN | G32: 96 | H32: 96 | I32: 47 | K32: =IF(OR(F32="",COUNTA(G32:J32)=0),"", IF(COUNTA(G32:J32,$G$6:$J$6)=0,"", IF(OR( AND($G$6="",G32<>""),AND(ISTEXT($G$6),$G$6<>""),AND(ISTEXT(G32),G32<>""), AND($H$6="",H32<>""),AND(ISTEXT($H$6),$H$6<>""),AND(ISTEXT(H32),H32<>""), AND($I$6="",I32<>""),AND(ISTEXT($I$6),$I$6<>""),AND(ISTEXT(I32),I32<>""), AND($J$6="",J32<>""),AND(ISTEXT($J$6),$J$6<>""),AND(ISTEXT(J32),J32<>"")),"Error", IF(OR( AND(ISNUMBER($G$6),ISNUMBER(G32),G32>$G$6), AND(ISNUMBER($H$6),ISNUMBER(H32),H32>$H$6), AND(ISNUMBER($I$6),ISNUMBER(I32),I32>$I$6), AND(ISNUMBER($J$6),ISNUMBER(J32),J32>$J$6)),"Error", IF(SUM(G32:J32)>$K$7,"Error", SUM(G32:J32)))))) -> 239 | L32: 95 | M32: 95 | N32: 95 | P32: =IF(OR(F32="",COUNTA(L32:O32)=0),"", IF(COUNTA(L32:O32,$L$6:$O$6)=0,"", IF(OR( AND($L$6="",L32<>""),AND(ISTEXT($L$6),$L$6<>""),AND(ISTEXT(L32),L32<>""), AND($M$6="",M32<>""),AND(ISTEXT($M$6),$M$6<>""),AND(ISTEXT(M32),M32<>""), AND($N$6="",N32<>""),AND(ISTEXT($N$6),$N$6<>""),AND(ISTEXT(N32),N32<>""), AND($O$6="",O32<>""),AND(ISTEXT($O$6),$O$6<>""),AND(ISTEXT(O32),O32<>"")),"Error", IF(OR( AND(ISNUMBER($L$6),ISNUMBER(L32),L32>$L$6), AND(ISNUMBER($M$6),ISNUMBER(M32),M32>$M$6), AND(ISNUMBER($N$6),ISNUMBER(N32),N32>$N$6), AND(ISNUMBER($O$6),ISNUMBER(O32),O32>$O$6)),"Error", IF(SUM(L32:O32)>$P$7,"Error", SUM(L32:O32)))))) -> 285 | Q32: 64 | R32: =IF(F32="","", IF(AND(Q32="",$Q$6=""),"", IF($Q$6="","Error", IF(OR(AND(ISTEXT(Q32),Q32<>""),AND(ISTEXT($Q$6),$Q$6<>"")),"Error", IF(AND(ISNUMBER(Q32),ISNUMBER($Q$6),Q32>$Q$6),"Error", IFERROR(IF(Q32="","",(Q32/$Q$6)*100),0)))))) -> 91.428571 | T32: 48 | U32: 50 | X32: =IF(OR(F32="",COUNTA(T32:W32)=0),"", IF(COUNTA(T32:W32,$T$6:$W$6)=0,"", IF(OR( AND($T$6="",T32<>""),AND(ISTEXT($T$6),$T$6<>""),AND(ISTEXT(T32),T32<>""), AND($U$6="",U32<>""),AND(ISTEXT($U$6),$U$6<>""),AND(ISTEXT(U32),U32<>""), AND($V$6="",V32<>""),AND(ISTEXT($V$6),$V$6<>""),AND(ISTEXT(V32),V32<>""), AND($W$6="",W32<>""),AND(ISTEXT($W$6),$W$6<>""),AND(ISTEXT(W32),W32<>"")),"Error", IF(OR( AND(ISNUMBER($T$6),ISNUMBER(T32),T32>$T$6), AND(ISNUMBER($U$6),ISNUMBER(U32),U32>$U$6), AND(ISNUMBER($V$6),ISNUMBER(V32),V32>$V$6), AND(ISNUMBER($W$6),ISNUMBER(W32),W32>$W$6)),"Error", IF(SUM(T32:W32)>$X$7,"Error", SUM(T32:W32)))))) -> 98 | Y32: 9 | AA32: 18 | AC32: =IF(OR(F32="",COUNTA(Y32:AB32)=0),"", IF(COUNTA(Y32:AB32,$Y$6:$AB$6)=0,"", IF(OR( AND($Y$6="",Y32<>""),AND(ISTEXT($Y$6),$Y$6<>""),AND(ISTEXT(Y32),Y32<>""), AND($Z$6="",Z32<>""),AND(ISTEXT($Z$6),$Z$6<>""),AND(ISTEXT(Z32),Z32<>""), AND($AA$6="",AA32<>""),AND(ISTEXT($AA$6),$AA$6<>""),AND(ISTEXT(AA32),AA32<>""), AND($AB$6="",AB32<>""),AND(ISTEXT($AB$6),$AB$6<>""),AND(ISTEXT(AB32),AB32<>"")),"Error", IF(OR( AND(ISNUMBER($Y$6),ISNUMBER(Y32),Y32>$Y$6), AND(ISNUMBER($Z$6),ISNUMBER(Z32),Z32>$Z$6), AND(ISNUMBER($AA$6),ISNUMBER(AA32),AA32>$AA$6), AND(ISNUMBER($AB$6),ISNUMBER(AB32),AB32>$AB$6)),"Error", IF(SUM(Y32:AB32)>$AC$7,"Error", SUM(Y32:AB32)))))) -> 27 | AD32: 46 | AE32: =IF(F32="","", IF(AND(AD32="",$AD$6=""),"", IF($AD$6="","Error", IF(OR(AND(ISTEXT(AD32),AD32<>""),AND(ISTEXT($AD$6),$AD$6<>"")),"Error", IF(AND(ISNUMBER(AD32),ISNUMBER($AD$6),AD32>$AD$6),"Error", IFERROR(IF(AD32="","",(AD32/$AD$6)*100),0)))))) -> 65.714286 | AK32: =IF(OR(F32="",COUNTA(AG32:AJ32)=0),"", IF(COUNTA(AG32:AJ32,$AG$6:$AJ$6)=0,"", IF(OR( AND($AG$6="",AG32<>""),AND(ISTEXT($AG$6),$AG$6<>""),AND(ISTEXT(AG32),AG32<>""), AND($AH$6="",AH32<>""),AND(ISTEXT($AH$6),$AH$6<>""),AND(ISTEXT(AH32),AH32<>""), AND($AI$6="",AI32<>""),AND(ISTEXT($AI$6),$AI$6<>""),AND(ISTEXT(AI32),AI32<>""), AND($AJ$6="",AJ32<>""),AND(ISTEXT($AJ$6),$AJ$6<>""),AND(ISTEXT(AJ32),AJ32<>"")),"Error", IF(OR( AND(ISNUMBER($AG$6),ISNUMBER(AG32),AG32>$AG$6), AND(ISNUMBER($AH$6),ISNUMBER(AH32),AH32>$AH$6), AND(ISNUMBER($AI$6),ISNUMBER(AI32),AI32>$AI$6), AND(ISNUMBER($AJ$6),ISNUMBER(AJ32),AJ32>$AJ$6)),"Error", IF(SUM(AG32:AJ32)>$AK$7,"Error", SUM(AG32:AJ32)))))) | AP32: =IF(OR(F32="",COUNTA(AL32:AO32)=0),"", IF(COUNTA(AL32:AO32,$AL$6:$AO$6)=0,"", IF(OR( AND($AL$6="",AL32<>""),AND(ISTEXT($AL$6),$AL$6<>""),AND(ISTEXT(AL32),AL32<>""), AND($AM$6="",AM32<>""),AND(ISTEXT($AM$6),$AM$6<>""),AND(ISTEXT(AM32),AM32<>""), AND($AN$6="",AN32<>""),AND(ISTEXT($AN$6),$AN$6<>""),AND(ISTEXT(AN32),AN32<>""), AND($AO$6="",AO32<>""),AND(ISTEXT($AO$6),$AO$6<>""),AND(ISTEXT(AO32),AO32<>"")),"Error", IF(OR( AND(ISNUMBER($AL$6),ISNUMBER(AL32),AL32>$AL$6), AND(ISNUMBER($AM$6),ISNUMBER(AM32),AM32>$AM$6), AND(ISNUMBER($AN$6),ISNUMBER(AN32),AN32>$AN$6), AND(ISNUMBER($AO$6),ISNUMBER(AO32),AO32>$AO$6)),"Error", IF(SUM(AL32:AO32)>$AP$7,"Error", SUM(AL32:AO32)))))) | AR32: =IF(F32="","", IF(AND(AQ32="",$AQ$6=""),"", IF($AQ$6="","Error", IF(OR(AND(ISTEXT(AQ32),AQ32<>""),AND(ISTEXT($AQ$6),$AQ$6<>"")),"Error", IF(AND(ISNUMBER(AQ32),ISNUMBER($AQ$6),AD32>$AQ$6),"Error", IFERROR(IF(AQ32="","",(AQ32/$AQ$6)*100),0)))))) | AX32: =IF(OR(F32="",COUNTA(AT32:AW32)=0),"", IF(COUNTA(AT32:AW32,$AT$6:$AW$6)=0,"", IF(OR( AND($AT$6="",AT32<>""),AND(ISTEXT($AT$6),$AT$6<>""),AND(ISTEXT(AT32),AT32<>""), AND($AU$6="",AU32<>""),AND(ISTEXT($AU$6),$AU$6<>""),AND(ISTEXT(AU32),AU32<>""), AND($AV$6="",AV32<>""),AND(ISTEXT($AV$6),$AV$6<>""),AND(ISTEXT(AV32),AV32<>""), AND($AW$6="",AW32<>""),AND(ISTEXT($AW$6),$AW$6<>""),AND(ISTEXT(AW32),AW32<>"")),"Error", IF(OR( AND(ISNUMBER($AT$6),ISNUMBER(AT32),AT32>$AT$6), AND(ISNUMBER($AU$6),ISNUMBER(AU32),AU32>$AU$6), AND(ISNUMBER($AV$6),ISNUMBER(AV32),AV32>$AV$6), AND(ISNUMBER($AW$6),ISNUMBER(AW32),AW32>$AW$6)),"Error", IF(SUM(AT32:AW32)>$AX$7,"Error", SUM(AT32:AW32)))))) | BC32: =IF(OR(F32="",COUNTA(AY32:BB32)=0),"", IF(COUNTA(AY32:BB32,$AY$6:$BB$6)=0,"", IF(OR( AND($AY$6="",AY32<>""),AND(ISTEXT($AY$6),$AY$6<>""),AND(ISTEXT(AY32),AY32<>""), AND($AZ$6="",AZ32<>""),AND(ISTEXT($AZ$6),$AZ$6<>""),AND(ISTEXT(AZ32),AZ32<>""), AND($BA$6="",BA32<>""),AND(ISTEXT($BA$6),$BA$6<>""),AND(ISTEXT(BA32),BA32<>""), AND($BB$6="",BB32<>""),AND(ISTEXT($BB$6),$BB$6<>""),AND(ISTEXT(BB32),BB32<>"")),"Error", IF(OR( AND(ISNUMBER($AY$6),ISNUMBER(AY32),AY32>$AY$6), AND(ISNUMBER($AZ$6),ISNUMBER(AZ32),AZ32>$AZ$6), AND(ISNUMBER($BA$6),ISNUMBER(BA32),BA32>$BA$6), AND(ISNUMBER($BB$6),ISNUMBER(BB32),BB32>$BB$6)),"Error", IF(SUM(AY32:BB32)>$BC$7,"Error", SUM(AY32:BB32)))))) | BE32: =IF(F32="","", IF(AND(BD32="",$BD$6=""),"", IF($BD$6="","Error", IF(OR(AND(ISTEXT(BD32),BD32<>""),AND(ISTEXT($BD$6),$BD$6<>"")),"Error", IF(AND(ISNUMBER(BD32),ISNUMBER($BD$6),BD32>$BD$6),"Error", IFERROR(IF(BD32="","",(BD32/$BD$6)*100),0))))))
C33: =C32+1 -> 26 | K33: =IF(OR(F33="",COUNTA(G33:J33)=0),"", IF(COUNTA(G33:J33,$G$6:$J$6)=0,"", IF(OR( AND($G$6="",G33<>""),AND(ISTEXT($G$6),$G$6<>""),AND(ISTEXT(G33),G33<>""), AND($H$6="",H33<>""),AND(ISTEXT($H$6),$H$6<>""),AND(ISTEXT(H33),H33<>""), AND($I$6="",I33<>""),AND(ISTEXT($I$6),$I$6<>""),AND(ISTEXT(I33),I33<>""), AND($J$6="",J33<>""),AND(ISTEXT($J$6),$J$6<>""),AND(ISTEXT(J33),J33<>"")),"Error", IF(OR( AND(ISNUMBER($G$6),ISNUMBER(G33),G33>$G$6), AND(ISNUMBER($H$6),ISNUMBER(H33),H33>$H$6), AND(ISNUMBER($I$6),ISNUMBER(I33),I33>$I$6), AND(ISNUMBER($J$6),ISNUMBER(J33),J33>$J$6)),"Error", IF(SUM(G33:J33)>$K$7,"Error", SUM(G33:J33)))))) | P33: =IF(OR(F33="",COUNTA(L33:O33)=0),"", IF(COUNTA(L33:O33,$L$6:$O$6)=0,"", IF(OR( AND($L$6="",L33<>""),AND(ISTEXT($L$6),$L$6<>""),AND(ISTEXT(L33),L33<>""), AND($M$6="",M33<>""),AND(ISTEXT($M$6),$M$6<>""),AND(ISTEXT(M33),M33<>""), AND($N$6="",N33<>""),AND(ISTEXT($N$6),$N$6<>""),AND(ISTEXT(N33),N33<>""), AND($O$6="",O33<>""),AND(ISTEXT($O$6),$O$6<>""),AND(ISTEXT(O33),O33<>"")),"Error", IF(OR( AND(ISNUMBER($L$6),ISNUMBER(L33),L33>$L$6), AND(ISNUMBER($M$6),ISNUMBER(M33),M33>$M$6), AND(ISNUMBER($N$6),ISNUMBER(N33),N33>$N$6), AND(ISNUMBER($O$6),ISNUMBER(O33),O33>$O$6)),"Error", IF(SUM(L33:O33)>$P$7,"Error", SUM(L33:O33)))))) | R33: =IF(F33="","", IF(AND(Q33="",$Q$6=""),"", IF($Q$6="","Error", IF(OR(AND(ISTEXT(Q33),Q33<>""),AND(ISTEXT($Q$6),$Q$6<>"")),"Error", IF(AND(ISNUMBER(Q33),ISNUMBER($Q$6),Q33>$Q$6),"Error", IFERROR(IF(Q33="","",(Q33/$Q$6)*100),0)))))) | X33: =IF(OR(F33="",COUNTA(T33:W33)=0),"", IF(COUNTA(T33:W33,$T$6:$W$6)=0,"", IF(OR( AND($T$6="",T33<>""),AND(ISTEXT($T$6),$T$6<>""),AND(ISTEXT(T33),T33<>""), AND($U$6="",U33<>""),AND(ISTEXT($U$6),$U$6<>""),AND(ISTEXT(U33),U33<>""), AND($V$6="",V33<>""),AND(ISTEXT($V$6),$V$6<>""),AND(ISTEXT(V33),V33<>""), AND($W$6="",W33<>""),AND(ISTEXT($W$6),$W$6<>""),AND(ISTEXT(W33),W33<>"")),"Error", IF(OR( AND(ISNUMBER($T$6),ISNUMBER(T33),T33>$T$6), AND(ISNUMBER($U$6),ISNUMBER(U33),U33>$U$6), AND(ISNUMBER($V$6),ISNUMBER(V33),V33>$V$6), AND(ISNUMBER($W$6),ISNUMBER(W33),W33>$W$6)),"Error", IF(SUM(T33:W33)>$X$7,"Error", SUM(T33:W33)))))) | AC33: =IF(OR(F33="",COUNTA(Y33:AB33)=0),"", IF(COUNTA(Y33:AB33,$Y$6:$AB$6)=0,"", IF(OR( AND($Y$6="",Y33<>""),AND(ISTEXT($Y$6),$Y$6<>""),AND(ISTEXT(Y33),Y33<>""), AND($Z$6="",Z33<>""),AND(ISTEXT($Z$6),$Z$6<>""),AND(ISTEXT(Z33),Z33<>""), AND($AA$6="",AA33<>""),AND(ISTEXT($AA$6),$AA$6<>""),AND(ISTEXT(AA33),AA33<>""), AND($AB$6="",AB33<>""),AND(ISTEXT($AB$6),$AB$6<>""),AND(ISTEXT(AB33),AB33<>"")),"Error", IF(OR( AND(ISNUMBER($Y$6),ISNUMBER(Y33),Y33>$Y$6), AND(ISNUMBER($Z$6),ISNUMBER(Z33),Z33>$Z$6), AND(ISNUMBER($AA$6),ISNUMBER(AA33),AA33>$AA$6), AND(ISNUMBER($AB$6),ISNUMBER(AB33),AB33>$AB$6)),"Error", IF(SUM(Y33:AB33)>$AC$7,"Error", SUM(Y33:AB33)))))) | AE33: =IF(F33="","", IF(AND(AD33="",$AD$6=""),"", IF($AD$6="","Error", IF(OR(AND(ISTEXT(AD33),AD33<>""),AND(ISTEXT($AD$6),$AD$6<>"")),"Error", IF(AND(ISNUMBER(AD33),ISNUMBER($AD$6),AD33>$AD$6),"Error", IFERROR(IF(AD33="","",(AD33/$AD$6)*100),0)))))) | AK33: =IF(OR(F33="",COUNTA(AG33:AJ33)=0),"", IF(COUNTA(AG33:AJ33,$AG$6:$AJ$6)=0,"", IF(OR( AND($AG$6="",AG33<>""),AND(ISTEXT($AG$6),$AG$6<>""),AND(ISTEXT(AG33),AG33<>""), AND($AH$6="",AH33<>""),AND(ISTEXT($AH$6),$AH$6<>""),AND(ISTEXT(AH33),AH33<>""), AND($AI$6="",AI33<>""),AND(ISTEXT($AI$6),$AI$6<>""),AND(ISTEXT(AI33),AI33<>""), AND($AJ$6="",AJ33<>""),AND(ISTEXT($AJ$6),$AJ$6<>""),AND(ISTEXT(AJ33),AJ33<>"")),"Error", IF(OR( AND(ISNUMBER($AG$6),ISNUMBER(AG33),AG33>$AG$6), AND(ISNUMBER($AH$6),ISNUMBER(AH33),AH33>$AH$6), AND(ISNUMBER($AI$6),ISNUMBER(AI33),AI33>$AI$6), AND(ISNUMBER($AJ$6),ISNUMBER(AJ33),AJ33>$AJ$6)),"Error", IF(SUM(AG33:AJ33)>$AK$7,"Error", SUM(AG33:AJ33)))))) | AP33: =IF(OR(F33="",COUNTA(AL33:AO33)=0),"", IF(COUNTA(AL33:AO33,$AL$6:$AO$6)=0,"", IF(OR( AND($AL$6="",AL33<>""),AND(ISTEXT($AL$6),$AL$6<>""),AND(ISTEXT(AL33),AL33<>""), AND($AM$6="",AM33<>""),AND(ISTEXT($AM$6),$AM$6<>""),AND(ISTEXT(AM33),AM33<>""), AND($AN$6="",AN33<>""),AND(ISTEXT($AN$6),$AN$6<>""),AND(ISTEXT(AN33),AN33<>""), AND($AO$6="",AO33<>""),AND(ISTEXT($AO$6),$AO$6<>""),AND(ISTEXT(AO33),AO33<>"")),"Error", IF(OR( AND(ISNUMBER($AL$6),ISNUMBER(AL33),AL33>$AL$6), AND(ISNUMBER($AM$6),ISNUMBER(AM33),AM33>$AM$6), AND(ISNUMBER($AN$6),ISNUMBER(AN33),AN33>$AN$6), AND(ISNUMBER($AO$6),ISNUMBER(AO33),AO33>$AO$6)),"Error", IF(SUM(AL33:AO33)>$AP$7,"Error", SUM(AL33:AO33)))))) | AR33: =IF(F33="","", IF(AND(AQ33="",$AQ$6=""),"", IF($AQ$6="","Error", IF(OR(AND(ISTEXT(AQ33),AQ33<>""),AND(ISTEXT($AQ$6),$AQ$6<>"")),"Error", IF(AND(ISNUMBER(AQ33),ISNUMBER($AQ$6),AD33>$AQ$6),"Error", IFERROR(IF(AQ33="","",(AQ33/$AQ$6)*100),0)))))) | AX33: =IF(OR(F33="",COUNTA(AT33:AW33)=0),"", IF(COUNTA(AT33:AW33,$AT$6:$AW$6)=0,"", IF(OR( AND($AT$6="",AT33<>""),AND(ISTEXT($AT$6),$AT$6<>""),AND(ISTEXT(AT33),AT33<>""), AND($AU$6="",AU33<>""),AND(ISTEXT($AU$6),$AU$6<>""),AND(ISTEXT(AU33),AU33<>""), AND($AV$6="",AV33<>""),AND(ISTEXT($AV$6),$AV$6<>""),AND(ISTEXT(AV33),AV33<>""), AND($AW$6="",AW33<>""),AND(ISTEXT($AW$6),$AW$6<>""),AND(ISTEXT(AW33),AW33<>"")),"Error", IF(OR( AND(ISNUMBER($AT$6),ISNUMBER(AT33),AT33>$AT$6), AND(ISNUMBER($AU$6),ISNUMBER(AU33),AU33>$AU$6), AND(ISNUMBER($AV$6),ISNUMBER(AV33),AV33>$AV$6), AND(ISNUMBER($AW$6),ISNUMBER(AW33),AW33>$AW$6)),"Error", IF(SUM(AT33:AW33)>$AX$7,"Error", SUM(AT33:AW33)))))) | BC33: =IF(OR(F33="",COUNTA(AY33:BB33)=0),"", IF(COUNTA(AY33:BB33,$AY$6:$BB$6)=0,"", IF(OR( AND($AY$6="",AY33<>""),AND(ISTEXT($AY$6),$AY$6<>""),AND(ISTEXT(AY33),AY33<>""), AND($AZ$6="",AZ33<>""),AND(ISTEXT($AZ$6),$AZ$6<>""),AND(ISTEXT(AZ33),AZ33<>""), AND($BA$6="",BA33<>""),AND(ISTEXT($BA$6),$BA$6<>""),AND(ISTEXT(BA33),BA33<>""), AND($BB$6="",BB33<>""),AND(ISTEXT($BB$6),$BB$6<>""),AND(ISTEXT(BB33),BB33<>"")),"Error", IF(OR( AND(ISNUMBER($AY$6),ISNUMBER(AY33),AY33>$AY$6), AND(ISNUMBER($AZ$6),ISNUMBER(AZ33),AZ33>$AZ$6), AND(ISNUMBER($BA$6),ISNUMBER(BA33),BA33>$BA$6), AND(ISNUMBER($BB$6),ISNUMBER(BB33),BB33>$BB$6)),"Error", IF(SUM(AY33:BB33)>$BC$7,"Error", SUM(AY33:BB33)))))) | BE33: =IF(F33="","", IF(AND(BD33="",$BD$6=""),"", IF($BD$6="","Error", IF(OR(AND(ISTEXT(BD33),BD33<>""),AND(ISTEXT($BD$6),$BD$6<>"")),"Error", IF(AND(ISNUMBER(BD33),ISNUMBER($BD$6),BD33>$BD$6),"Error", IFERROR(IF(BD33="","",(BD33/$BD$6)*100),0))))))
C34: =C33+1 -> 27 | K34: =IF(OR(F34="",COUNTA(G34:J34)=0),"", IF(COUNTA(G34:J34,$G$6:$J$6)=0,"", IF(OR( AND($G$6="",G34<>""),AND(ISTEXT($G$6),$G$6<>""),AND(ISTEXT(G34),G34<>""), AND($H$6="",H34<>""),AND(ISTEXT($H$6),$H$6<>""),AND(ISTEXT(H34),H34<>""), AND($I$6="",I34<>""),AND(ISTEXT($I$6),$I$6<>""),AND(ISTEXT(I34),I34<>""), AND($J$6="",J34<>""),AND(ISTEXT($J$6),$J$6<>""),AND(ISTEXT(J34),J34<>"")),"Error", IF(OR( AND(ISNUMBER($G$6),ISNUMBER(G34),G34>$G$6), AND(ISNUMBER($H$6),ISNUMBER(H34),H34>$H$6), AND(ISNUMBER($I$6),ISNUMBER(I34),I34>$I$6), AND(ISNUMBER($J$6),ISNUMBER(J34),J34>$J$6)),"Error", IF(SUM(G34:J34)>$K$7,"Error", SUM(G34:J34)))))) | P34: =IF(OR(F34="",COUNTA(L34:O34)=0),"", IF(COUNTA(L34:O34,$L$6:$O$6)=0,"", IF(OR( AND($L$6="",L34<>""),AND(ISTEXT($L$6),$L$6<>""),AND(ISTEXT(L34),L34<>""), AND($M$6="",M34<>""),AND(ISTEXT($M$6),$M$6<>""),AND(ISTEXT(M34),M34<>""), AND($N$6="",N34<>""),AND(ISTEXT($N$6),$N$6<>""),AND(ISTEXT(N34),N34<>""), AND($O$6="",O34<>""),AND(ISTEXT($O$6),$O$6<>""),AND(ISTEXT(O34),O34<>"")),"Error", IF(OR( AND(ISNUMBER($L$6),ISNUMBER(L34),L34>$L$6), AND(ISNUMBER($M$6),ISNUMBER(M34),M34>$M$6), AND(ISNUMBER($N$6),ISNUMBER(N34),N34>$N$6), AND(ISNUMBER($O$6),ISNUMBER(O34),O34>$O$6)),"Error", IF(SUM(L34:O34)>$P$7,"Error", SUM(L34:O34)))))) | R34: =IF(F34="","", IF(AND(Q34="",$Q$6=""),"", IF($Q$6="","Error", IF(OR(AND(ISTEXT(Q34),Q34<>""),AND(ISTEXT($Q$6),$Q$6<>"")),"Error", IF(AND(ISNUMBER(Q34),ISNUMBER($Q$6),Q34>$Q$6),"Error", IFERROR(IF(Q34="","",(Q34/$Q$6)*100),0)))))) | X34: =IF(OR(F34="",COUNTA(T34:W34)=0),"", IF(COUNTA(T34:W34,$T$6:$W$6)=0,"", IF(OR( AND($T$6="",T34<>""),AND(ISTEXT($T$6),$T$6<>""),AND(ISTEXT(T34),T34<>""), AND($U$6="",U34<>""),AND(ISTEXT($U$6),$U$6<>""),AND(ISTEXT(U34),U34<>""), AND($V$6="",V34<>""),AND(ISTEXT($V$6),$V$6<>""),AND(ISTEXT(V34),V34<>""), AND($W$6="",W34<>""),AND(ISTEXT($W$6),$W$6<>""),AND(ISTEXT(W34),W34<>"")),"Error", IF(OR( AND(ISNUMBER($T$6),ISNUMBER(T34),T34>$T$6), AND(ISNUMBER($U$6),ISNUMBER(U34),U34>$U$6), AND(ISNUMBER($V$6),ISNUMBER(V34),V34>$V$6), AND(ISNUMBER($W$6),ISNUMBER(W34),W34>$W$6)),"Error", IF(SUM(T34:W34)>$X$7,"Error", SUM(T34:W34)))))) | AC34: =IF(OR(F34="",COUNTA(Y34:AB34)=0),"", IF(COUNTA(Y34:AB34,$Y$6:$AB$6)=0,"", IF(OR( AND($Y$6="",Y34<>""),AND(ISTEXT($Y$6),$Y$6<>""),AND(ISTEXT(Y34),Y34<>""), AND($Z$6="",Z34<>""),AND(ISTEXT($Z$6),$Z$6<>""),AND(ISTEXT(Z34),Z34<>""), AND($AA$6="",AA34<>""),AND(ISTEXT($AA$6),$AA$6<>""),AND(ISTEXT(AA34),AA34<>""), AND($AB$6="",AB34<>""),AND(ISTEXT($AB$6),$AB$6<>""),AND(ISTEXT(AB34),AB34<>"")),"Error", IF(OR( AND(ISNUMBER($Y$6),ISNUMBER(Y34),Y34>$Y$6), AND(ISNUMBER($Z$6),ISNUMBER(Z34),Z34>$Z$6), AND(ISNUMBER($AA$6),ISNUMBER(AA34),AA34>$AA$6), AND(ISNUMBER($AB$6),ISNUMBER(AB34),AB34>$AB$6)),"Error", IF(SUM(Y34:AB34)>$AC$7,"Error", SUM(Y34:AB34)))))) | AE34: =IF(F34="","", IF(AND(AD34="",$AD$6=""),"", IF($AD$6="","Error", IF(OR(AND(ISTEXT(AD34),AD34<>""),AND(ISTEXT($AD$6),$AD$6<>"")),"Error", IF(AND(ISNUMBER(AD34),ISNUMBER($AD$6),AD34>$AD$6),"Error", IFERROR(IF(AD34="","",(AD34/$AD$6)*100),0)))))) | AK34: =IF(OR(F34="",COUNTA(AG34:AJ34)=0),"", IF(COUNTA(AG34:AJ34,$AG$6:$AJ$6)=0,"", IF(OR( AND($AG$6="",AG34<>""),AND(ISTEXT($AG$6),$AG$6<>""),AND(ISTEXT(AG34),AG34<>""), AND($AH$6="",AH34<>""),AND(ISTEXT($AH$6),$AH$6<>""),AND(ISTEXT(AH34),AH34<>""), AND($AI$6="",AI34<>""),AND(ISTEXT($AI$6),$AI$6<>""),AND(ISTEXT(AI34),AI34<>""), AND($AJ$6="",AJ34<>""),AND(ISTEXT($AJ$6),$AJ$6<>""),AND(ISTEXT(AJ34),AJ34<>"")),"Error", IF(OR( AND(ISNUMBER($AG$6),ISNUMBER(AG34),AG34>$AG$6), AND(ISNUMBER($AH$6),ISNUMBER(AH34),AH34>$AH$6), AND(ISNUMBER($AI$6),ISNUMBER(AI34),AI34>$AI$6), AND(ISNUMBER($AJ$6),ISNUMBER(AJ34),AJ34>$AJ$6)),"Error", IF(SUM(AG34:AJ34)>$AK$7,"Error", SUM(AG34:AJ34)))))) | AP34: =IF(OR(F34="",COUNTA(AL34:AO34)=0),"", IF(COUNTA(AL34:AO34,$AL$6:$AO$6)=0,"", IF(OR( AND($AL$6="",AL34<>""),AND(ISTEXT($AL$6),$AL$6<>""),AND(ISTEXT(AL34),AL34<>""), AND($AM$6="",AM34<>""),AND(ISTEXT($AM$6),$AM$6<>""),AND(ISTEXT(AM34),AM34<>""), AND($AN$6="",AN34<>""),AND(ISTEXT($AN$6),$AN$6<>""),AND(ISTEXT(AN34),AN34<>""), AND($AO$6="",AO34<>""),AND(ISTEXT($AO$6),$AO$6<>""),AND(ISTEXT(AO34),AO34<>"")),"Error", IF(OR( AND(ISNUMBER($AL$6),ISNUMBER(AL34),AL34>$AL$6), AND(ISNUMBER($AM$6),ISNUMBER(AM34),AM34>$AM$6), AND(ISNUMBER($AN$6),ISNUMBER(AN34),AN34>$AN$6), AND(ISNUMBER($AO$6),ISNUMBER(AO34),AO34>$AO$6)),"Error", IF(SUM(AL34:AO34)>$AP$7,"Error", SUM(AL34:AO34)))))) | AR34: =IF(F34="","", IF(AND(AQ34="",$AQ$6=""),"", IF($AQ$6="","Error", IF(OR(AND(ISTEXT(AQ34),AQ34<>""),AND(ISTEXT($AQ$6),$AQ$6<>"")),"Error", IF(AND(ISNUMBER(AQ34),ISNUMBER($AQ$6),AD34>$AQ$6),"Error", IFERROR(IF(AQ34="","",(AQ34/$AQ$6)*100),0)))))) | AX34: =IF(OR(F34="",COUNTA(AT34:AW34)=0),"", IF(COUNTA(AT34:AW34,$AT$6:$AW$6)=0,"", IF(OR( AND($AT$6="",AT34<>""),AND(ISTEXT($AT$6),$AT$6<>""),AND(ISTEXT(AT34),AT34<>""), AND($AU$6="",AU34<>""),AND(ISTEXT($AU$6),$AU$6<>""),AND(ISTEXT(AU34),AU34<>""), AND($AV$6="",AV34<>""),AND(ISTEXT($AV$6),$AV$6<>""),AND(ISTEXT(AV34),AV34<>""), AND($AW$6="",AW34<>""),AND(ISTEXT($AW$6),$AW$6<>""),AND(ISTEXT(AW34),AW34<>"")),"Error", IF(OR( AND(ISNUMBER($AT$6),ISNUMBER(AT34),AT34>$AT$6), AND(ISNUMBER($AU$6),ISNUMBER(AU34),AU34>$AU$6), AND(ISNUMBER($AV$6),ISNUMBER(AV34),AV34>$AV$6), AND(ISNUMBER($AW$6),ISNUMBER(AW34),AW34>$AW$6)),"Error", IF(SUM(AT34:AW34)>$AX$7,"Error", SUM(AT34:AW34)))))) | BC34: =IF(OR(F34="",COUNTA(AY34:BB34)=0),"", IF(COUNTA(AY34:BB34,$AY$6:$BB$6)=0,"", IF(OR( AND($AY$6="",AY34<>""),AND(ISTEXT($AY$6),$AY$6<>""),AND(ISTEXT(AY34),AY34<>""), AND($AZ$6="",AZ34<>""),AND(ISTEXT($AZ$6),$AZ$6<>""),AND(ISTEXT(AZ34),AZ34<>""), AND($BA$6="",BA34<>""),AND(ISTEXT($BA$6),$BA$6<>""),AND(ISTEXT(BA34),BA34<>""), AND($BB$6="",BB34<>""),AND(ISTEXT($BB$6),$BB$6<>""),AND(ISTEXT(BB34),BB34<>"")),"Error", IF(OR( AND(ISNUMBER($AY$6),ISNUMBER(AY34),AY34>$AY$6), AND(ISNUMBER($AZ$6),ISNUMBER(AZ34),AZ34>$AZ$6), AND(ISNUMBER($BA$6),ISNUMBER(BA34),BA34>$BA$6), AND(ISNUMBER($BB$6),ISNUMBER(BB34),BB34>$BB$6)),"Error", IF(SUM(AY34:BB34)>$BC$7,"Error", SUM(AY34:BB34)))))) | BE34: =IF(F34="","", IF(AND(BD34="",$BD$6=""),"", IF($BD$6="","Error", IF(OR(AND(ISTEXT(BD34),BD34<>""),AND(ISTEXT($BD$6),$BD$6<>"")),"Error", IF(AND(ISNUMBER(BD34),ISNUMBER($BD$6),BD34>$BD$6),"Error", IFERROR(IF(BD34="","",(BD34/$BD$6)*100),0))))))
C35: =C34+1 -> 28 | K35: =IF(OR(F35="",COUNTA(G35:J35)=0),"", IF(COUNTA(G35:J35,$G$6:$J$6)=0,"", IF(OR( AND($G$6="",G35<>""),AND(ISTEXT($G$6),$G$6<>""),AND(ISTEXT(G35),G35<>""), AND($H$6="",H35<>""),AND(ISTEXT($H$6),$H$6<>""),AND(ISTEXT(H35),H35<>""), AND($I$6="",I35<>""),AND(ISTEXT($I$6),$I$6<>""),AND(ISTEXT(I35),I35<>""), AND($J$6="",J35<>""),AND(ISTEXT($J$6),$J$6<>""),AND(ISTEXT(J35),J35<>"")),"Error", IF(OR( AND(ISNUMBER($G$6),ISNUMBER(G35),G35>$G$6), AND(ISNUMBER($H$6),ISNUMBER(H35),H35>$H$6), AND(ISNUMBER($I$6),ISNUMBER(I35),I35>$I$6), AND(ISNUMBER($J$6),ISNUMBER(J35),J35>$J$6)),"Error", IF(SUM(G35:J35)>$K$7,"Error", SUM(G35:J35)))))) | P35: =IF(OR(F35="",COUNTA(L35:O35)=0),"", IF(COUNTA(L35:O35,$L$6:$O$6)=0,"", IF(OR( AND($L$6="",L35<>""),AND(ISTEXT($L$6),$L$6<>""),AND(ISTEXT(L35),L35<>""), AND($M$6="",M35<>""),AND(ISTEXT($M$6),$M$6<>""),AND(ISTEXT(M35),M35<>""), AND($N$6="",N35<>""),AND(ISTEXT($N$6),$N$6<>""),AND(ISTEXT(N35),N35<>""), AND($O$6="",O35<>""),AND(ISTEXT($O$6),$O$6<>""),AND(ISTEXT(O35),O35<>"")),"Error", IF(OR( AND(ISNUMBER($L$6),ISNUMBER(L35),L35>$L$6), AND(ISNUMBER($M$6),ISNUMBER(M35),M35>$M$6), AND(ISNUMBER($N$6),ISNUMBER(N35),N35>$N$6), AND(ISNUMBER($O$6),ISNUMBER(O35),O35>$O$6)),"Error", IF(SUM(L35:O35)>$P$7,"Error", SUM(L35:O35)))))) | R35: =IF(F35="","", IF(AND(Q35="",$Q$6=""),"", IF($Q$6="","Error", IF(OR(AND(ISTEXT(Q35),Q35<>""),AND(ISTEXT($Q$6),$Q$6<>"")),"Error", IF(AND(ISNUMBER(Q35),ISNUMBER($Q$6),Q35>$Q$6),"Error", IFERROR(IF(Q35="","",(Q35/$Q$6)*100),0)))))) | X35: =IF(OR(F35="",COUNTA(T35:W35)=0),"", IF(COUNTA(T35:W35,$T$6:$W$6)=0,"", IF(OR( AND($T$6="",T35<>""),AND(ISTEXT($T$6),$T$6<>""),AND(ISTEXT(T35),T35<>""), AND($U$6="",U35<>""),AND(ISTEXT($U$6),$U$6<>""),AND(ISTEXT(U35),U35<>""), AND($V$6="",V35<>""),AND(ISTEXT($V$6),$V$6<>""),AND(ISTEXT(V35),V35<>""), AND($W$6="",W35<>""),AND(ISTEXT($W$6),$W$6<>""),AND(ISTEXT(W35),W35<>"")),"Error", IF(OR( AND(ISNUMBER($T$6),ISNUMBER(T35),T35>$T$6), AND(ISNUMBER($U$6),ISNUMBER(U35),U35>$U$6), AND(ISNUMBER($V$6),ISNUMBER(V35),V35>$V$6), AND(ISNUMBER($W$6),ISNUMBER(W35),W35>$W$6)),"Error", IF(SUM(T35:W35)>$X$7,"Error", SUM(T35:W35)))))) | AC35: =IF(OR(F35="",COUNTA(Y35:AB35)=0),"", IF(COUNTA(Y35:AB35,$Y$6:$AB$6)=0,"", IF(OR( AND($Y$6="",Y35<>""),AND(ISTEXT($Y$6),$Y$6<>""),AND(ISTEXT(Y35),Y35<>""), AND($Z$6="",Z35<>""),AND(ISTEXT($Z$6),$Z$6<>""),AND(ISTEXT(Z35),Z35<>""), AND($AA$6="",AA35<>""),AND(ISTEXT($AA$6),$AA$6<>""),AND(ISTEXT(AA35),AA35<>""), AND($AB$6="",AB35<>""),AND(ISTEXT($AB$6),$AB$6<>""),AND(ISTEXT(AB35),AB35<>"")),"Error", IF(OR( AND(ISNUMBER($Y$6),ISNUMBER(Y35),Y35>$Y$6), AND(ISNUMBER($Z$6),ISNUMBER(Z35),Z35>$Z$6), AND(ISNUMBER($AA$6),ISNUMBER(AA35),AA35>$AA$6), AND(ISNUMBER($AB$6),ISNUMBER(AB35),AB35>$AB$6)),"Error", IF(SUM(Y35:AB35)>$AC$7,"Error", SUM(Y35:AB35)))))) | AE35: =IF(F35="","", IF(AND(AD35="",$AD$6=""),"", IF($AD$6="","Error", IF(OR(AND(ISTEXT(AD35),AD35<>""),AND(ISTEXT($AD$6),$AD$6<>"")),"Error", IF(AND(ISNUMBER(AD35),ISNUMBER($AD$6),AD35>$AD$6),"Error", IFERROR(IF(AD35="","",(AD35/$AD$6)*100),0)))))) | AK35: =IF(OR(F35="",COUNTA(AG35:AJ35)=0),"", IF(COUNTA(AG35:AJ35,$AG$6:$AJ$6)=0,"", IF(OR( AND($AG$6="",AG35<>""),AND(ISTEXT($AG$6),$AG$6<>""),AND(ISTEXT(AG35),AG35<>""), AND($AH$6="",AH35<>""),AND(ISTEXT($AH$6),$AH$6<>""),AND(ISTEXT(AH35),AH35<>""), AND($AI$6="",AI35<>""),AND(ISTEXT($AI$6),$AI$6<>""),AND(ISTEXT(AI35),AI35<>""), AND($AJ$6="",AJ35<>""),AND(ISTEXT($AJ$6),$AJ$6<>""),AND(ISTEXT(AJ35),AJ35<>"")),"Error", IF(OR( AND(ISNUMBER($AG$6),ISNUMBER(AG35),AG35>$AG$6), AND(ISNUMBER($AH$6),ISNUMBER(AH35),AH35>$AH$6), AND(ISNUMBER($AI$6),ISNUMBER(AI35),AI35>$AI$6), AND(ISNUMBER($AJ$6),ISNUMBER(AJ35),AJ35>$AJ$6)),"Error", IF(SUM(AG35:AJ35)>$AK$7,"Error", SUM(AG35:AJ35)))))) | AP35: =IF(OR(F35="",COUNTA(AL35:AO35)=0),"", IF(COUNTA(AL35:AO35,$AL$6:$AO$6)=0,"", IF(OR( AND($AL$6="",AL35<>""),AND(ISTEXT($AL$6),$AL$6<>""),AND(ISTEXT(AL35),AL35<>""), AND($AM$6="",AM35<>""),AND(ISTEXT($AM$6),$AM$6<>""),AND(ISTEXT(AM35),AM35<>""), AND($AN$6="",AN35<>""),AND(ISTEXT($AN$6),$AN$6<>""),AND(ISTEXT(AN35),AN35<>""), AND($AO$6="",AO35<>""),AND(ISTEXT($AO$6),$AO$6<>""),AND(ISTEXT(AO35),AO35<>"")),"Error", IF(OR( AND(ISNUMBER($AL$6),ISNUMBER(AL35),AL35>$AL$6), AND(ISNUMBER($AM$6),ISNUMBER(AM35),AM35>$AM$6), AND(ISNUMBER($AN$6),ISNUMBER(AN35),AN35>$AN$6), AND(ISNUMBER($AO$6),ISNUMBER(AO35),AO35>$AO$6)),"Error", IF(SUM(AL35:AO35)>$AP$7,"Error", SUM(AL35:AO35)))))) | AR35: =IF(F35="","", IF(AND(AQ35="",$AQ$6=""),"", IF($AQ$6="","Error", IF(OR(AND(ISTEXT(AQ35),AQ35<>""),AND(ISTEXT($AQ$6),$AQ$6<>"")),"Error", IF(AND(ISNUMBER(AQ35),ISNUMBER($AQ$6),AD35>$AQ$6),"Error", IFERROR(IF(AQ35="","",(AQ35/$AQ$6)*100),0)))))) | AX35: =IF(OR(F35="",COUNTA(AT35:AW35)=0),"", IF(COUNTA(AT35:AW35,$AT$6:$AW$6)=0,"", IF(OR( AND($AT$6="",AT35<>""),AND(ISTEXT($AT$6),$AT$6<>""),AND(ISTEXT(AT35),AT35<>""), AND($AU$6="",AU35<>""),AND(ISTEXT($AU$6),$AU$6<>""),AND(ISTEXT(AU35),AU35<>""), AND($AV$6="",AV35<>""),AND(ISTEXT($AV$6),$AV$6<>""),AND(ISTEXT(AV35),AV35<>""), AND($AW$6="",AW35<>""),AND(ISTEXT($AW$6),$AW$6<>""),AND(ISTEXT(AW35),AW35<>"")),"Error", IF(OR( AND(ISNUMBER($AT$6),ISNUMBER(AT35),AT35>$AT$6), AND(ISNUMBER($AU$6),ISNUMBER(AU35),AU35>$AU$6), AND(ISNUMBER($AV$6),ISNUMBER(AV35),AV35>$AV$6), AND(ISNUMBER($AW$6),ISNUMBER(AW35),AW35>$AW$6)),"Error", IF(SUM(AT35:AW35)>$AX$7,"Error", SUM(AT35:AW35)))))) | BC35: =IF(OR(F35="",COUNTA(AY35:BB35)=0),"", IF(COUNTA(AY35:BB35,$AY$6:$BB$6)=0,"", IF(OR( AND($AY$6="",AY35<>""),AND(ISTEXT($AY$6),$AY$6<>""),AND(ISTEXT(AY35),AY35<>""), AND($AZ$6="",AZ35<>""),AND(ISTEXT($AZ$6),$AZ$6<>""),AND(ISTEXT(AZ35),AZ35<>""), AND($BA$6="",BA35<>""),AND(ISTEXT($BA$6),$BA$6<>""),AND(ISTEXT(BA35),BA35<>""), AND($BB$6="",BB35<>""),AND(ISTEXT($BB$6),$BB$6<>""),AND(ISTEXT(BB35),BB35<>"")),"Error", IF(OR( AND(ISNUMBER($AY$6),ISNUMBER(AY35),AY35>$AY$6), AND(ISNUMBER($AZ$6),ISNUMBER(AZ35),AZ35>$AZ$6), AND(ISNUMBER($BA$6),ISNUMBER(BA35),BA35>$BA$6), AND(ISNUMBER($BB$6),ISNUMBER(BB35),BB35>$BB$6)),"Error", IF(SUM(AY35:BB35)>$BC$7,"Error", SUM(AY35:BB35)))))) | BE35: =IF(F35="","", IF(AND(BD35="",$BD$6=""),"", IF($BD$6="","Error", IF(OR(AND(ISTEXT(BD35),BD35<>""),AND(ISTEXT($BD$6),$BD$6<>"")),"Error", IF(AND(ISNUMBER(BD35),ISNUMBER($BD$6),BD35>$BD$6),"Error", IFERROR(IF(BD35="","",(BD35/$BD$6)*100),0))))))
C36: =C35+1 -> 29 | K36: =IF(OR(F36="",COUNTA(G36:J36)=0),"", IF(COUNTA(G36:J36,$G$6:$J$6)=0,"", IF(OR( AND($G$6="",G36<>""),AND(ISTEXT($G$6),$G$6<>""),AND(ISTEXT(G36),G36<>""), AND($H$6="",H36<>""),AND(ISTEXT($H$6),$H$6<>""),AND(ISTEXT(H36),H36<>""), AND($I$6="",I36<>""),AND(ISTEXT($I$6),$I$6<>""),AND(ISTEXT(I36),I36<>""), AND($J$6="",J36<>""),AND(ISTEXT($J$6),$J$6<>""),AND(ISTEXT(J36),J36<>"")),"Error", IF(OR( AND(ISNUMBER($G$6),ISNUMBER(G36),G36>$G$6), AND(ISNUMBER($H$6),ISNUMBER(H36),H36>$H$6), AND(ISNUMBER($I$6),ISNUMBER(I36),I36>$I$6), AND(ISNUMBER($J$6),ISNUMBER(J36),J36>$J$6)),"Error", IF(SUM(G36:J36)>$K$7,"Error", SUM(G36:J36)))))) | P36: =IF(OR(F36="",COUNTA(L36:O36)=0),"", IF(COUNTA(L36:O36,$L$6:$O$6)=0,"", IF(OR( AND($L$6="",L36<>""),AND(ISTEXT($L$6),$L$6<>""),AND(ISTEXT(L36),L36<>""), AND($M$6="",M36<>""),AND(ISTEXT($M$6),$M$6<>""),AND(ISTEXT(M36),M36<>""), AND($N$6="",N36<>""),AND(ISTEXT($N$6),$N$6<>""),AND(ISTEXT(N36),N36<>""), AND($O$6="",O36<>""),AND(ISTEXT($O$6),$O$6<>""),AND(ISTEXT(O36),O36<>"")),"Error", IF(OR( AND(ISNUMBER($L$6),ISNUMBER(L36),L36>$L$6), AND(ISNUMBER($M$6),ISNUMBER(M36),M36>$M$6), AND(ISNUMBER($N$6),ISNUMBER(N36),N36>$N$6), AND(ISNUMBER($O$6),ISNUMBER(O36),O36>$O$6)),"Error", IF(SUM(L36:O36)>$P$7,"Error", SUM(L36:O36)))))) | R36: =IF(F36="","", IF(AND(Q36="",$Q$6=""),"", IF($Q$6="","Error", IF(OR(AND(ISTEXT(Q36),Q36<>""),AND(ISTEXT($Q$6),$Q$6<>"")),"Error", IF(AND(ISNUMBER(Q36),ISNUMBER($Q$6),Q36>$Q$6),"Error", IFERROR(IF(Q36="","",(Q36/$Q$6)*100),0)))))) | X36: =IF(OR(F36="",COUNTA(T36:W36)=0),"", IF(COUNTA(T36:W36,$T$6:$W$6)=0,"", IF(OR( AND($T$6="",T36<>""),AND(ISTEXT($T$6),$T$6<>""),AND(ISTEXT(T36),T36<>""), AND($U$6="",U36<>""),AND(ISTEXT($U$6),$U$6<>""),AND(ISTEXT(U36),U36<>""), AND($V$6="",V36<>""),AND(ISTEXT($V$6),$V$6<>""),AND(ISTEXT(V36),V36<>""), AND($W$6="",W36<>""),AND(ISTEXT($W$6),$W$6<>""),AND(ISTEXT(W36),W36<>"")),"Error", IF(OR( AND(ISNUMBER($T$6),ISNUMBER(T36),T36>$T$6), AND(ISNUMBER($U$6),ISNUMBER(U36),U36>$U$6), AND(ISNUMBER($V$6),ISNUMBER(V36),V36>$V$6), AND(ISNUMBER($W$6),ISNUMBER(W36),W36>$W$6)),"Error", IF(SUM(T36:W36)>$X$7,"Error", SUM(T36:W36)))))) | AC36: =IF(OR(F36="",COUNTA(Y36:AB36)=0),"", IF(COUNTA(Y36:AB36,$Y$6:$AB$6)=0,"", IF(OR( AND($Y$6="",Y36<>""),AND(ISTEXT($Y$6),$Y$6<>""),AND(ISTEXT(Y36),Y36<>""), AND($Z$6="",Z36<>""),AND(ISTEXT($Z$6),$Z$6<>""),AND(ISTEXT(Z36),Z36<>""), AND($AA$6="",AA36<>""),AND(ISTEXT($AA$6),$AA$6<>""),AND(ISTEXT(AA36),AA36<>""), AND($AB$6="",AB36<>""),AND(ISTEXT($AB$6),$AB$6<>""),AND(ISTEXT(AB36),AB36<>"")),"Error", IF(OR( AND(ISNUMBER($Y$6),ISNUMBER(Y36),Y36>$Y$6), AND(ISNUMBER($Z$6),ISNUMBER(Z36),Z36>$Z$6), AND(ISNUMBER($AA$6),ISNUMBER(AA36),AA36>$AA$6), AND(ISNUMBER($AB$6),ISNUMBER(AB36),AB36>$AB$6)),"Error", IF(SUM(Y36:AB36)>$AC$7,"Error", SUM(Y36:AB36)))))) | AE36: =IF(F36="","", IF(AND(AD36="",$AD$6=""),"", IF($AD$6="","Error", IF(OR(AND(ISTEXT(AD36),AD36<>""),AND(ISTEXT($AD$6),$AD$6<>"")),"Error", IF(AND(ISNUMBER(AD36),ISNUMBER($AD$6),AD36>$AD$6),"Error", IFERROR(IF(AD36="","",(AD36/$AD$6)*100),0)))))) | AK36: =IF(OR(F36="",COUNTA(AG36:AJ36)=0),"", IF(COUNTA(AG36:AJ36,$AG$6:$AJ$6)=0,"", IF(OR( AND($AG$6="",AG36<>""),AND(ISTEXT($AG$6),$AG$6<>""),AND(ISTEXT(AG36),AG36<>""), AND($AH$6="",AH36<>""),AND(ISTEXT($AH$6),$AH$6<>""),AND(ISTEXT(AH36),AH36<>""), AND($AI$6="",AI36<>""),AND(ISTEXT($AI$6),$AI$6<>""),AND(ISTEXT(AI36),AI36<>""), AND($AJ$6="",AJ36<>""),AND(ISTEXT($AJ$6),$AJ$6<>""),AND(ISTEXT(AJ36),AJ36<>"")),"Error", IF(OR( AND(ISNUMBER($AG$6),ISNUMBER(AG36),AG36>$AG$6), AND(ISNUMBER($AH$6),ISNUMBER(AH36),AH36>$AH$6), AND(ISNUMBER($AI$6),ISNUMBER(AI36),AI36>$AI$6), AND(ISNUMBER($AJ$6),ISNUMBER(AJ36),AJ36>$AJ$6)),"Error", IF(SUM(AG36:AJ36)>$AK$7,"Error", SUM(AG36:AJ36)))))) | AP36: =IF(OR(F36="",COUNTA(AL36:AO36)=0),"", IF(COUNTA(AL36:AO36,$AL$6:$AO$6)=0,"", IF(OR( AND($AL$6="",AL36<>""),AND(ISTEXT($AL$6),$AL$6<>""),AND(ISTEXT(AL36),AL36<>""), AND($AM$6="",AM36<>""),AND(ISTEXT($AM$6),$AM$6<>""),AND(ISTEXT(AM36),AM36<>""), AND($AN$6="",AN36<>""),AND(ISTEXT($AN$6),$AN$6<>""),AND(ISTEXT(AN36),AN36<>""), AND($AO$6="",AO36<>""),AND(ISTEXT($AO$6),$AO$6<>""),AND(ISTEXT(AO36),AO36<>"")),"Error", IF(OR( AND(ISNUMBER($AL$6),ISNUMBER(AL36),AL36>$AL$6), AND(ISNUMBER($AM$6),ISNUMBER(AM36),AM36>$AM$6), AND(ISNUMBER($AN$6),ISNUMBER(AN36),AN36>$AN$6), AND(ISNUMBER($AO$6),ISNUMBER(AO36),AO36>$AO$6)),"Error", IF(SUM(AL36:AO36)>$AP$7,"Error", SUM(AL36:AO36)))))) | AR36: =IF(F36="","", IF(AND(AQ36="",$AQ$6=""),"", IF($AQ$6="","Error", IF(OR(AND(ISTEXT(AQ36),AQ36<>""),AND(ISTEXT($AQ$6),$AQ$6<>"")),"Error", IF(AND(ISNUMBER(AQ36),ISNUMBER($AQ$6),AD36>$AQ$6),"Error", IFERROR(IF(AQ36="","",(AQ36/$AQ$6)*100),0)))))) | AX36: =IF(OR(F36="",COUNTA(AT36:AW36)=0),"", IF(COUNTA(AT36:AW36,$AT$6:$AW$6)=0,"", IF(OR( AND($AT$6="",AT36<>""),AND(ISTEXT($AT$6),$AT$6<>""),AND(ISTEXT(AT36),AT36<>""), AND($AU$6="",AU36<>""),AND(ISTEXT($AU$6),$AU$6<>""),AND(ISTEXT(AU36),AU36<>""), AND($AV$6="",AV36<>""),AND(ISTEXT($AV$6),$AV$6<>""),AND(ISTEXT(AV36),AV36<>""), AND($AW$6="",AW36<>""),AND(ISTEXT($AW$6),$AW$6<>""),AND(ISTEXT(AW36),AW36<>"")),"Error", IF(OR( AND(ISNUMBER($AT$6),ISNUMBER(AT36),AT36>$AT$6), AND(ISNUMBER($AU$6),ISNUMBER(AU36),AU36>$AU$6), AND(ISNUMBER($AV$6),ISNUMBER(AV36),AV36>$AV$6), AND(ISNUMBER($AW$6),ISNUMBER(AW36),AW36>$AW$6)),"Error", IF(SUM(AT36:AW36)>$AX$7,"Error", SUM(AT36:AW36)))))) | BC36: =IF(OR(F36="",COUNTA(AY36:BB36)=0),"", IF(COUNTA(AY36:BB36,$AY$6:$BB$6)=0,"", IF(OR( AND($AY$6="",AY36<>""),AND(ISTEXT($AY$6),$AY$6<>""),AND(ISTEXT(AY36),AY36<>""), AND($AZ$6="",AZ36<>""),AND(ISTEXT($AZ$6),$AZ$6<>""),AND(ISTEXT(AZ36),AZ36<>""), AND($BA$6="",BA36<>""),AND(ISTEXT($BA$6),$BA$6<>""),AND(ISTEXT(BA36),BA36<>""), AND($BB$6="",BB36<>""),AND(ISTEXT($BB$6),$BB$6<>""),AND(ISTEXT(BB36),BB36<>"")),"Error", IF(OR( AND(ISNUMBER($AY$6),ISNUMBER(AY36),AY36>$AY$6), AND(ISNUMBER($AZ$6),ISNUMBER(AZ36),AZ36>$AZ$6), AND(ISNUMBER($BA$6),ISNUMBER(BA36),BA36>$BA$6), AND(ISNUMBER($BB$6),ISNUMBER(BB36),BB36>$BB$6)),"Error", IF(SUM(AY36:BB36)>$BC$7,"Error", SUM(AY36:BB36)))))) | BE36: =IF(F36="","", IF(AND(BD36="",$BD$6=""),"", IF($BD$6="","Error", IF(OR(AND(ISTEXT(BD36),BD36<>""),AND(ISTEXT($BD$6),$BD$6<>"")),"Error", IF(AND(ISNUMBER(BD36),ISNUMBER($BD$6),BD36>$BD$6),"Error", IFERROR(IF(BD36="","",(BD36/$BD$6)*100),0))))))
